sensor_name,ID_MUEST_PT,ALTURA,ESTACIONAL,FECHA_FIN,FECHA_INI,HORA_FIN,HORA_INI,MICROFONO,NUM_GRAB,REF_GRAB,RES_BITS,TASA_GRAB,TASA_MUEST,ANTROPOFON,BIOFONIA,GEOFONIA,ACI_Q25,ACI_Q50,ACI_Q75,ADI_Q25,ADI_Q50,ADI_Q75,AEI_Q25,AEI_Q50,AEI_Q75,ASU,BIO_Q25,BIO_Q50,BIO_Q75,HF_Q25,HF_Q50,HF_Q75,HT_Q25,HT_Q50,HT_Q75,NDSI_Q25,NDSI_Q50,NDSI_Q75,NP_Q25,NP_Q50,NP_Q75,SC_Q25,SC_Q50,SC_Q75
G001,ANH_64,1.5,Húmedo,2021-11-29,2021-11-09,13:00:00,14:00:00,Audiomoth v1.20,959.0,Audiomoth v1.20,16.0,60 segundos cada 1800 segundos,192000.0,0.0,83.333,16.667,307.485498559712,312.8030890954124,322.842451076714,3.033214035354322,3.050135420091484,3.0665830368503393,0.5800595860839347,0.7076504796556908,0.7875676403164411,0.4684244791666667,10.227410120791653,34.394063428400464,56.01389158740925,0.6368569714534758,0.7736700531950088,0.8319065187260252,0.9054222168804632,0.9508479713741944,0.9755042240483836,0.5423221764054671,0.942804392776513,0.9905861811353224,4.0,14.0,43.0,0.00032646404044475003,0.0164202234639801,0.07742748084263555
G002,ANH_166,1.5,Húmedo,2021-11-29,2021-11-11,09:00:00,12:30:00,Audiomoth v1.20,858.0,Audiomoth v1.20,16.0,60 segundos cada 1800 segundos,192000.0,0.0,100.0,0.0,303.10220430175696,307.33866946833973,313.14523868831606,3.043365598006206,3.059702914877752,3.073446647634852,0.6826310272247685,0.7291457282447578,0.7829615973994546,0.6207682291666666,48.515313660373586,61.76495750509286,81.78813438449387,0.6935262371922413,0.744851221022781,0.8034272419306985,0.9865570901933871,0.992738636008555,0.9943756962852504,0.8264810455745856,0.9176324378060285,0.9606161434162845,20.0,30.0,49.0,0.1000826430388863,0.1324644232861949,0.18081125658500252
G003,ANH_215,1.5,Húmedo,2021-11-30,2021-11-10,10:30:00,11:00:00,Audiomoth v1.20,960.0,Audiomoth v1.20,16.0,60 segundos cada 1800 segundos,192000.0,33.333,100.0,16.667,310.11962947450127,317.3970809768522,329.40149313615336,3.032731210519772,3.044299140639027,3.0549506560661555,0.6301397538054812,0.682130075469568,0.7313102871144516,0.4095052083333333,23.778316408463596,41.38629908244849,84.10529149093128,0.6611041670403984,0.7125514614375505,0.7729399680678781,0.9422312866540614,0.9690175113463655,0.9804407891866952,0.6460637277554376,0.8542024937973098,0.9266824947068346,7.0,30.0,52.0,0.002305351825095675,0.03822775914558195,0.10793635393421945
G004,ANH_229,1.5,Húmedo,2021-11-28,2021-11-08,12:00:00,16:00:00,Audiomoth v1.20,953.0,Audiomoth v1.20,16.0,60 segundos cada 1800 segundos,192000.0,83.333,100.0,0.0,303.86529910968824,307.2747882883797,314.41556319353003,3.0420645565442985,3.058283714944715,3.07009236694168,0.6345079583839267,0.7136775561130845,0.7850998885930475,0.4283854166666667,19.71434067147052,38.388120018046536,77.34774416307056,0.6890723307594396,0.758413510371277,0.8426935549587897,0.9430017278142376,0.9742932739914192,0.9852582743659692,0.4267653944451587,0.7914369270615801,0.9235008536174903,6.0,29.0,49.0,0.0017533784876367,0.0283031649093548,0.1201999515766858
G005,ANH_233,1.5,Húmedo,2021-11-28,2021-11-08,08:30:00,10:00:00,Audiomoth v1.20,958.0,Audiomoth v1.20,16.0,60 segundos cada 1800 segundos,192000.0,16.667,100.0,0.0,303.2716726065783,305.1639348327138,309.4453135931043,3.0459670492732016,3.063201315091243,3.077240169576309,0.649120702262745,0.7038011772850752,0.845831069920264,0.060546875,6.086580917146426,15.951324665570635,29.68044699146299,0.6903626407861108,0.7642586364757231,0.8866924444801064,0.9326520100280323,0.9735856857354253,0.9852887451913359,0.39913082083142537,0.6034759984280347,0.7759852477265686,1.0,5.0,12.0,3.496268170761233e-06,0.0009780810207704,0.003554612145860725
G006,ANH_393,1.5,Húmedo,2021-11-30,2021-11-10,08:00:00,09:30:00,Audiomoth v1.20,958.0,Audiomoth v1.20,16.0,60 segundos cada 1800 segundos,192000.0,50.0,100.0,33.333,305.89168874163636,310.02135482860086,316.15632000279606,3.0384038469209007,3.0555526406083895,3.072193248447854,0.5895791684691967,0.6462611328264758,0.751356572331165,0.2600911458333333,11.927466827305244,29.983724179587185,67.2914920182772,0.6110660070504116,0.7132874325846956,0.8532817811060927,0.9070692176831163,0.9669524094404962,0.9815002253846132,0.5853745051362755,0.8906332330037396,0.9511924095851978,4.0,20.0,33.0,0.000706027653733025,0.03231906593699545,0.06606002043568743
G007,ANH_38,1.5,Húmedo,2021-12-01,2021-11-09,09:30:00,11:00:00,Audiomoth v1.20,1054.0,Audiomoth v1.20,16.0,60 segundos cada 1800 segundos,192000.0,66.667,100.0,16.667,306.6182058297577,311.3756051355255,318.1889784418447,3.043344319116641,3.0561694945920563,3.070798577127884,0.6257859790590676,0.6816529019686575,0.7763990855632353,0.5771484375,21.362164984746453,43.47350900923236,68.6864154233959,0.6457872719380352,0.7105719746619474,0.8337283962373596,0.9399233102860933,0.976853221401099,0.9868417898513009,0.6986790993521802,0.8627287812525561,0.929823889976811,12.0,19.0,26.0,0.003691840671563125,0.05343477755430795,0.09704875633370827
G008,ANH_211,1.5,Húmedo,2021-11-27,2021-11-08,16:00:00,11:00:00,Audiomoth v1.20,923.0,Audiomoth v1.20,16.0,60 segundos cada 1800 segundos,192000.0,33.333,100.0,16.667,304.44116823540793,307.75522230014326,313.5941334992866,3.069253293188984,3.0818658144642708,3.08791215397139,0.732989309533598,0.8106523016976908,0.8395446563953766,0.7848307291666666,33.445999390495565,49.06832163324948,77.2942455804823,0.7589263199143352,0.8410425901879481,0.861594628292996,0.956924333820977,0.9778392837367644,0.9883799948816612,0.893620288791946,0.970689951152167,0.9904716151071593,11.0,28.0,54.0,0.0244620772902523,0.0748612200052968,0.3429878408533691
G010,ANH_99,1.5,Húmedo,2021-11-24,2021-11-04,11:00:00,12:00:00,Audiomoth v1.20,959.0,Audiomoth v1.20,16.0,60 segundos cada 1800 segundos,192000.0,66.667,100.0,0.0,306.71590978495374,311.056723773048,319.34098112685365,3.0292863561782104,3.045152662137789,3.05870168258199,0.5528622032779803,0.6435240766750062,0.7101559877727741,0.1982421875,12.036670978181242,24.768072106920823,42.66173499242042,0.5906558380340762,0.6777940884727192,0.7638950135746753,0.9208729899868697,0.965124240235235,0.9824233782619619,-0.3378906351324022,0.3234769271384207,0.6816491932616806,6.0,15.0,27.0,0.0003644859568018,0.0099626161525841,0.0257360300049734
G011,ANH_290,1.5,Húmedo,2021-11-25,2021-11-05,08:30:00,08:30:00,Audiomoth v1.20,961.0,Audiomoth v1.20,16.0,60 segundos cada 1800 segundos,192000.0,33.333,66.667,50.0,300.30923947138814,303.4664413440206,308.32198543058047,3.012249870396264,3.035710269881162,3.0468301944052207,0.5424416221642803,0.5971726407424679,0.6325301251013579,0.19108072916666666,31.42346737247689,47.44455453644709,65.7185845325194,0.5602612081559042,0.610461316229067,0.6513321875802198,0.9499384645058776,0.9840446380824496,0.9900217256479784,0.3361692898218436,0.8086036948749378,0.9392689246848314,9.0,14.0,19.0,0.0227309875122041,0.0542297415296348,0.0813782638755958
G012,ANH_221,1.5,Húmedo,2021-11-28,2021-11-08,10:00:00,14:30:00,Audiomoth v1.20,952.0,Audiomoth v1.20,16.0,60 segundos cada 1800 segundos,192000.0,100.0,100.0,0.0,299.10185551003616,303.6900816602805,309.86407379763693,3.0556081996027435,3.070490838669696,3.0793766982306994,0.6518082432543986,0.7228356854524012,0.8004023161894642,0.3059895833333333,35.38143209282175,43.78148694817295,54.914082765583466,0.6669146677030534,0.7372317386201352,0.8209606865682438,0.9815059627357273,0.9898818623504959,0.9932245692940695,0.9033114658877008,0.9552138070461769,0.9846376282243455,2.0,3.0,6.0,0.0002814495877462,0.004394372057125451,0.026350936169505998
G013,ANH_194,1.5,Húmedo,2021-11-29,2021-11-09,12:00:00,12:30:00,Audiomoth v1.20,960.0,Audiomoth v1.20,16.0,60 segundos cada 1800 segundos,192000.0,0.0,100.0,0.0,310.047654930333,319.1227297410181,336.2235131143582,3.0333679162668465,3.0463733606737255,3.0601499179556844,0.6412017781752228,0.728159053570884,0.7747333956811445,0.50390625,34.26406340435649,55.43487185475858,84.19068406630147,0.6725566929634057,0.7534707274577357,0.8041085053313071,0.9480592079614341,0.9752908652589589,0.9888155788523538,0.27460698742105427,0.656592833858196,0.8896373438152034,19.0,33.0,48.0,0.013242552730279473,0.054068476160258394,0.10573610867100722
G014,ANH_226,1.5,Húmedo,2021-12-01,2021-11-09,10:00:00,11:30:00,Audiomoth v1.20,1054.0,Audiomoth v1.20,16.0,60 segundos cada 1800 segundos,192000.0,16.667,100.0,0.0,301.8286047594069,303.97651209761113,307.1749586413439,3.058541812806747,3.0737287140098246,3.083368156388072,0.705547427313312,0.7966602176190476,0.8429662371326107,0.388671875,13.60436102949145,26.84261024259322,57.43469932666365,0.7473681678775912,0.8318298449061065,0.8662352814491603,0.947707337496547,0.977831434081393,0.9881107731294271,0.7297396236767797,0.9106593167739033,0.9797998493838656,2.0,10.0,50.0,5.091440523671046e-05,0.012128117250849349,0.10450760744250602
G015,ANH_272,1.5,Húmedo,2021-11-25,2021-11-08,12:00:00,14:30:00,Audiomoth v1.20,812.0,Audiomoth v1.20,16.0,60 segundos cada 1800 segundos,192000.0,16.667,100.0,16.667,303.9159316466295,309.41511743584016,319.9486462127173,3.050877974542644,3.063128666342968,3.0751676610467116,0.572823552819682,0.6559063614400975,0.7269873434975402,0.359375,20.902545500813442,39.178539740020696,54.9444792897918,0.5835062305330367,0.6697444548069369,0.7609565442790258,0.9614565009651067,0.9824605504980327,0.9907940577896525,0.5939984616637013,0.8880277371138177,0.9566985291626156,4.0,10.0,21.0,0.006146876477719525,0.025708933926650003,0.03942850874547775
G016,ANH_232,1.5,Húmedo,2021-11-28,2021-11-08,10:30:00,13:00:00,Audiomoth v1.20,956.0,Audiomoth v1.20,16.0,60 segundos cada 1800 segundos,192000.0,50.0,100.0,16.667,306.7705560693689,312.09375389898116,319.0088384914692,3.0379158716103074,3.0531645141679906,3.0660088247887787,0.6744416544127121,0.7559195396049811,0.8095807300176214,0.23958333333333334,11.413523491410183,20.63172218116845,42.31681463686951,0.7545197406955543,0.8386239712519495,0.8874741522617877,0.8878369763353424,0.9344428065017831,0.9676981505546817,0.0497206535448933,0.4551793375289362,0.678193146691155,3.0,32.0,52.0,0.000408407825697,0.011179754509530349,0.0272134218238807
G017,ANH_390,1.5,Húmedo,2021-11-25,2021-11-05,12:00:00,12:30:00,Audiomoth v1.20,960.0,Audiomoth v1.20,16.0,60 segundos cada 1800 segundos,192000.0,83.333,83.333,16.667,301.182194614541,302.5567754247227,305.8246454094848,3.043153696899467,3.057472868429734,3.0712046703623734,0.6411727451116568,0.7237844914669278,0.8647968135466046,0.080078125,9.290109030530523,27.15500448905852,50.78414206655078,0.659955797800097,0.7717737269346475,0.9215114036500885,0.9481873838833293,0.9771213003534326,0.9868071624745014,0.44978932412307837,0.7082557719686755,0.9213157295051284,1.0,7.0,14.0,1.4640622965062667e-05,0.0021484567909327,0.02331901611517405
G018,ANH_208,1.5,Húmedo,2021-11-27,2021-11-07,09:30:00,15:00:00,Audiomoth v1.20,950.0,Audiomoth v1.20,16.0,60 segundos cada 1800 segundos,192000.0,0.0,83.333,33.333,303.7219266733192,311.6442917007061,323.4415645033125,3.0552312049672774,3.0711637456916576,3.081737614001767,0.6707386754913661,0.7455519614616253,0.7911162923555406,0.5807291666666666,22.982661557764903,38.686595167160036,54.29721302888527,0.721439835965927,0.8022377296810979,0.8289981589012005,0.925674955358141,0.9674278573555911,0.9871105850163305,0.9305884336635485,0.9871910830442722,0.996842187215899,10.0,35.0,58.0,0.0139957800043178,0.06614458642206769,0.33348061363002657
G019,ANH_192,1.5,Húmedo,2021-11-29,2021-11-11,09:00:00,10:00:00,Audiomoth v1.20,863.0,Audiomoth v1.20,16.0,60 segundos cada 1800 segundos,192000.0,16.667,83.333,16.667,303.1711777731695,307.9643777991769,314.6491326841077,3.0396565715358452,3.05166118233184,3.0643114268252463,0.7140120738066122,0.745795517550329,0.7788127505725019,0.5458984375,49.394689016966126,60.57770716003769,83.10517622166606,0.7253127735183469,0.7565255957995952,0.7952334986978022,0.9794817389195284,0.990603667812264,0.9937947907126345,0.8335981779258117,0.9299785288935976,0.9651823423702954,22.0,32.0,44.0,0.09212841443364385,0.1447813390182653,0.2040172995349089
G020,ANH_338,1.5,Húmedo,2021-11-24,2021-11-04,13:30:00,14:30:00,Audiomoth v1.20,959.0,Audiomoth v1.20,16.0,60 segundos cada 1800 segundos,192000.0,33.333,83.333,16.667,308.7690865254258,318.5007610190169,333.16936432723827,3.067692491361571,3.081492865192628,3.087857245243684,0.7147566842704682,0.7909774767723377,0.8312893415814027,0.7815755208333334,16.514530039992792,34.07254984517903,54.802034708317876,0.8263284105357261,0.8499269280684113,0.8676226859687795,0.8912061695769342,0.9503393663520756,0.9790979124446575,0.7195993846662394,0.9189462340011668,0.9809693900258774,13.0,41.0,60.0,0.008562797783715551,0.0507483324985993,0.23726506170476286
G021,ANH_327,1.5,Húmedo,2021-12-01,2021-11-09,11:30:00,13:30:00,Audiomoth v1.20,1053.0,Audiomoth v1.20,16.0,60 segundos cada 1800 segundos,192000.0,0.0,100.0,16.667,305.9021760290507,311.0191569322652,320.3321987678103,3.04399105261185,3.058712639077551,3.073079472331824,0.6390583431020918,0.7002502708167264,0.7893511551322885,0.4449869791666667,23.891875560761807,43.285796044864846,62.0165375235748,0.6575221780298677,0.7295993145550416,0.8270316361609245,0.9555934215288934,0.979533490713672,0.98753809337526,0.6467853515415336,0.8447023254649748,0.9292447728201164,6.0,11.0,19.0,0.0025951050497475,0.0231383027540978,0.0448195357480309
G022,ANH_275,1.5,Húmedo,2021-11-27,2021-11-07,08:00:00,11:00:00,Audiomoth v1.20,955.0,Audiomoth v1.20,16.0,60 segundos cada 1800 segundos,192000.0,33.333,100.0,0.0,304.79767042837545,309.45663319837263,315.73277182926034,3.039908509823704,3.062046696664219,3.0787390454238466,0.6317945487475103,0.7156439014764999,0.7924034039349983,0.33203125,17.48345077517935,31.926975438759623,63.98376428477441,0.6816434864013139,0.7695782312515006,0.8433028571646012,0.8943950757754732,0.9639614664740064,0.9853905892964769,0.06822005854651456,0.5404158383489494,0.7484194761851559,9.0,18.0,30.0,0.0020999460700634,0.0189078182674767,0.05138072000398565
G023,ANH_240,1.5,Húmedo,2021-11-29,2021-11-11,12:00:00,15:30:00,Audiomoth v1.20,858.0,Audiomoth v1.20,16.0,60 segundos cada 1800 segundos,192000.0,33.333,83.333,16.667,304.7917523300075,307.3158603728429,311.126577803535,3.0453600399532155,3.056810933122388,3.06613795789526,0.6998127748245684,0.760416660384455,0.8472009904683252,0.11653645833333333,12.723625831718548,23.067404118770654,53.780443268815475,0.7300392194389732,0.8026018364583358,0.9115456464074487,0.9350458949674194,0.9721767334262301,0.9826767934708118,0.34868549931075665,0.5117823519605473,0.653247241412065,1.0,7.0,13.0,4.239225157047996e-05,0.0031217304429684,0.012866922418683275
G024,ANH_256,1.5,Húmedo,2021-11-25,2021-11-05,11:30:00,14:30:00,Audiomoth v1.20,955.0,Audiomoth v1.20,16.0,60 segundos cada 1800 segundos,192000.0,0.0,100.0,0.0,302.40471174901546,306.5488555144792,316.7813049946893,3.0575002167306913,3.0702682204330696,3.0791572902163558,0.679861473551337,0.7753046958473818,0.8282195604913154,0.529296875,19.105427848069333,41.01264222699357,70.22728133215696,0.7184718441375109,0.8306868748183873,0.867307350986311,0.9371095836642493,0.9699100284984808,0.9852875028241863,0.7598504612291904,0.9516268338095936,0.9827682634306548,6.0,16.0,44.0,0.0036072746851828503,0.0414753552426978,0.14234444010324476
G025,ANH_389,1.5,Húmedo,2021-11-26,2021-11-06,10:00:00,14:00:00,Audiomoth v1.20,953.0,Audiomoth v1.20,16.0,60 segundos cada 1800 segundos,192000.0,0.0,100.0,0.0,304.6244073722588,308.440944252702,314.9947870973218,3.03121819289033,3.043287310206556,3.056075609502274,0.6577886075488081,0.7146618257870365,0.8094676986242003,0.17740885416666666,16.54213039459813,38.07166011310733,66.60600463234132,0.6977995918827581,0.7830185798829004,0.8801465116533109,0.9172484937893036,0.9593379783580444,0.978994615881565,0.419388045789862,0.5714655311463782,0.7020578256351119,4.0,11.0,18.0,0.000519195823358,0.0116128547291834,0.034077251793367
G026,ANH_66,1.5,Húmedo,2021-11-28,2021-11-08,13:00:00,11:30:00,Audiomoth v1.20,964.0,Audiomoth v1.20,16.0,60 segundos cada 1800 segundos,192000.0,50.0,100.0,0.0,306.0361780355123,311.28232539265025,320.8836519503763,3.0602806564005247,3.075971156618256,3.0857527555405437,0.7246281228322523,0.7956218102826558,0.8329882011273038,0.5550130208333334,16.717496548657675,42.97475412668193,71.92469872113901,0.7864271748942169,0.8354887993363335,0.8682728456485237,0.9325868863002323,0.9713718100275833,0.9882357152755719,0.7979654605645559,0.9477049351013427,0.985164646278136,5.0,19.0,47.0,0.000733779282338475,0.050282017731323944,0.2347296117306789
G027,ANH_58,1.5,Húmedo,2021-11-30,2021-11-10,09:30:00,11:00:00,Audiomoth v1.20,958.0,Audiomoth v1.20,16.0,60 segundos cada 1800 segundos,192000.0,33.333,100.0,16.667,306.36852189074716,311.9383938983735,334.9669897810651,3.053134592605404,3.0662785782297663,3.0785306375426655,0.6469741300900749,0.6979913508436304,0.7741980262474482,0.408203125,14.32071036943275,26.00086822972726,50.961709028450215,0.6915035868513312,0.7960056273502301,0.8781861139227951,0.8693141844224999,0.9549807131564192,0.9815650683934068,0.4830920236858206,0.7077015555778047,0.8533649167599571,7.0,28.0,46.0,0.00175097480326935,0.039713673118155504,0.0795300491138271
G028,ANH_248,1.5,Húmedo,2021-11-24,2021-11-04,13:00:00,14:00:00,Audiomoth v1.20,959.0,Audiomoth v1.20,16.0,60 segundos cada 1800 segundos,192000.0,50.0,100.0,0.0,303.2593909663644,306.5342432905011,312.52041675991074,3.0585424610953558,3.078027533728105,3.0868330003630438,0.7077338031786591,0.8038048709103283,0.8420319460783869,0.4518229166666667,16.757174010857984,39.89103781311185,69.70221178788306,0.7736717853574568,0.8426313005519942,0.8780805031367794,0.9410966021284286,0.9739889621832976,0.9871751557627929,0.7516334495914934,0.8935432883056481,0.9604869420934641,3.0,18.0,49.0,0.00042523361626875,0.0249266439234422,0.13386773792323414
G02A,ANH_197,1.5,Húmedo,2021-11-29,2021-11-11,09:30:00,14:00:00,Audiomoth v1.20,856.0,Audiomoth v1.20,16.0,60 segundos cada 1800 segundos,192000.0,66.667,100.0,16.667,307.71611518060075,312.79869409430376,319.3576871848077,3.042593720179726,3.0571094220759916,3.0712694653343204,0.7255252543004393,0.7681260266960963,0.8087865979787092,0.4886067708333333,47.78891935490469,58.696926435222636,73.44170461203139,0.745406482835001,0.789335847272086,0.8348079623882698,0.969167206868598,0.983474145691239,0.9905187013709287,0.7788493243177103,0.8840218546102143,0.9512039353033674,12.0,18.0,30.0,0.013137664685156675,0.0246792829503608,0.03838334307918083
G030,ANH_370,1.5,Húmedo,2021-11-28,2021-11-08,08:30:00,09:30:00,Audiomoth v1.20,959.0,Audiomoth v1.20,16.0,60 segundos cada 1800 segundos,192000.0,16.667,100.0,0.0,306.38972347603925,310.0011371805624,316.4135060112146,3.062150234715957,3.075550516790968,3.083850475948127,0.6342997446127514,0.686597648603222,0.7572869038068393,0.11002604166666667,14.378038812486995,34.12661922847395,44.668013807222195,0.6627900238465867,0.7321198820941346,0.8358180419469831,0.9208920701385602,0.971154197040268,0.9858476505445333,0.23176843086183269,0.3717704457883142,0.5277499990604464,3.0,9.0,21.0,0.00050040338194015,0.0081917563240935,0.016009848987437
G031,ANH_109,1.5,Húmedo,2021-11-29,2021-11-09,11:30:00,11:30:00,Audiomoth v1.20,961.0,Audiomoth v1.20,16.0,60 segundos cada 1800 segundos,192000.0,50.0,100.0,16.667,303.5416165149672,306.7748948130103,312.13541254280454,3.0360828672670737,3.045473943282768,3.05844463375547,0.5704551442368853,0.6476931024731324,0.6952558501760527,0.5071614583333334,39.620152996117646,53.689769535917534,80.1409944472016,0.5882788030201255,0.6636512422493606,0.71151475386277,0.9751754524185116,0.9858870159959732,0.9907935752827316,-0.0397347468996425,0.3040904357049233,0.603906332794128,20.0,30.0,41.0,0.0335257154894294,0.0789833201786243,0.1298671330688406
G032,ANH_182,1.5,Húmedo,2021-12-01,2021-11-07,09:00:00,09:00:00,Audiomoth v1.20,1153.0,Audiomoth v1.20,16.0,60 segundos cada 1800 segundos,192000.0,50.0,100.0,33.333,304.1359288944768,309.3632464249578,320.4732502300933,3.02016306841229,3.036831542910055,3.0520443266414508,0.5036994082350025,0.5746616596655393,0.685024948740446,0.333984375,10.596336793915908,25.248224844565115,62.57179290819201,0.53491802284331,0.6401670565611659,0.8025283749538713,0.8925904418812793,0.9622020080686622,0.9819607350247088,0.2082678576898725,0.5674224594252502,0.8968081221754775,6.0,13.0,25.0,0.0008146304837873,0.022135747856132,0.0654387772850953
G033,ANH_228,1.5,Húmedo,2021-11-29,2021-11-09,14:00:00,15:30:00,Audiomoth v1.20,958.0,Audiomoth v1.20,16.0,60 segundos cada 1800 segundos,192000.0,50.0,100.0,0.0,306.78435152023235,311.0269618492275,317.2610183038422,3.038781833904087,3.049106408148594,3.0644690283668288,0.6292542596604619,0.6795174679234661,0.7533639286779331,0.21484375,17.930505236584622,38.75775382352593,67.11289200830495,0.6460674811852064,0.706947653803963,0.8000472546695726,0.9553674968562388,0.9797197629370411,0.987702914491243,0.25176142872711554,0.4544170212024069,0.6189296939516019,4.0,12.0,22.0,0.000265060830695775,0.0185756727912544,0.04888635118090823
G034,ANH_375,1.5,Húmedo,2021-11-25,2021-11-05,09:30:00,09:30:00,Audiomoth v1.20,961.0,Audiomoth v1.20,16.0,60 segundos cada 1800 segundos,192000.0,0.0,100.0,16.667,305.5554824052137,308.49782787816025,313.1133996926461,3.01828366051435,3.0354635547280653,3.0536000364618183,0.5550404443326392,0.6211672003774722,0.7535705068615042,0.14778645833333334,8.7541092654296,22.47327556207304,58.49988500247088,0.5785826417785631,0.6654152738980524,0.8628803701997305,0.8946576266999934,0.9581995360298764,0.9801475645149254,0.4976917696287211,0.7422640497743416,0.9094954203205444,3.0,11.0,18.0,0.0001547098665561,0.0117902903388495,0.0338298908202856
G035,ANH_282,1.5,Húmedo,2021-11-26,2021-11-06,10:30:00,15:00:00,Audiomoth v1.20,952.0,Audiomoth v1.20,16.0,60 segundos cada 1800 segundos,192000.0,16.667,100.0,16.667,304.2588111116711,308.842388583308,323.3908995889455,3.045946655065373,3.064035664201996,3.0761970131052627,0.5013364275634293,0.5595116349784447,0.6258371703586492,0.4013671875,14.75873691579213,24.63932296865598,45.52061759065835,0.5216484486860274,0.5929668633439555,0.7076221853273582,0.9118061509820323,0.970716045948647,0.9832137087921942,0.6180663459041185,0.940818419871406,0.9844175504445357,3.0,8.0,16.0,0.0029272505259697753,0.01480276240148165,0.031206597108411324
G036,ANH_236,1.5,Húmedo,2021-12-01,2021-11-07,09:30:00,09:30:00,Audiomoth v1.20,1153.0,Audiomoth v1.20,16.0,60 segundos cada 1800 segundos,192000.0,16.667,100.0,0.0,303.0918909531149,305.11490036140805,308.7663578017488,3.041450653637128,3.0530190482078328,3.066122345869001,0.5997424370835839,0.6958665928452934,0.8132198566302161,0.234375,9.082819315413552,29.269166572216907,56.39817519825807,0.6314249152929646,0.7360915366783861,0.8593970251218072,0.9534659762657756,0.9744202907514354,0.98380466034783,0.4375919595635306,0.6459453040955356,0.8332336145611271,2.0,8.0,16.0,4.982182143334758e-05,0.013742082045177,0.0322198593276501
G037,ANH_227,1.5,Húmedo,2021-11-24,2021-11-04,12:30:00,13:30:00,Audiomoth v1.20,959.0,Audiomoth v1.20,16.0,60 segundos cada 1800 segundos,192000.0,50.0,100.0,16.667,307.5187127874408,315.82918042941094,338.81515648729174,3.068004681375858,3.0797861603531267,3.086582785490203,0.7296039082264745,0.767426607748993,0.8029542449634259,0.9124348958333334,17.364462230570616,35.814739806726905,62.8702500217866,0.7771729650394814,0.8054424728035795,0.8331546267547257,0.9318699294282913,0.9619464414131466,0.980363166413876,0.9693025653643341,0.9895133398626624,0.9955735362469059,22.0,34.0,56.0,0.06284061300069829,0.1526986382909541,0.3922716740219408
G038,ANH_239,1.5,Húmedo,2021-11-27,2021-11-07,09:00:00,14:00:00,Audiomoth v1.20,951.0,Audiomoth v1.20,16.0,60 segundos cada 1800 segundos,192000.0,0.0,100.0,0.0,304.850077223963,307.7484412970852,312.50432212308897,3.0138599142827243,3.031805738952115,3.0510409968533336,0.6214765995655733,0.6907450356958788,0.7394992750263587,0.21484375,25.7660595768762,49.12350548160023,88.3549139655843,0.6662938694060441,0.7219632395952605,0.8104239083286497,0.9334621737681943,0.97378708297177,0.9835028467556581,0.6957339559108082,0.8764875096507424,0.9538488940629681,5.0,19.0,40.0,0.0020916424331579,0.0448422614911408,0.12827633105114425
G039,ANH_212,1.5,Húmedo,2021-11-27,2021-11-08,09:30:00,09:30:00,Audiomoth v1.20,913.0,Audiomoth v1.20,16.0,60 segundos cada 1800 segundos,192000.0,0.0,100.0,16.667,304.23036679317266,309.2396629124291,316.1892122361893,3.056636400204266,3.0676928418535,3.0772732811625394,0.7115895856864074,0.7833421259905002,0.8401731915308512,0.3404947916666667,13.989442016482602,35.74464055271573,53.99059100592149,0.7415459038573614,0.8276640772173194,0.8785512989912444,0.9470254343116854,0.9730162729805222,0.9837976394362468,0.6495832033561568,0.8169671735962102,0.9212416642741758,2.0,7.0,24.0,4.1955218049134806e-05,0.007064209839023,0.0356715500792341
G040,ANH_351,1.5,Húmedo,2021-11-28,2021-11-08,08:00:00,09:00:00,Audiomoth v1.20,959.0,Audiomoth v1.20,16.0,60 segundos cada 1800 segundos,192000.0,66.667,83.333,16.667,301.3256259010184,303.34763346300895,307.5614324014236,3.0439529573735884,3.05891209425378,3.0749775095864136,0.5963585518888166,0.7105338230598544,0.8085278941799339,0.3935546875,8.595586657370237,37.19832491220564,55.19411403276089,0.6167595442402916,0.7645282284785265,0.8440642887265808,0.9461664268583064,0.9722132657974268,0.9838215105133844,0.587518214831982,0.857785140279996,0.9617973249814977,4.0,10.0,40.0,0.0007700530646101,0.0317059079065482,0.06396029288238461
G041,ANH_222,1.5,Húmedo,2021-11-24,2021-11-04,14:00:00,15:00:00,Audiomoth v1.20,959.0,Audiomoth v1.20,16.0,60 segundos cada 1800 segundos,192000.0,0.0,100.0,0.0,302.36138587562175,308.9048203364533,324.0294405157306,3.024742366083868,3.044916360108037,3.05968000045685,0.6216856180215374,0.6740932160977633,0.7260338624844069,0.404296875,28.374855844214498,42.65416150118339,66.31526684500975,0.6632092913125378,0.7194250415087967,0.8028003630839473,0.9225327203541374,0.9674236243090764,0.9867099971071411,0.6864954039665623,0.8840036006939347,0.9459893858677102,11.0,21.0,40.0,0.0167851464543033,0.0356121135203312,0.0883659928483834
G042,ANH_101,1.5,Húmedo,2021-11-25,2021-11-04,10:30:00,19:30:00,Audiomoth v1.20,991.0,Audiomoth v1.20,16.0,60 segundos cada 1800 segundos,192000.0,0.0,83.333,16.667,307.3400526398656,312.5757095871741,319.19346137620295,3.050984687132818,3.069212532816407,3.08334861544163,0.6926819005772543,0.760018802852198,0.8042853299209458,0.6087239583333334,20.984910404710845,42.83487686408184,59.106274333534415,0.7222366685779525,0.7991858531394592,0.8398713886728946,0.9407711377710212,0.9679077304478892,0.98334540300858,0.6744052995837067,0.8689836498925656,0.9603700998816949,6.5,14.0,25.0,0.00979086197869545,0.0346567582426707,0.0535479692363363
G043,ANH_62,1.5,Húmedo,2021-11-25,2021-11-05,11:30:00,12:30:00,Audiomoth v1.20,959.0,Audiomoth v1.20,16.0,60 segundos cada 1800 segundos,192000.0,0.0,100.0,20.0,304.2623529737335,309.8055776098964,320.4297116076472,3.0526674183309206,3.067085368878291,3.076422552415149,0.6369960734607905,0.7495926945595112,0.8128472253429622,0.568359375,26.73900229482655,46.28294015945182,79.50505326934498,0.659684277628892,0.7987725425044047,0.8499618751630788,0.9419279971141864,0.974597398075073,0.9863429776941757,0.8868605740093216,0.9710271547932045,0.9887575709546801,7.0,25.0,59.0,0.0097760028389697,0.0753402087446911,0.2670086891004714
G045,ANH_160,1.5,Húmedo,2021-12-01,2021-11-07,11:30:00,12:00:00,Audiomoth v1.20,1152.0,Audiomoth v1.20,16.0,60 segundos cada 1800 segundos,192000.0,33.333,83.333,16.667,307.02263952839326,310.13698114027886,314.9050422697878,3.0458353400650795,3.064981966180044,3.082222226604373,0.6658053353232815,0.7352554284751333,0.7923524720960526,0.236328125,14.415732607845907,38.83388751894569,62.09515061870523,0.693327398902625,0.7715275551107104,0.8502176630786066,0.9430761208975083,0.9752438185433305,0.9855739347290093,0.23248155398161385,0.38561026983334523,0.5572983368384699,4.0,14.0,30.0,0.001153768496351175,0.01573539193603225,0.03181953662209795
G046,ANH_289,1.5,Húmedo,2021-11-25,2021-11-05,10:00:00,11:00:00,Audiomoth v1.20,959.0,Audiomoth v1.20,16.0,60 segundos cada 1800 segundos,192000.0,83.333,100.0,16.667,308.4633452287284,314.3393948144884,322.5090026500676,3.0377374588031953,3.0516033645279985,3.0687323402373616,0.5864604906431197,0.6731309557115359,0.7273120258117977,0.3658854166666667,12.004835427326473,23.4307649246504,51.65874705146415,0.6591979343683942,0.7369887492260929,0.8155096494774579,0.8669282307292887,0.9189702877498674,0.9693671163000293,0.08358927801226465,0.4821800736330994,0.689394629863912,5.0,21.0,32.0,0.0010043030320510998,0.018720767920341,0.03280592127977395
G047,ANH_135,1.5,Húmedo,2021-12-01,2021-11-09,11:00:00,13:00:00,Audiomoth v1.20,1053.0,Audiomoth v1.20,16.0,60 segundos cada 1800 segundos,192000.0,33.333,100.0,33.333,304.33822797224,308.7628468184231,316.28716708161744,3.057130475833174,3.072809703795873,3.0828856394532425,0.6763607137777705,0.762272110911595,0.8120682415144723,0.7262369791666666,24.238368961484564,47.99396230973235,82.42448280795885,0.7057952818503638,0.8000927702832256,0.8428723332464704,0.956532208109739,0.9752387528066,0.9855334344203768,0.8081548037161316,0.9317605869412944,0.9721674179051516,11.0,25.0,58.0,0.0114214340468342,0.0784571318189247,0.2243773801938156
G048,ANH_81,1.5,Húmedo,2021-11-29,2021-11-11,10:30:00,15:00:00,Audiomoth v1.20,856.0,Audiomoth v1.20,16.0,60 segundos cada 1800 segundos,192000.0,66.667,83.333,16.667,302.30932874482914,308.6528334258819,317.64319314028603,3.033805897101804,3.0454824077563525,3.0569148636083456,0.5624339095073312,0.6116599410800185,0.6581965675991732,0.2600911458333333,18.982739959079485,44.74904990296633,72.31042116005172,0.5828783403825945,0.6281511843585362,0.6777706048895427,0.9555455360008884,0.9779413836482702,0.9869247767852429,0.5302672176773585,0.8897087197005953,0.9549410548104705,6.0,13.0,21.0,0.003517682813307125,0.0329291647327933,0.07316968176093035
G049,ANH_254,1.5,Húmedo,2021-12-01,2021-11-07,08:30:00,08:30:00,Audiomoth v1.20,1153.0,Audiomoth v1.20,16.0,60 segundos cada 1800 segundos,192000.0,50.0,100.0,0.0,305.29594033963724,309.02956971246874,316.37093168922894,3.0496896846155885,3.0621352864524587,3.073116763100177,0.6043656870055983,0.6865937205297028,0.7865807266187611,0.4759114583333333,14.184341526630524,39.071313106358645,65.67740615268391,0.6426285285143338,0.7424749113183646,0.8498088256448467,0.9374689193332834,0.9670004151465686,0.979673309165004,0.5688905058974454,0.8162269321304059,0.9131445826754953,7.0,14.0,31.0,0.0029228801907563,0.0260611829448542,0.054595975620522
G050,ANH_89,1.5,Húmedo,2021-11-25,2021-11-05,11:00:00,13:00:00,Audiomoth v1.20,957.0,Audiomoth v1.20,16.0,60 segundos cada 1800 segundos,192000.0,16.667,100.0,0.0,311.5041245449252,320.0349477785635,330.356388461409,3.045685607188738,3.056785987391196,3.0711936842121195,0.5744697276789453,0.7040565479914233,0.8150353677217469,0.4593098958333333,22.184870579688603,46.48456177313322,79.03190202776486,0.61100577011474,0.7739882928981046,0.8501091647406797,0.93428444914425,0.9730292366142324,0.988034858085926,0.6987152204059994,0.9589915148252434,0.987519325562692,6.0,21.0,54.0,0.0100797411363046,0.0389396867518532,0.205869884631891
G051,ANH_209,1.5,Húmedo,2021-11-27,2021-11-07,08:30:00,11:30:00,Audiomoth v1.20,955.0,Audiomoth v1.20,16.0,60 segundos cada 1800 segundos,192000.0,16.667,100.0,0.0,308.6210652639059,315.03091711997416,325.6703782173629,3.063429199172033,3.075163379999198,3.082158927770311,0.6699685310833774,0.7670088617777975,0.8130973245033886,0.7174479166666666,28.673657989312723,44.901877089839004,57.7655776049737,0.7036544420748716,0.8059264126581456,0.8411687490132735,0.9438849765674435,0.976401600940705,0.9891691790109924,0.8517432319359347,0.9666618370231562,0.9897262953508841,13.0,38.0,61.0,0.03115655677021735,0.0746759177922465,0.44590355369437545
G052,ANH_241,1.5,Húmedo,2021-11-27,2021-11-07,08:00:00,10:30:00,Audiomoth v1.20,956.0,Audiomoth v1.20,16.0,60 segundos cada 1800 segundos,192000.0,0.0,100.0,16.667,305.164033477806,308.08128504035017,312.4671948104351,3.027990599623898,3.041745096217574,3.0593422442560385,0.6893780222993391,0.7386554425193342,0.7927034485421052,0.14095052083333334,14.27039349997386,30.62874175474311,63.67285407312463,0.737188807721372,0.7845599315493003,0.8781901750766059,0.9199100501371007,0.9663096830614546,0.9799543583401006,0.583089577179387,0.7567265846416259,0.9038284967950088,4.0,15.0,29.0,0.0004713406527707,0.011179317476009,0.033349590980327325
G053,ANH_145,1.5,Húmedo,2021-12-01,2021-11-09,10:00:00,12:00:00,Audiomoth v1.20,1053.0,Audiomoth v1.20,16.0,60 segundos cada 1800 segundos,192000.0,33.333,83.333,16.667,301.4381298295095,305.3602724322434,312.4414697266893,3.0287020469055466,3.044292148703029,3.057888754235552,0.5924261315720913,0.6977034767704641,0.7882000064407573,0.4407552083333333,27.141587409574736,42.99962335447961,62.691395376996994,0.6386194759509337,0.7420486033069795,0.8260963927455017,0.922112280572092,0.9742413468155956,0.9868331787433864,0.3381085193501236,0.8087276550088338,0.926121119225294,5.0,13.0,27.0,0.0006424392763773,0.0127701194937054,0.0436072047598194
G054,ANH_243,1.5,Húmedo,2021-11-27,2021-11-08,16:30:00,10:30:00,Audiomoth v1.20,925.0,Audiomoth v1.20,16.0,60 segundos cada 1800 segundos,192000.0,33.333,100.0,16.667,303.89252131221195,306.3917845975099,309.84502782119364,3.0368184904170774,3.049872709685456,3.065138223092485,0.6761775785670342,0.7416417333393325,0.7902185650902974,0.3111979166666667,20.897660618634763,40.73653478961259,97.863070469224,0.7153862469132029,0.7813842676701114,0.8362785260995089,0.944705159558716,0.971564128738533,0.9831116027956994,0.7404879330735822,0.9241255961463852,0.9729848394574117,5.0,32.0,49.0,0.0014710548328477,0.0555688122390363,0.1825812423464504
G055,ANH_279,1.5,Húmedo,2021-11-24,2021-11-04,13:00:00,14:30:00,Audiomoth v1.20,958.0,Audiomoth v1.20,16.0,60 segundos cada 1800 segundos,192000.0,83.333,100.0,16.667,307.63948974325007,315.408315825831,328.69984447170395,3.0117753685679007,3.0500744809978197,3.0654884567350758,0.44095258932119874,0.6204989740152584,0.7658819097100984,0.3424479166666667,18.76573645607464,33.36847850427621,52.243319759481764,0.5000955273699997,0.6500597419792505,0.8028102073009304,0.8787786631960061,0.970026871378499,0.9878108138251295,-0.4200933549705066,0.8122490400128046,0.9632765800869132,3.0,9.0,21.0,0.0023081925429844,0.01450077223823215,0.02967195389820785
G056,ANH_217,1.5,Húmedo,2021-11-30,2021-11-10,10:00:00,13:00:00,Audiomoth v1.20,955.0,Audiomoth v1.20,16.0,60 segundos cada 1800 segundos,192000.0,83.333,100.0,0.0,305.8591122600062,309.9460868072521,315.6965990894811,3.0423345586561754,3.058536117906787,3.077011235868966,0.5822015500216272,0.6522246861436762,0.7447513581135575,0.40234375,21.146008973219892,44.83249958493277,73.22683129809825,0.6031154851978611,0.6729825885843579,0.7913426807526096,0.9513001832893913,0.9731710125643548,0.9824274033930342,0.5415671795759966,0.7247254371909402,0.8869627525020235,5.0,13.0,23.0,0.0019334362984309498,0.0329156166936316,0.0589990883480744
G057,ANH_238,1.5,Húmedo,2021-11-27,2021-11-07,10:30:00,12:30:00,Audiomoth v1.20,957.0,Audiomoth v1.20,16.0,60 segundos cada 1800 segundos,192000.0,0.0,100.0,0.0,307.59735320297267,318.11251729469245,331.2989495481957,3.038815754295267,3.072136711037212,3.084685921404905,0.6604086041957269,0.7378118029576208,0.7995883192307391,0.6276041666666666,23.221589547214613,41.69987724437618,55.15463819448407,0.7003986370424089,0.7839973304076407,0.8430880437998978,0.9307813329125276,0.965860298322626,0.9856637597410804,0.6800974076436842,0.8568819647994432,0.9585547823327656,7.0,17.0,39.0,0.0051989507699219,0.0252299451872557,0.0746759177922465
G058,ANH_395,1.5,Húmedo,2021-11-27,2021-11-08,08:00:00,14:00:00,Audiomoth v1.20,901.0,Audiomoth v1.20,16.0,60 segundos cada 1800 segundos,192000.0,0.0,100.0,0.0,307.02363259397725,309.8458115196331,313.46703496582506,3.0493332888118707,3.065152433270854,3.0793509962928485,0.6516220114428847,0.7041035639335848,0.7679024080510787,0.4212239583333333,15.89814782391712,36.1544376804858,88.36791138361936,0.6740172044193821,0.7418281200533511,0.8144829299423454,0.9413669174973748,0.9716116715848294,0.984627983664142,0.4299567407889473,0.8485807465730435,0.9555588594937844,5.0,29.0,45.0,0.0011039466749178,0.0773112299259577,0.1469009515967894
G059,ANH_291,1.5,Húmedo,2021-11-29,2021-11-11,08:30:00,12:00:00,Audiomoth v1.20,858.0,Audiomoth v1.20,16.0,60 segundos cada 1800 segundos,192000.0,50.0,100.0,33.333,303.18973327320055,309.12817346169777,320.76073227762384,3.046063232865345,3.06111837401151,3.0774390395289624,0.6564479007733232,0.7294601555280991,0.7923491298655978,0.7115885416666666,48.68518205335084,59.00849775692583,79.52453362182393,0.6695431142253052,0.7509958205801353,0.8177892963968353,0.9735814174339639,0.9869357464073591,0.9920830226605094,0.7997209688967941,0.9091939691272919,0.9657211413863621,18.0,31.0,52.0,0.051150621854997504,0.07362703734101811,0.11544786758233928
G060,ANH_350,1.5,Húmedo,2021-11-24,2021-11-04,10:30:00,10:30:00,Audiomoth v1.20,961.0,Audiomoth v1.20,16.0,60 segundos cada 1800 segundos,192000.0,50.0,100.0,0.0,302.4899242787792,305.4272690132772,310.2002547882194,3.0600699287729305,3.070017882775496,3.07763547258306,0.6679026979233589,0.7450999483252437,0.8395363888350568,0.7200520833333334,54.2607761248208,71.56004447159344,91.39464788214993,0.6760678045601864,0.7634287458915022,0.8628249607738775,0.9782525243245456,0.9902615607836438,0.9936294142430366,0.8996697036829735,0.9571276625579233,0.9824635366642408,16.0,26.0,55.0,0.0839585097856175,0.1288269932880391,0.2978663149420886
G061,ANH_213,1.5,Húmedo,2021-11-27,2021-11-08,15:00:00,22:00:00,Audiomoth v1.20,899.0,Audiomoth v1.20,16.0,60 segundos cada 1800 segundos,192000.0,16.667,100.0,16.667,308.13728557074774,313.4286363027277,322.3462952069412,3.0695403533888177,3.080760392774391,3.0863218540031907,0.6704031226265205,0.7716122109326394,0.8316201480251303,0.5263671875,24.83209797683024,42.5844044549278,67.95948687246619,0.7000180882541804,0.8242698455790919,0.8582432367841649,0.9386314475911448,0.9732284753793264,0.9894443814614067,0.7490147141108309,0.9670187787395982,0.9923335829353922,8.0,29.0,52.0,0.01306249491948525,0.0551352749858619,0.4041078528805316
G062,ANH_230,1.5,Húmedo,2021-11-28,2021-11-08,11:00:00,15:00:00,Audiomoth v1.20,953.0,Audiomoth v1.20,16.0,60 segundos cada 1800 segundos,192000.0,0.0,83.333,16.667,303.8495410465797,306.2166800130746,309.7636617430864,3.047784731619553,3.063948043913138,3.076835688503614,0.7295550734522618,0.7989588578520531,0.8637391948750033,0.1484375,31.36339860866884,46.87192816835808,57.26716212800479,0.7614163940194121,0.8416602306747243,0.9165074077392388,0.9436670427738664,0.980024940417352,0.9896909920696412,0.6706759339177862,0.810322620296674,0.8857712395563229,3.0,9.0,21.0,0.0003207826046673,0.0082669260897649,0.0236172914934921
G063,ANH_85,1.5,Húmedo,2021-12-01,2021-11-09,08:00:00,10:00:00,Audiomoth v1.20,1053.0,Audiomoth v1.20,16.0,60 segundos cada 1800 segundos,192000.0,33.333,100.0,16.667,306.7927519658537,311.9649065937815,321.36018464277095,3.020630924723223,3.036289459496212,3.0472278613524133,0.580589874540228,0.6270597923273948,0.6595581818508154,0.3050130208333333,34.60444425602233,55.552097415924365,66.0392727289778,0.6062006583972699,0.6444948914019866,0.6780384325623128,0.9574102701652086,0.9796968626023872,0.9876998409413184,0.6722412797794236,0.9333201107179402,0.9743381042499968,13.0,18.0,27.0,0.0282813132332876,0.0584506112787863,0.0784239172713025
G064,ANH_360,1.5,Húmedo,2021-11-25,2021-11-05,09:30:00,10:30:00,Audiomoth v1.20,959.0,Audiomoth v1.20,16.0,60 segundos cada 1800 segundos,192000.0,0.0,100.0,20.0,302.48913639752766,305.6050286242703,312.0032814659566,3.0379363855170336,3.050258299818805,3.061958104395652,0.6714710915900775,0.7119629326488823,0.7576383657057362,0.201171875,18.27146285042076,33.17269052906462,58.65856010740107,0.6917432908386305,0.7401134198946026,0.8133327187025114,0.9403988193273061,0.9766706099097038,0.9872203099273587,0.6886039761094447,0.8522387088097704,0.9207924818632192,4.0,17.0,32.0,0.00115639069747925,0.015579370968912,0.04071622801612125
G065,ANH_284,1.5,Húmedo,2021-11-30,2021-11-10,08:30:00,10:00:00,Audiomoth v1.20,958.0,Audiomoth v1.20,16.0,60 segundos cada 1800 segundos,192000.0,66.667,100.0,33.333,306.33699548447873,309.81707391872374,315.99109249102054,3.042858191087368,3.0570038761913505,3.0690132838247886,0.5964435974485338,0.6800656329326115,0.76509001056384,0.20345052083333334,13.542376591907258,33.92864705357151,66.91959658849322,0.6545317640458806,0.7308657423035751,0.8789171313119464,0.8929356468802526,0.9687012552890867,0.9849031155712139,0.2804140555174873,0.4880644713767066,0.6589464053262406,3.0,12.0,21.0,0.00033891949580312504,0.01336623321682015,0.04488967962820682
G066,ANH_235,1.5,Húmedo,2021-12-01,2021-11-07,10:30:00,11:00:00,Audiomoth v1.20,1152.0,Audiomoth v1.20,16.0,60 segundos cada 1800 segundos,192000.0,66.667,100.0,16.667,306.86021080051484,310.85192715136066,315.5036469120373,3.049239414189759,3.0708447593806207,3.083285265791373,0.684575180425796,0.7505643184560827,0.7995286283279177,0.17903645833333334,12.009902638141586,37.65876687639736,51.737173696106744,0.7464617378819074,0.840439525096059,0.9251761432456536,0.8938933429957542,0.9279166505694718,0.9531730964290845,0.5691855578020378,0.7663577848602992,0.9372226627602251,4.0,17.0,33.0,0.000366452607647875,0.0130319025729911,0.0291569098933026
G067,ANH_280,1.5,Húmedo,2021-12-01,2021-11-09,09:00:00,10:30:00,Audiomoth v1.20,1054.0,Audiomoth v1.20,16.0,60 segundos cada 1800 segundos,192000.0,16.667,100.0,16.667,304.13322303533675,309.51838184385593,316.57958865266073,3.0493840245869253,3.0666077461710985,3.077921143579233,0.6778584198473456,0.7227647935792496,0.7744721483692865,0.7428385416666666,54.7932642171906,71.64744913451962,91.65577060467933,0.6867774189505459,0.7330312381729653,0.7890932925889156,0.983345783402015,0.9915986246766242,0.9937123791117882,0.965562470531097,0.9885222096841089,0.9954818906157099,21.0,31.0,41.75,0.10601384347382209,0.14874086272165238,0.19824802001963154
G068,ANH_95,1.5,Húmedo,2021-11-30,2021-11-10,09:30:00,12:00:00,Audiomoth v1.20,956.0,Audiomoth v1.20,16.0,60 segundos cada 1800 segundos,192000.0,16.667,100.0,0.0,306.6170071966766,310.85662413965474,317.317238479675,3.0280674711939066,3.043275629039682,3.0569065276929592,0.583041026195807,0.6862752158740564,0.7767810327887805,0.34765625,19.2115291029724,35.29371436800463,67.03228208410434,0.6262721785940075,0.7271061131895825,0.8229194717842536,0.936028429102757,0.9720553736909763,0.9845173015601297,0.2294281376508561,0.5723741662563646,0.8609002474884647,4.0,12.0,42.0,0.000796056559130125,0.017422341328424552,0.08771284625073314
G069,ANH_312,1.5,Húmedo,2021-11-30,2021-11-10,10:00:00,10:30:00,Audiomoth v1.20,960.0,Audiomoth v1.20,16.0,60 segundos cada 1800 segundos,192000.0,0.0,100.0,0.0,301.67327452255626,303.9516725481052,309.71666696995436,3.0383390271835786,3.0551659542923635,3.070585151825904,0.6586234120673706,0.7694096077318586,0.8411994346716787,0.35546875,24.737657460750995,42.11901162327679,79.57365662069438,0.7271723818225385,0.8335236364548877,0.880435136308747,0.9355320665414233,0.976758273506524,0.9884356829110267,0.7210913702456568,0.8823824196770519,0.9603109157660272,3.0,15.0,42.0,0.0002499831742094,0.0132023456463157,0.09328349403055909
G070,ANH_223,1.5,Húmedo,2021-12-01,2021-11-09,09:00:00,10:30:00,Audiomoth v1.20,1054.0,Audiomoth v1.20,16.0,60 segundos cada 1800 segundos,192000.0,16.667,83.333,33.333,305.2468503171199,309.5210883761483,316.0008458289958,3.0612987602498203,3.074639382590214,3.082902291383946,0.7033566017080485,0.7860244151338956,0.8290559289324856,0.5638020833333334,18.958820418261787,45.86074584722223,72.6871121898918,0.7388801034695799,0.8298700274655723,0.8591681900243073,0.9482123247678045,0.9710279705000096,0.9845502226181135,0.8003496163101842,0.9269744345740554,0.9713621643400355,7.0,27.0,53.0,0.003317521460531025,0.05916079075097215,0.22615304739104092
G071,ANH_353,1.5,Húmedo,2021-11-29,2021-11-11,15:00:00,08:30:00,Audiomoth v1.20,878.0,Audiomoth v1.20,16.0,60 segundos cada 1800 segundos,192000.0,66.667,100.0,0.0,299.5298440726409,302.7987791148746,309.0211595312445,3.033713244756737,3.0501733103584847,3.064737081569561,0.6771698490990605,0.7218334905189934,0.77719585819452,0.4498697916666667,39.61389811398176,57.83806077802697,80.05486022349294,0.6922288214485254,0.7382491666010846,0.7943765487127333,0.9772209763258057,0.989955752210268,0.9935916972566659,0.5957155828906654,0.7878722865702226,0.9050867704952127,8.0,17.0,35.0,0.010926275067150175,0.05036374299981555,0.09891707463745879
G072,ANH_183,1.5,Húmedo,2021-12-01,2021-11-07,10:30:00,10:30:00,Audiomoth v1.20,1153.0,Audiomoth v1.20,16.0,60 segundos cada 1800 segundos,192000.0,66.667,100.0,16.667,307.1467445852119,311.857624677341,319.5363104576054,3.04229248117605,3.057504624460585,3.072648032716158,0.5742252842438476,0.658346212644794,0.7409243552640532,0.3304036458333333,18.98884997359599,37.7763754393493,71.25936383268255,0.6123355794410926,0.7073641985752201,0.8194812373780077,0.9289098026934668,0.9621310870787602,0.9768374988516884,0.5932621515446124,0.7641199052542728,0.8790882823641555,9.0,25.0,43.0,0.0031571301581973,0.0304227774878788,0.0598700961561153
G074,ANH_361,1.5,Húmedo,2021-11-26,2021-11-06,09:00:00,09:30:00,Audiomoth v1.20,960.0,Audiomoth v1.20,16.0,60 segundos cada 1800 segundos,192000.0,0.0,100.0,16.667,305.2429254426128,310.28983768640273,318.11110298607423,3.0176023703200685,3.033159551495098,3.0515920246948687,0.5447683762074716,0.5899528552517059,0.6530529277306177,0.19010416666666666,18.16041458746962,31.970624659122137,61.22694453060816,0.566645738563222,0.6084835158378746,0.7000106392012052,0.9499127483818313,0.9747747022471677,0.982012748062207,0.5825795043639412,0.7552993897655941,0.8900720482186084,3.0,10.0,17.0,0.0021174274109172,0.01886673711647025,0.051094900081026004
G075,ANH_12,1.5,Húmedo,2021-11-29,2021-11-11,11:30:00,15:30:00,Audiomoth v1.20,857.0,Audiomoth v1.20,16.0,60 segundos cada 1800 segundos,192000.0,33.333,83.333,50.0,306.4924184764193,311.589145179228,318.3629701053045,3.030197698458975,3.0441524076233466,3.060948707428628,0.5608967651870763,0.6262974092100109,0.6658886407968375,0.3479817708333333,18.496890626803182,36.20648045236009,80.3833740728754,0.6204151782884996,0.6602181480212711,0.7405570034276343,0.8900068998035007,0.9689607842326212,0.98403954885417,0.5663963951793104,0.7810573705651932,0.8943220606801422,6.0,18.0,29.0,0.003206077912588,0.0481348720409552,0.1266759142959783
G076,ANH_69,1.5,Húmedo,2021-11-24,2021-11-04,13:30:00,15:30:00,Audiomoth v1.20,957.0,Audiomoth v1.20,16.0,60 segundos cada 1800 segundos,192000.0,0.0,100.0,0.0,302.8554621101946,306.9894136861968,314.9086104815849,3.0558591415973333,3.0741214007691013,3.0832448089099893,0.6555837970665582,0.7460005696479172,0.8078536402759505,0.3818359375,11.273203417682042,30.88600064832917,59.24314772655565,0.6949280514874585,0.8076626121301808,0.8551034809176927,0.9259107352494852,0.9663998015553964,0.9850607305775232,0.8495843476287119,0.9614505706398874,0.9921613079086306,2.0,10.0,46.0,0.0003312714091796,0.0198509366065395,0.1066938676330351
G077,ANH_231,1.5,Húmedo,2021-11-28,2021-11-08,09:30:00,11:00:00,Audiomoth v1.20,958.0,Audiomoth v1.20,16.0,60 segundos cada 1800 segundos,192000.0,33.333,100.0,16.667,307.9309372125314,312.44587846477475,321.0629635181366,3.0487971303519257,3.0637878815726696,3.0763820350158255,0.6706648411273525,0.7312246889802493,0.788092537031438,0.1279296875,13.637463864578018,28.82034846668288,38.52421764476539,0.7503494994489178,0.8189113462728883,0.8916613681720159,0.8602336708598908,0.9397193707555958,0.975591631973788,0.28713567678087715,0.4809417481253558,0.6723454364980516,6.0,12.0,24.0,0.00087668924381835,0.00453160058282785,0.015603407812585976
G078,ANH_214,1.5,Húmedo,2021-11-30,2021-11-10,08:00:00,09:00:00,Audiomoth v1.20,959.0,Audiomoth v1.20,16.0,60 segundos cada 1800 segundos,192000.0,66.667,100.0,16.667,304.4378489889823,309.62668417615845,319.3773013922804,3.0560981825212994,3.072584213924729,3.0849946458597293,0.6558402840585719,0.7499107908347483,0.7990414057222037,0.6373697916666666,12.70993333841937,34.2627793105376,56.08358665771237,0.6893225010950286,0.8028891329806822,0.8453607199089678,0.9266559015952426,0.967370992595315,0.9827524779001985,0.6398742610309304,0.916579102368916,0.9783945905515095,6.0,14.0,47.0,0.0032755662424818503,0.0206568264199,0.0686881215162965
G079,ANH_31,1.5,Húmedo,2021-11-26,2021-11-06,12:00:00,16:00:00,Audiomoth v1.20,953.0,Audiomoth v1.20,16.0,60 segundos cada 1800 segundos,192000.0,33.333,100.0,0.0,302.84340787467767,305.93712379600294,310.8677262681591,3.049622611647908,3.061190070828341,3.072217514334007,0.6691794804678594,0.7173990732053716,0.7577349119037138,0.4908854166666667,41.81746532544908,55.09953718014128,79.42893608724357,0.6792475612861005,0.730248069666127,0.7724836999261169,0.9782533966912208,0.9876863111666294,0.9918792091944716,0.6553976797306886,0.8778181954566334,0.955372301570742,14.0,21.0,30.0,0.0336760550207722,0.0510603744328397,0.0746024961606605
G080,ANH_242,1.5,Húmedo,2021-11-27,2021-11-08,09:00:00,10:00:00,Audiomoth v1.20,911.0,Audiomoth v1.20,16.0,60 segundos cada 1800 segundos,192000.0,0.0,100.0,0.0,306.0755011015011,310.7919844279088,316.629127988782,3.0438981907660807,3.0569431902162143,3.0705952557029064,0.6367878051162909,0.7164801815364754,0.8067839453309165,0.1298828125,11.808623731051918,23.56983076826213,42.75636604656556,0.6783539153398931,0.7854568523248843,0.8880754360851139,0.9135680168330222,0.9487632040894194,0.9743266727455264,0.49055744212909785,0.6399073905954971,0.7804620194660997,2.0,11.0,20.0,0.00020059838629735,0.0063885560150234,0.014485913098506449
G081,ANH_324,1.5,Húmedo,2021-11-29,2021-11-09,12:30:00,13:00:00,Audiomoth v1.20,960.0,Audiomoth v1.20,16.0,60 segundos cada 1800 segundos,192000.0,33.333,100.0,0.0,307.9227244555838,314.301205142537,326.5161762989091,3.0110667954627437,3.0286593724701083,3.0402028848292284,0.5034573671109945,0.5651221330469756,0.6269247454999374,0.19986979166666666,8.751176721388067,30.32746255231389,46.448021881550254,0.5307612022228567,0.5974209532144452,0.6857916554542738,0.9109782929800496,0.965168975177215,0.9807295418130288,-0.3326538106536804,0.6356166903845335,0.8950265276515058,6.0,11.0,18.25,0.000342634280734525,0.0130345247741192,0.026748199640408775
G082,ANH_317,1.5,Húmedo,2021-11-24,2021-11-04,14:30:00,16:30:00,Audiomoth v1.20,957.0,Audiomoth v1.20,16.0,60 segundos cada 1800 segundos,192000.0,16.667,100.0,0.0,304.7726068361316,307.84337587557707,312.6413408403806,3.060105504017101,3.0724631167468086,3.080729912395769,0.7662023756100841,0.8262709181074778,0.861936850090217,0.3414713541666667,15.766209361614516,30.76688560324234,54.77653849220157,0.8303560102015144,0.8674305289013876,0.9073506322588344,0.925442737184007,0.9618564666415946,0.9815147348716304,0.4386790597005293,0.631810412462703,0.8370699967857428,3.0,13.0,32.0,0.0002036576209468,0.0085448794093404,0.0530986987763935
G083,ANH_88,1.5,Húmedo,2021-11-27,2021-11-08,10:30:00,11:30:00,Audiomoth v1.20,911.0,Audiomoth v1.20,16.0,60 segundos cada 1800 segundos,192000.0,0.0,83.333,33.333,304.8314263262126,309.6508872202889,318.1604853327866,3.0310156215279034,3.045458409289354,3.0568007202761214,0.6484149300883921,0.6999713153690628,0.7547537476819461,0.2724609375,17.834301660384114,31.04758695831673,61.13656141693501,0.6762299719571087,0.7323433637341901,0.8208745370480458,0.9376323198071776,0.9754317104242908,0.9869682230019978,0.6046771061185598,0.8403303137054449,0.9145876672179953,5.0,14.0,29.0,0.0007910306736346501,0.0172969127077985,0.05684276495375745
G084,ANH_364,1.5,Húmedo,2021-11-30,2021-11-10,09:00:00,10:30:00,Audiomoth v1.20,958.0,Audiomoth v1.20,16.0,60 segundos cada 1800 segundos,192000.0,83.333,100.0,16.667,309.71658549785684,319.31937691455744,333.02199971143637,3.035982008558368,3.048899930296515,3.0596652436872795,0.6264803379521832,0.6859118809253945,0.7785671208926542,0.2669270833333333,9.562516949836061,29.78746287996543,57.93949759873047,0.6650830938547467,0.743991815338447,0.9020037384080959,0.9019054026801251,0.9591100863349555,0.9794246440098636,0.5450813316799834,0.7545012250857532,0.8924040741786704,2.0,16.0,31.0,0.00011035096413957499,0.012794593370900699,0.04326260382823877
G085,ANH_250,1.5,Húmedo,2021-11-25,2021-11-05,09:00:00,10:30:00,Audiomoth v1.20,958.0,Audiomoth v1.20,16.0,60 segundos cada 1800 segundos,192000.0,0.0,100.0,0.0,303.25597144496993,305.9686980628061,310.7534903287039,3.038254696889053,3.049841353234652,3.0617045052464738,0.6165828257005939,0.6766896746672233,0.8232961673439949,0.1845703125,15.072622117523439,31.873738748503214,58.01757146513148,0.6346027487340087,0.728588287054442,0.9044252372391697,0.9361309033300355,0.9764801355557854,0.9864351678973675,0.5858341268871274,0.7060015143280118,0.8124677957110477,4.0,10.0,17.0,0.000430259501764275,0.01990731393079305,0.04440238725190695
G086,ANH_225,1.5,Húmedo,2021-11-28,2021-11-08,09:30:00,11:30:00,Audiomoth v1.20,957.0,Audiomoth v1.20,16.0,60 segundos cada 1800 segundos,192000.0,50.0,100.0,0.0,308.6742051453922,315.1933971686399,323.9985803384284,3.054944590319583,3.067079427542539,3.0769054231846056,0.6135202855676825,0.7293063624338885,0.8094491214103897,0.6539713541666666,26.552899148022245,46.50171607183926,76.68061015808134,0.6242721484632989,0.7758149634081093,0.8464654646007137,0.951318800944544,0.9778570645562566,0.9885583552149316,0.8692396251307184,0.9586921239566604,0.9828919483388798,9.0,23.0,55.0,0.0312636299829469,0.0617615772364971,0.275915869299007
G087,ANH_274,1.5,Húmedo,2021-11-26,2021-11-06,11:00:00,17:00:00,Audiomoth v1.20,949.0,Audiomoth v1.20,16.0,60 segundos cada 1800 segundos,192000.0,0.0,100.0,33.333,304.6804372620574,307.3502864462589,312.299014635433,3.042365438142195,3.0548334915727526,3.066862148373089,0.6443299342906781,0.6966212150186825,0.7715127914713881,0.361328125,22.5762129004671,37.17138719505093,71.03108723428574,0.6658707223271844,0.7286215680035223,0.8070942597316513,0.9537611978725742,0.9779632463099478,0.986797384891218,0.6128230669477145,0.7762588069185096,0.8700657232965944,5.0,21.0,37.0,0.0056525915650782,0.0262700849680572,0.074005508370503
G088,ANH_210,1.5,Húmedo,2021-11-27,2021-11-08,14:30:00,12:30:00,Audiomoth v1.20,917.0,Audiomoth v1.20,16.0,60 segundos cada 1800 segundos,192000.0,0.0,100.0,16.667,308.5616535527582,316.35885615115177,328.53262021130683,3.05864381620256,3.0712752230537075,3.079669736792708,0.6612940693405915,0.7499580102809944,0.7999024637001529,0.7262369791666666,35.342320226470065,51.02049715940132,73.34197127665212,0.6997158331062848,0.8077349958860113,0.8415405639456156,0.930645306411958,0.9695994545833364,0.988965408472843,0.8305231243398207,0.9610784372975686,0.9865883992064868,17.0,42.0,61.0,0.0417183458805657,0.0984208230739714,0.3299498198110792
G089,ANH_336,1.5,Húmedo,2021-11-24,2021-11-04,11:30:00,12:30:00,Audiomoth v1.20,959.0,Audiomoth v1.20,16.0,60 segundos cada 1800 segundos,192000.0,83.333,83.333,0.0,307.2840456474886,310.92340947965204,316.2169442375741,3.0344011508651345,3.046739730089322,3.061942723174941,0.6245782386065054,0.7111711873371536,0.7726227659872348,0.16731770833333334,12.903512829449795,24.916626856856723,37.56194083039155,0.7158043715679461,0.7983876944849407,0.8616680930027076,0.8520109617013534,0.919677009992172,0.9547029572128204,0.1897440074553825,0.6388050234643987,0.8699219519507757,7.0,20.0,35.0,0.0006883277961185501,0.0053134535525143,0.0188632408482995
G090,ANH_334,1.5,Húmedo,2021-12-01,2021-11-09,10:30:00,12:30:00,Audiomoth v1.20,1053.0,Audiomoth v1.20,16.0,60 segundos cada 1800 segundos,192000.0,16.667,100.0,66.667,305.1203949516025,311.253506053305,322.6882184710836,3.0380678515134534,3.0592413026966394,3.0743865902153744,0.5799055648288045,0.6746757766837503,0.806127984200482,0.4052734375,16.264483568719747,32.20618472003745,53.74774089112734,0.6135002727656602,0.721230128527042,0.8445376153079064,0.9508567051203812,0.9722660128235212,0.9856018001155225,0.590810816155873,0.8597867390404988,0.938736389706532,8.0,19.0,43.0,0.0098218913587109,0.0294184744558277,0.0932874273322512
G091,ANH_252,1.5,Húmedo,2021-11-25,2021-11-05,11:00:00,13:30:00,Audiomoth v1.20,956.0,Audiomoth v1.20,16.0,60 segundos cada 1800 segundos,192000.0,16.667,100.0,0.0,304.51759493846134,307.5696582616564,312.40555868109004,3.059503973506676,3.076723264863941,3.085126198970336,0.756604876895962,0.8266296602206415,0.8509199388192278,0.4625651041666667,15.982559130764455,41.2509729929872,81.83315631574598,0.8321423850372062,0.8597158855416024,0.8803525794732767,0.9193932714760815,0.9619528154842394,0.9834980560778879,0.7184960453660709,0.9375789275791264,0.9901694091652047,10.0,43.0,67.0,0.0018434073930338,0.050615037274589006,0.4318708443575039
G092,ANH_283,1.5,Húmedo,2021-11-29,2021-11-09,11:30:00,16:30:00,Audiomoth v1.20,951.0,Audiomoth v1.20,16.0,60 segundos cada 1800 segundos,192000.0,83.333,100.0,0.0,308.7689058690436,316.7841017891328,330.6399550935928,3.0236067397783906,3.044427451951543,3.058013156611149,0.5024831855931378,0.6162624016050201,0.684077716330221,0.197265625,13.832408770059992,29.19305666332938,40.619005889212445,0.5463159037898835,0.6609104528088908,0.7509211815600952,0.8680225306119198,0.9672490604224592,0.9857868806605784,0.026015017071470248,0.6744572602528528,0.9121880847662184,3.0,7.0,15.0,0.00013853962626635,0.0050748332498599,0.0124017002352114
G093,ANH_189,1.5,Húmedo,2021-11-25,2021-11-05,11:00:00,11:30:00,Audiomoth v1.20,958.0,Audiomoth v1.20,16.0,60 segundos cada 1800 segundos,192000.0,16.667,83.333,16.667,306.76775738505404,311.24370145089676,317.5645725134267,3.025898638627606,3.044136708848619,3.059867965807612,0.5937101364871435,0.670531317753531,0.7784507266585876,0.23372395833333334,11.89279924142227,24.983393238771107,51.18673034475283,0.6341588437830671,0.7546901089742926,0.8961819244700111,0.8647726607776411,0.9360594719348084,0.977030001659625,0.5336036322478038,0.7312982380737371,0.8645790087591285,3.0,12.0,25.0,0.000269431165909275,0.009305317736481,0.03368348459063503
G094,ANH_388,1.5,Húmedo,2021-11-26,2021-11-06,10:30:00,14:30:00,Audiomoth v1.20,953.0,Audiomoth v1.20,16.0,60 segundos cada 1800 segundos,192000.0,0.0,100.0,0.0,306.2775048597662,314.75441197496605,328.0086369893178,3.040145533339964,3.0508628372863487,3.0629287890723385,0.5873156149258436,0.6474974763366297,0.7262222143489901,0.6686197916666666,34.98106979441903,59.68628292191664,75.10371092207885,0.5993463108690866,0.6688964950058786,0.7605803983669712,0.9608044079694452,0.982895445436836,0.9899666091046866,0.7918041351661488,0.9404248128146294,0.983963720464548,10.0,17.0,28.0,0.0326691297875929,0.0657219750069269,0.0882632899708673
G095,ANH_253,1.5,Húmedo,2021-11-27,2021-11-08,14:00:00,17:00:00,Audiomoth v1.20,907.0,Audiomoth v1.20,16.0,60 segundos cada 1800 segundos,192000.0,66.667,100.0,0.0,303.2405457082274,306.6825781984743,312.3964543254885,3.051425751997586,3.0646134439764734,3.0767379326617625,0.622904029441739,0.7241661153480844,0.7783810091442519,0.388671875,22.16813264428293,45.02842366941103,59.6646518953108,0.6400266467478773,0.7493734222104894,0.8181230526911334,0.952656704690632,0.9814458950664194,0.9901910850635893,0.41735741190151976,0.7239675704585842,0.8807784955395479,6.0,18.0,30.0,0.0029801315820526,0.0310792018369393,0.0619372647120779
G096,ANH_106,1.5,Húmedo,2021-11-29,2021-11-11,11:00:00,15:30:00,Audiomoth v1.20,856.0,Audiomoth v1.20,16.0,60 segundos cada 1800 segundos,192000.0,16.667,100.0,0.0,304.77809900758945,307.495098535871,312.9144415557859,3.0426825307965237,3.0602767268912086,3.0715157984182353,0.6675255434020406,0.7129369914553594,0.7711161118396607,0.2600911458333333,21.390633612017922,39.037713919122,58.16503596002166,0.6972945284832515,0.7469690251844323,0.8206817840967334,0.9393032849642375,0.9800600125278951,0.9898440811120643,0.4188337013877158,0.6197797958761986,0.7460952769676749,4.0,11.0,23.0,0.0006601391339918,0.017571369759203252,0.0512928762661953
G097,ANH_234,1.5,Húmedo,2021-12-01,2021-11-07,10:30:00,10:30:00,Audiomoth v1.20,1153.0,Audiomoth v1.20,16.0,60 segundos cada 1800 segundos,192000.0,66.667,100.0,50.0,301.9197612121315,304.6052251588514,309.0442727144458,3.0459704218118864,3.068716615042216,3.079800355494691,0.6761280392163133,0.7823567464381121,0.8455778894169812,0.3802083333333333,19.95908977591221,40.49206226995053,76.29436406316732,0.7208918319718157,0.837054437476213,0.8799242700050929,0.9311067184438984,0.9692320120000328,0.9840485352663312,0.5376312198592724,0.864565234165601,0.9447226131541792,4.0,23.0,54.0,0.0006520540138469,0.0279701453660898,0.134638665054887
G098,ANH_77,1.5,Húmedo,2021-11-30,2021-11-10,08:30:00,09:30:00,Audiomoth v1.20,959.0,Audiomoth v1.20,16.0,60 segundos cada 1800 segundos,192000.0,100.0,100.0,0.0,305.9283394529416,310.9926077036025,317.35770658847616,3.044020070955863,3.057089700463924,3.068759118893074,0.6446357507342737,0.6866279713612209,0.7569255018640345,0.2718098958333333,15.817427943335382,35.140646046033844,65.28662705172385,0.6655709775565302,0.7165908126649331,0.8355387198414367,0.9403531767125508,0.9765807938931168,0.985228447334233,0.4778878997240892,0.602771758741158,0.7406682054023135,3.0,18.0,27.0,0.0009374369032853,0.018796811753055,0.04483570598832065
G099,ANH_121,1.5,Húmedo,2021-11-29,2021-11-09,10:30:00,10:30:00,Audiomoth v1.20,961.0,Audiomoth v1.20,16.0,60 segundos cada 1800 segundos,192000.0,83.333,83.333,16.667,302.6174219574493,304.7852079888356,309.70504902578324,3.034692062305929,3.0463434820240125,3.0570859261236776,0.6429815876925112,0.6936299923024535,0.7438973405329016,0.2561848958333333,26.97325439022573,40.45283692929416,57.29765351066416,0.6679506768153681,0.725002548263161,0.7736744260936261,0.9501691544547564,0.9843421355356228,0.991858255737764,0.4914053447673254,0.648504402951645,0.745674778215471,5.0,9.0,16.0,0.0027410742458768,0.0083464661906497,0.0251565235556697
G100,ANH_159,1.5,Húmedo,2021-12-01,2021-11-07,12:00:00,12:30:00,Audiomoth v1.20,1152.0,Audiomoth v1.20,16.0,60 segundos cada 1800 segundos,192000.0,66.667,100.0,16.667,307.58414181533396,312.5425669297555,326.86343337345966,3.050341445662079,3.0711786038139097,3.084247234992144,0.6280716429217824,0.7481446043792128,0.828845234189557,0.4749348958333333,13.248935586879421,37.40426604764744,62.276337556468725,0.7697431335866486,0.8474033890816123,0.9058126108298376,0.8446767314667477,0.9299118415733173,0.9676644926720147,0.4922401245925241,0.7723883755317162,0.9263910918699223,7.0,34.0,51.25,0.002169652916717975,0.0288748047552743,0.07209326819785725
