"group","indval","pvalue","freq","tf_bin"
"Bosque Ripario",0.696528735190498,0.001,95,"X401"
"Bosque Ripario",0.678439008462004,0.001,95,"X529"
"Bosque Ripario",0.640785266589572,0.001,87,"X273"
"Bosque Ripario",0.637279171850704,0.001,97,"X656"
"Bosque Ripario",0.612869282737296,0.001,112,"X403"
"Bosque Ripario",0.606669311644568,0.001,86,"X145"
"Bosque Ripario",0.602526385274262,0.001,92,"X400"
"Bosque Ripario",0.598368700773359,0.001,102,"X528"
"Bosque Ripario",0.598146140740148,0.001,108,"X275"
"Bosque Ripario",0.588282492889751,0.001,119,"X659"
"Bosque Ripario",0.579275062748071,0.001,115,"X531"
"Bosque Ripario",0.575426679242668,0.001,103,"X657"
"Bosque Ripario",0.57495869488367,0.001,105,"X147"
"Bosque Ripario",0.574742976496249,0.001,83,"X2961"
"Bosque Ripario",0.572592190335147,0.001,111,"X2968"
"Bosque Ripario",0.570933831823479,0.001,152,"X2324"
"Bosque Ripario",0.559574810512729,0.001,102,"X2963"
"Bosque Ripario",0.557138890101646,0.001,131,"X2196"
"Bosque Ripario",0.552338544971084,0.001,81,"X2705"
"Bosque Ripario",0.551137770468959,0.001,84,"X2577"
"Bosque Ripario",0.550693067606001,0.001,104,"X2067"
"Bosque Ripario",0.548253290150125,0.001,92,"X2707"
"Bosque Ripario",0.544745533823929,0.001,103,"X19"
"Bosque Ripario",0.543298897259705,0.001,78,"X17"
"Bosque Ripario",0.536642966452505,0.001,93,"X2835"
"Bosque Ripario",0.532642728989364,0.001,91,"X272"
"Bosque Ripario",0.52599843529875,0.001,82,"X2833"
"Bosque Ripario",0.522731784597653,0.001,114,"X152"
"Bosque Ripario",0.521343284473293,0.001,111,"X2195"
"Bosque Ripario",0.514859151713394,0.001,126,"X2332"
"Bosque Ripario",0.511309014210532,0.001,96,"X2323"
"Bosque Ripario",0.50988781776456,0.001,113,"X2068"
"Bosque Ripario",0.507936491310738,0.001,84,"X2449"
"Bosque Ripario",0.505509055709037,0.001,87,"X2972"
"Bosque Ripario",0.504494453832984,0.001,93,"X2579"
"Bosque Ripario",0.500708296305127,0.001,160,"X2452"
"Bosque Ripario",0.486594044602115,0.002,107,"X24"
"Bosque Ripario",0.481818011015595,0.001,84,"X2844"
"Bosque Ripario",0.474996130565581,0.002,90,"X663"
"Bosque Ripario",0.474734570790274,0.001,82,"X2451"
"Bosque Ripario",0.472605175300097,0.001,95,"X2840"
"Bosque Ripario",0.470014506320355,0.001,158,"X2964"
"Bosque Ripario",0.468845954428881,0.001,160,"X2580"
"Bosque Ripario",0.467486491057463,0.001,89,"X144"
"Bosque Ripario",0.459654030181866,0.001,92,"X2716"
"Bosque Ripario",0.458193243147817,0.005,129,"X280"
"Bosque Ripario",0.456925008890914,0.001,156,"X20"
"Bosque Ripario",0.45567233303911,0.001,157,"X2836"
"Bosque Ripario",0.453055739239149,0.001,155,"X2708"
"Bosque Ripario",0.451009543938503,0.001,159,"X254"
"Bosque Ripario",0.446535023500923,0.007,121,"X2216"
"Bosque Ripario",0.443254104440379,0.002,119,"X27"
"Bosque Ripario",0.443147586773944,0.003,128,"X2971"
"Bosque Ripario",0.442326782632373,0.005,109,"X2460"
"Bosque Ripario",0.43934773876985,0.002,157,"X148"
"Bosque Ripario",0.438877327499249,0.004,148,"X510"
"Bosque Ripario",0.438677325282754,0.001,91,"X28"
"Bosque Ripario",0.431698187877462,0.006,159,"X2339"
"Bosque Ripario",0.431541783803296,0.002,94,"X2588"
"Bosque Ripario",0.431315990764016,0.003,160,"X2603"
"Bosque Ripario",0.43069809663044,0.005,156,"X276"
"Bosque Ripario",0.427244084559028,0.009,144,"X2715"
"Bosque Ripario",0.425463589990563,0.007,118,"X536"
"Bosque Ripario",0.41977836873655,0.007,146,"X381"
"Bosque Ripario",0.419649216520034,0.009,159,"X404"
"Bosque Ripario",0.418887817258766,0.009,157,"X294"
"Bosque Ripario",0.41857682711754,0.01,131,"X2843"
"Bosque Ripario",0.411915807106771,0.016,154,"X2331"
"Bosque Ripario",0.40933055242817,0.014,151,"X382"
"Bosque Ripario",0.409298852522267,0.021,147,"X380"
"Bosque Ripario",0.40610739761358,0.023,165,"X2475"
"Bosque Ripario",0.404410333370841,0.023,151,"X422"
"Bosque Ripario",0.403954474474533,0.046,159,"X167"
"Bosque Ripario",0.401906774547886,0.004,102,"X664"
"Bosque Ripario",0.400606605640895,0.026,149,"X125"
"Bosque Ripario",0.398461538922584,0.01,99,"X156"
"Bosque Ripario",0.398061913869384,0.027,154,"X166"
"Bosque Ripario",0.397116750518627,0.034,151,"X2476"
"Bosque Ripario",0.393782183761787,0.03,153,"X126"
"Bosque Ripario",0.391655748552684,0.049,154,"X2731"
"Bosque Ripario",0.388946812373531,0.007,89,"X2712"
"Bosque Ripario",0.388310381080689,0.031,116,"X408"
"Bosque Ripario",0.388084654031122,0.008,86,"X1939"
"Bosque Ripario",0.384956727417011,0.04,131,"X43"
"Bosque Ripario",0.383795488603063,0.031,136,"X2604"
"Bosque Ripario",0.382373615527365,0.011,113,"X155"
"Bosque Ripario",0.381999073053314,0.024,121,"X2732"
"Bosque Ripario",0.371274735464835,0.011,103,"X2223"
"Bosque Ripario",0.369327480133162,0.008,80,"X23"
"Bosque Ripario",0.367966446830105,0.002,65,"X2200"
"Bosque Ripario",0.36677704440354,0.037,121,"X171"
"Bosque Ripario",0.366173643067607,0.024,103,"X411"
"Bosque Ripario",0.358629238387784,0.033,105,"X283"
"Bosque Ripario",0.353310336538713,0.027,96,"X787"
"Bosque Ripario",0.341060648122126,0.039,99,"X2605"
"Bosque Ripario",0.340294034347586,0.03,90,"X1940"
"Bosque Ripario",0.337768377935859,0.003,62,"X791"
"Bosque Ripario",0.332294973107381,0.016,71,"X2201"
"Bosque Ripario",0.331619339517925,0.024,79,"X279"
"Bosque Ripario",0.330399087996179,0.029,84,"X151"
"Bosque Ripario",0.329559761434827,0.037,90,"X915"
"Bosque Ripario",0.325313695161248,0.033,90,"X180"
"Bosque Ripario",0.312988272896616,0.027,78,"X407"
"Bosque Ripario",0.308635586648115,0.048,91,"X309"
"Bosque Ripario",0.304101215479187,0.032,71,"X2967"
"Bosque Ripario",0.301981427446624,0.036,76,"X2328"
"Bosque Ripario",0.290812175344721,0.034,74,"X16"
"Bosque Ripario",0.289148056512828,0.023,63,"X173"
"Bosque Ripario",0.283630885383879,0.047,71,"X46"
"Bosque Ripario",0.276176525952268,0.02,61,"X301"
"Bosque Ripario",0.261000664542997,0.045,61,"X2839"
"Bosque Ripario",0.257198418713452,0.018,50,"X429"
"Bosque Ripario",0.250836425812926,0.029,56,"X45"
"Bosque Ripario",0.221516556944253,0.04,47,"X530"
"Herbazales",0.55269618066695,0.001,76,"X932"
"Herbazales",0.533051944559254,0.001,82,"X1061"
"Herbazales",0.504986853487166,0.001,97,"X802"
"Herbazales",0.495034464846797,0.001,147,"X2728"
"Herbazales",0.493992741388073,0.002,78,"X2590"
"Herbazales",0.487907110438019,0.001,62,"X2229"
"Herbazales",0.480417718525729,0.001,76,"X30"
"Herbazales",0.476136140330165,0.001,54,"X669"
"Herbazales",0.473555775041147,0.001,83,"X1190"
"Herbazales",0.467133883447588,0.002,95,"X1191"
"Herbazales",0.465553521039701,0.001,94,"X801"
"Herbazales",0.456222593572398,0.002,105,"X2087"
"Herbazales",0.450405668669546,0.001,155,"X2473"
"Herbazales",0.449208178194896,0.001,79,"X803"
"Herbazales",0.444356638856534,0.004,102,"X1959"
"Herbazales",0.442558551848855,0.001,97,"X2355"
"Herbazales",0.440558490916902,0.003,152,"X2856"
"Herbazales",0.4395972144259,0.002,126,"X2660"
"Herbazales",0.435805513354037,0.003,101,"X2356"
"Herbazales",0.435617609713356,0.002,111,"X2086"
"Herbazales",0.434120574191847,0.004,151,"X2345"
"Herbazales",0.432510801099956,0.008,105,"X2336"
"Herbazales",0.431321744778447,0.002,94,"X2359"
"Herbazales",0.428126804687874,0.005,116,"X2406"
"Herbazales",0.425179302042299,0.004,90,"X2482"
"Herbazales",0.422902395510317,0.01,148,"X2344"
"Herbazales",0.420698597779047,0.02,154,"X2472"
"Herbazales",0.42004597899946,0.001,85,"X1062"
"Herbazales",0.418666217615036,0.003,79,"X2592"
"Herbazales",0.41841653444125,0.019,148,"X2600"
"Herbazales",0.416869354054846,0.004,80,"X1446"
"Herbazales",0.416016657987158,0.007,101,"X2483"
"Herbazales",0.414195812199735,0.002,86,"X2462"
"Herbazales",0.414098371388971,0.002,66,"X2353"
"Herbazales",0.413459476211264,0.003,94,"X2362"
"Herbazales",0.412899680133534,0.012,156,"X2601"
"Herbazales",0.412538058828985,0.003,87,"X1319"
"Herbazales",0.406610910171618,0.005,86,"X2718"
"Herbazales",0.405915427184997,0.047,125,"X2091"
"Herbazales",0.405635388427697,0.005,85,"X1318"
"Herbazales",0.405313136128535,0.002,63,"X541"
"Herbazales",0.405012504642084,0.001,51,"X689"
"Herbazales",0.403917886922678,0.001,87,"X1831"
"Herbazales",0.403443906789863,0.004,84,"X2846"
"Herbazales",0.403022990108007,0.002,75,"X2480"
"Herbazales",0.402427030435823,0.001,38,"X1077"
"Herbazales",0.401775862321284,0.003,82,"X1189"
"Herbazales",0.400170347374959,0.028,129,"X2721"
"Herbazales",0.399876818928991,0.019,154,"X2984"
"Herbazales",0.398233263868359,0.008,90,"X2354"
"Herbazales",0.397750347491085,0.013,124,"X2366"
"Herbazales",0.397470454033263,0.016,117,"X2405"
"Herbazales",0.397215106738326,0.001,51,"X691"
"Herbazales",0.393157632570176,0.007,85,"X2847"
"Herbazales",0.392710211445531,0.013,110,"X2364"
"Herbazales",0.392027065028894,0.009,80,"X2591"
"Herbazales",0.389945362089905,0.008,98,"X2357"
"Herbazales",0.389210799322214,0.014,97,"X2358"
"Herbazales",0.388240289759243,0.007,97,"X931"
"Herbazales",0.387730490098842,0.008,99,"X1060"
"Herbazales",0.387569588520601,0.019,122,"X2537"
"Herbazales",0.387077290688937,0.004,89,"X805"
"Herbazales",0.386081320596989,0.003,53,"X414"
"Herbazales",0.384754463515289,0.024,114,"X2410"
"Herbazales",0.384707137708977,0.001,58,"X2104"
"Herbazales",0.382151699164037,0.001,49,"X670"
"Herbazales",0.379574096686369,0.001,39,"X1335"
"Herbazales",0.378011784399176,0.028,121,"X2532"
"Herbazales",0.377411985722475,0.017,97,"X2610"
"Herbazales",0.377296901717186,0.006,84,"X800"
"Herbazales",0.377156297080225,0.022,117,"X2916"
"Herbazales",0.376815201091662,0.021,114,"X2791"
"Herbazales",0.376588865044287,0.012,101,"X2335"
"Herbazales",0.373636755074087,0.007,83,"X2737"
"Herbazales",0.373195032997036,0.01,83,"X1447"
"Herbazales",0.372591813268647,0.021,105,"X1958"
"Herbazales",0.372375066901734,0.003,73,"X804"
"Herbazales",0.369435656878485,0.003,36,"X1463"
"Herbazales",0.369193445107273,0.018,115,"X2400"
"Herbazales",0.368778821096103,0.012,87,"X2975"
"Herbazales",0.368315169776867,0.024,117,"X2663"
"Herbazales",0.366782414423436,0.013,86,"X2719"
"Herbazales",0.365955046769341,0.034,111,"X2914"
"Herbazales",0.365203248497886,0.01,79,"X2974"
"Herbazales",0.364572561587222,0.006,68,"X413"
"Herbazales",0.364020321560357,0.002,39,"X1206"
"Herbazales",0.362424172473128,0.005,59,"X2103"
"Herbazales",0.362415077320432,0.013,88,"X2848"
"Herbazales",0.362021936267482,0.028,112,"X2404"
"Herbazales",0.360965120483974,0.033,113,"X2371"
"Herbazales",0.360585414027894,0.026,105,"X2484"
"Herbazales",0.360023433752936,0.004,40,"X1465"
"Herbazales",0.359406921854434,0.001,58,"X817"
"Herbazales",0.359296347600105,0.001,46,"X948"
"Herbazales",0.358202778107428,0.02,101,"X2739"
"Herbazales",0.357807314313887,0.005,63,"X2228"
"Herbazales",0.357718661636117,0.001,42,"X1591"
"Herbazales",0.356885586684677,0.016,98,"X2363"
"Herbazales",0.35638378182837,0.005,58,"X2230"
"Herbazales",0.355862482909603,0.002,37,"X1208"
"Herbazales",0.3545170311427,0.003,71,"X286"
"Herbazales",0.354361282560999,0.035,107,"X2413"
"Herbazales",0.353904658184347,0.01,70,"X285"
"Herbazales",0.351395119350315,0.003,63,"X158"
"Herbazales",0.351057501461844,0.009,78,"X157"
"Herbazales",0.350455495268251,0.004,61,"X1974"
"Herbazales",0.349647280345489,0.013,93,"X2361"
"Herbazales",0.345687360790131,0.025,94,"X1830"
"Herbazales",0.345363859361298,0.005,59,"X542"
"Herbazales",0.344878710670214,0.016,82,"X31"
"Herbazales",0.343892780263908,0.027,86,"X2463"
"Herbazales",0.343802626901887,0.004,56,"X818"
"Herbazales",0.343530033101419,0.001,39,"X1205"
"Herbazales",0.342994417604695,0.005,61,"X1185"
"Herbazales",0.342304773544475,0.026,93,"X1317"
"Herbazales",0.34196235405008,0.002,49,"X946"
"Herbazales",0.341606405538754,0.002,51,"X1074"
"Herbazales",0.339790696840615,0.016,90,"X930"
"Herbazales",0.338789514123059,0.006,58,"X1975"
"Herbazales",0.337277021791647,0.011,70,"X2481"
"Herbazales",0.335939836688338,0.007,47,"X1720"
"Herbazales",0.335872710531549,0.019,81,"X2864"
"Herbazales",0.335418392163891,0.002,57,"X2102"
"Herbazales",0.335246707514421,0.002,43,"X1461"
"Herbazales",0.335016318148588,0.012,78,"X305"
"Herbazales",0.334355167698989,0.003,44,"X1336"
"Herbazales",0.334284092803016,0.047,107,"X2424"
"Herbazales",0.333748706596817,0.004,44,"X1333"
"Herbazales",0.332720723903224,0.004,58,"X2231"
"Herbazales",0.332485925354904,0.026,82,"X1574"
"Herbazales",0.332289579505079,0.045,91,"X49"
"Herbazales",0.331458683028799,0.005,57,"X2101"
"Herbazales",0.329479737549445,0.007,48,"X1718"
"Herbazales",0.328751635924171,0.004,44,"X2203"
"Herbazales",0.32333324590545,0.037,93,"X50"
"Herbazales",0.320231723390452,0.005,43,"X1848"
"Herbazales",0.319716128600912,0.032,85,"X929"
"Herbazales",0.31930169518458,0.031,87,"X2360"
"Herbazales",0.317986526268689,0.016,67,"X561"
"Herbazales",0.31741788917832,0.032,82,"X1702"
"Herbazales",0.317404782392527,0.008,58,"X1846"
"Herbazales",0.317182907286328,0.01,62,"X2227"
"Herbazales",0.316673199862535,0.043,93,"X2867"
"Herbazales",0.315329758232383,0.003,41,"X1464"
"Herbazales",0.314169172631627,0.001,38,"X1334"
"Herbazales",0.314004735223342,0.008,50,"X690"
"Herbazales",0.313762278931072,0.028,77,"X668"
"Herbazales",0.312107417356337,0.003,45,"X1590"
"Herbazales",0.309386661606733,0.006,49,"X1462"
"Herbazales",0.309156843263657,0.002,36,"X1207"
"Herbazales",0.308852262425121,0.001,40,"X1076"
"Herbazales",0.308056420938143,0.031,81,"X306"
"Herbazales",0.304029241896237,0.001,44,"X1719"
"Herbazales",0.302645191082288,0.005,39,"X1078"
"Herbazales",0.302388040419886,0.001,42,"X949"
"Herbazales",0.301568877031263,0.024,67,"X433"
"Herbazales",0.300858491965699,0.042,82,"X2993"
"Herbazales",0.300095139271513,0.033,77,"X2609"
"Herbazales",0.299727004010392,0.028,71,"X1575"
"Herbazales",0.296308452924118,0.012,50,"X819"
"Herbazales",0.295940790315677,0.018,56,"X562"
"Herbazales",0.29491074508193,0.005,39,"X1592"
"Herbazales",0.293423982521919,0.009,45,"X1203"
"Herbazales",0.29334325263208,0.011,50,"X1847"
"Herbazales",0.292293677963591,0.015,53,"X1976"
"Herbazales",0.287476987109346,0.009,48,"X797"
"Herbazales",0.286897012533504,0.02,55,"X947"
"Herbazales",0.286248494360339,0.005,34,"X1079"
"Herbazales",0.285281857141335,0.002,43,"X1202"
"Herbazales",0.282573704307713,0.008,43,"X1721"
"Herbazales",0.282420789319661,0.003,35,"X1337"
"Herbazales",0.279887655334151,0.01,38,"X1593"
"Herbazales",0.276469280414512,0.019,47,"X1777"
"Herbazales",0.276291262597792,0.022,56,"X563"
"Herbazales",0.274675869221427,0.005,39,"X1332"
"Herbazales",0.270845692305725,0.036,64,"X796"
"Herbazales",0.270822848639744,0.019,55,"X933"
"Herbazales",0.268216405294763,0.013,45,"X693"
"Herbazales",0.26697666448157,0.022,48,"X688"
"Herbazales",0.266451804741452,0.02,51,"X1849"
"Herbazales",0.26623804889412,0.031,58,"X2479"
"Herbazales",0.26382863788378,0.031,54,"X1977"
"Herbazales",0.263478627265441,0.008,34,"X950"
"Herbazales",0.262658747204214,0.01,39,"X1386"
"Herbazales",0.262274300066085,0.041,57,"X1973"
"Herbazales",0.262224970316401,0.02,45,"X1204"
"Herbazales",0.254655303719405,0.022,53,"X2607"
"Herbazales",0.25405351521504,0.024,49,"X1075"
"Herbazales",0.253798660285769,0.008,39,"X1389"
"Herbazales",0.249089472267844,0.006,29,"X1080"
"Herbazales",0.248563424909554,0.031,55,"X945"
"Herbazales",0.245383458763248,0.018,34,"X2563"
"Herbazales",0.245320668727539,0.012,39,"X1519"
"Herbazales",0.244527355175733,0.005,36,"X1388"
"Herbazales",0.24102138777997,0.046,52,"X1845"
"Herbazales",0.240390739247897,0.026,45,"X1259"
"Herbazales",0.236954273634657,0.021,41,"X692"
"Herbazales",0.232684831669286,0.045,48,"X1716"
"Herbazales",0.232229759088521,0.04,47,"X1384"
"Herbazales",0.23158718091206,0.049,49,"X794"
"Herbazales",0.229591442751857,0.03,45,"X687"
"Herbazales",0.229203052789931,0.019,44,"X1717"
"Herbazales",0.228211710970385,0.033,41,"X1260"
"Herbazales",0.227240264849679,0.024,37,"X820"
"Herbazales",0.223987989344091,0.046,52,"X1128"
"Herbazales",0.220965277157891,0.029,37,"X1774"
"Herbazales",0.219669145022158,0.008,25,"X2958"
"Herbazales",0.218084631954409,0.024,40,"X1052"
"Herbazales",0.21471728408961,0.035,41,"X1589"
"Herbazales",0.211332604446394,0.023,35,"X1209"
"Herbazales",0.210514382606792,0.035,38,"X1159"
"Herbazales",0.204281736694013,0.043,35,"X2208"
"Herbazales",0.202742594490858,0.043,36,"X1594"
"Herbazales",0.198332442499168,0.025,34,"X1173"
"Herbazales",0.194956715822882,0.038,32,"X2442"
"Herbazales",0.19422172029712,0.04,38,"X1167"
"Herbazales",0.194179659122888,0.043,37,"X1180"
"Herbazales",0.192960146404355,0.024,26,"X2830"
"Herbazales",0.191719387218596,0.048,38,"X782"
"Herbazales",0.191357551962153,0.042,39,"X1264"
"Herbazales",0.190247017441171,0.007,17,"X1561"
"Herbazales",0.186401269344454,0.049,30,"X1629"
"Herbazales",0.182870569135277,0.04,35,"X1181"
"Herbazales",0.175770779699035,0.012,17,"X1433"
"Herbazales",0.174901234059018,0.045,31,"X2076"
"Herbazales",0.172730051135997,0.046,29,"X1466"
"Herbazales",0.164972978739006,0.029,24,"X1419"
"Herbazales",0.140101901078914,0.046,23,"X1306"
"Herbazales",0.139463708376699,0.049,19,"X1560"
"Herbazales",0.136327047307043,0.014,13,"X1559"
"Herbazales",0.133903642245709,0.043,18,"X1293"
"Palma",0.567848139216141,0.001,120,"X2635"
"Palma",0.567724661126969,0.001,119,"X69"
"Palma",0.56301396704279,0.001,113,"X220"
"Palma",0.56298351638288,0.001,115,"X2885"
"Palma",0.558299599943273,0.001,108,"X328"
"Palma",0.555484642222924,0.001,113,"X67"
"Palma",0.553265395329075,0.001,106,"X71"
"Palma",0.55265339452336,0.001,107,"X345"
"Palma",0.552300332253897,0.001,102,"X200"
"Palma",0.552242573444708,0.001,112,"X203"
"Palma",0.549523405616737,0.001,118,"X219"
"Palma",0.548873905962136,0.001,112,"X478"
"Palma",0.548297016073008,0.001,111,"X2888"
"Palma",0.54752642618821,0.001,117,"X449"
"Palma",0.545940496457679,0.001,115,"X2900"
"Palma",0.545787317296596,0.001,110,"X196"
"Palma",0.542536470753027,0.001,106,"X348"
"Palma",0.540746510219988,0.001,108,"X349"
"Palma",0.540615723808389,0.001,107,"X2886"
"Palma",0.537291427908658,0.001,119,"X63"
"Palma",0.537041680436378,0.001,116,"X2756"
"Palma",0.536725903346039,0.001,100,"X455"
"Palma",0.536532791283059,0.001,111,"X93"
"Palma",0.535484415531586,0.001,99,"X451"
"Palma",0.535122096587861,0.001,117,"X2891"
"Palma",0.534953700246985,0.001,122,"X2781"
"Palma",0.533668479840194,0.001,125,"X2628"
"Palma",0.532325036261712,0.001,113,"X223"
"Palma",0.529817316893293,0.001,126,"X2906"
"Palma",0.529410307655396,0.001,116,"X3038"
"Palma",0.529211302402364,0.001,91,"X604"
"Palma",0.528806488622509,0.001,112,"X350"
"Palma",0.528738021194106,0.001,93,"X578"
"Palma",0.528626630827638,0.001,116,"X221"
"Palma",0.528448883424737,0.001,111,"X2761"
"Palma",0.527830492315671,0.001,115,"X3037"
"Palma",0.526896606618773,0.001,123,"X217"
"Palma",0.52673286022478,0.001,119,"X2759"
"Palma",0.526137917700092,0.001,103,"X351"
"Palma",0.525269272946864,0.001,105,"X3013"
"Palma",0.524012852455752,0.001,110,"X3015"
"Palma",0.523557832847748,0.001,119,"X3036"
"Palma",0.523359700920163,0.001,105,"X199"
"Palma",0.521987974098199,0.001,112,"X3019"
"Palma",0.521762246749263,0.001,114,"X92"
"Palma",0.521449510574481,0.001,105,"X195"
"Palma",0.520359507253144,0.001,126,"X2503"
"Palma",0.520350474969217,0.001,111,"X476"
"Palma",0.519642857549217,0.001,111,"X215"
"Palma",0.519592555164675,0.001,100,"X454"
"Palma",0.519505588004986,0.001,105,"X197"
"Palma",0.519256486504751,0.001,104,"X477"
"Palma",0.518445469516222,0.001,122,"X2631"
"Palma",0.518129104056596,0.001,117,"X76"
"Palma",0.517505321273465,0.001,121,"X2880"
"Palma",0.517051772646757,0.001,107,"X458"
"Palma",0.516968854917984,0.001,110,"X3014"
"Palma",0.516095602061215,0.001,115,"X2630"
"Palma",0.515994656241417,0.001,107,"X198"
"Palma",0.514849868572717,0.001,100,"X327"
"Palma",0.514841506200178,0.001,130,"X2624"
"Palma",0.514686719462997,0.001,108,"X318"
"Palma",0.513237497710659,0.001,112,"X3039"
"Palma",0.512018392503648,0.001,112,"X2883"
"Palma",0.511522788527908,0.001,116,"X81"
"Palma",0.51106893354977,0.001,112,"X2677"
"Palma",0.510706292547245,0.001,105,"X3017"
"Palma",0.50998375417668,0.001,116,"X2782"
"Palma",0.509569077928469,0.001,116,"X70"
"Palma",0.50954931367032,0.001,120,"X2892"
"Palma",0.50904800382553,0.001,98,"X606"
"Palma",0.508789404263583,0.001,113,"X3026"
"Palma",0.507954301896679,0.001,132,"X2526"
"Palma",0.507844909410597,0.001,116,"X191"
"Palma",0.507808043730217,0.001,125,"X2774"
"Palma",0.507189382741155,0.001,128,"X2653"
"Palma",0.506595136209386,0.001,121,"X2908"
"Palma",0.506590884321964,0.001,102,"X74"
"Palma",0.50647165755929,0.001,113,"X2890"
"Palma",0.506458614445869,0.001,112,"X3012"
"Palma",0.506150746442848,0.001,96,"X325"
"Palma",0.504566582856115,0.001,126,"X2878"
"Palma",0.504456723376636,0.001,123,"X2634"
"Palma",0.504166334098445,0.001,110,"X75"
"Palma",0.503890561430109,0.001,115,"X2758"
"Palma",0.503424007351614,0.001,113,"X193"
"Palma",0.503106796654619,0.001,125,"X2779"
"Palma",0.502531949945312,0.001,111,"X94"
"Palma",0.502221116359881,0.001,121,"X2502"
"Palma",0.501296271961943,0.001,104,"X479"
"Palma",0.501293598722312,0.001,107,"X341"
"Palma",0.501206542352569,0.001,100,"X323"
"Palma",0.500959673094054,0.001,116,"X2632"
"Palma",0.500648948509195,0.001,126,"X2498"
"Palma",0.500270684889616,0.001,110,"X66"
"Palma",0.500122553675996,0.001,132,"X2652"
"Palma",0.499521743689001,0.001,120,"X2909"
"Palma",0.499490400142974,0.001,117,"X3018"
"Palma",0.499311523083024,0.001,119,"X2654"
"Palma",0.49925292945369,0.001,121,"X2764"
"Palma",0.498995310547551,0.002,117,"X2910"
"Palma",0.498970744323613,0.001,117,"X3031"
"Palma",0.498854651400669,0.001,119,"X3030"
"Palma",0.498248150252419,0.001,119,"X78"
"Palma",0.49797526772004,0.001,110,"X2757"
"Palma",0.497672767202854,0.001,106,"X474"
"Palma",0.496538356698029,0.001,114,"X2753"
"Palma",0.496507998297988,0.001,112,"X2884"
"Palma",0.496340574742402,0.001,103,"X324"
"Palma",0.496224751077486,0.001,114,"X3010"
"Palma",0.495963209832343,0.001,112,"X88"
"Palma",0.495510788284311,0.001,110,"X346"
"Palma",0.495462830279296,0.001,109,"X332"
"Palma",0.49511121712534,0.001,122,"X2655"
"Palma",0.494689677391298,0.001,122,"X3032"
"Palma",0.494319671110337,0.001,115,"X3020"
"Palma",0.494054950728673,0.001,117,"X2499"
"Palma",0.493706341246478,0.001,107,"X447"
"Palma",0.493617842027349,0.001,113,"X2911"
"Palma",0.493310431409326,0.001,118,"X91"
"Palma",0.492625068960562,0.001,120,"X3006"
"Palma",0.492609614639641,0.001,115,"X2762"
"Palma",0.492540868788389,0.001,108,"X347"
"Palma",0.492332869807809,0.001,122,"X2763"
"Palma",0.492324644718206,0.001,129,"X2626"
"Palma",0.49214384103911,0.001,108,"X224"
"Palma",0.492141863076628,0.001,99,"X326"
"Palma",0.491735347453633,0.001,104,"X342"
"Palma",0.491502078685495,0.001,127,"X2623"
"Palma",0.49095703468287,0.001,111,"X213"
"Palma",0.490865063422031,0.001,110,"X337"
"Palma",0.490759557324793,0.001,122,"X2760"
"Palma",0.490725268074692,0.001,105,"X73"
"Palma",0.489793343150411,0.001,116,"X2671"
"Palma",0.489746155420332,0.001,131,"X2778"
"Palma",0.489725428164523,0.001,120,"X2894"
"Palma",0.488818865623297,0.001,94,"X595"
"Palma",0.488592275334333,0.001,125,"X2633"
"Palma",0.48837303290829,0.001,118,"X87"
"Palma",0.488298911964341,0.001,124,"X2752"
"Palma",0.487989397805106,0.001,102,"X457"
"Palma",0.487692745543042,0.001,98,"X603"
"Palma",0.487555670087739,0.001,117,"X3023"
"Palma",0.48689748906751,0.001,112,"X222"
"Palma",0.486707766608989,0.001,114,"X2887"
"Palma",0.486706411589417,0.002,119,"X3007"
"Palma",0.486453429839095,0.001,115,"X3008"
"Palma",0.486287205229235,0.001,126,"X2501"
"Palma",0.486197441229074,0.001,116,"X206"
"Palma",0.486122133569279,0.001,121,"X2528"
"Palma",0.485582853855409,0.002,100,"X453"
"Palma",0.485021298885724,0.001,114,"X2807"
"Palma",0.484850814625541,0.001,94,"X472"
"Palma",0.48480274543767,0.001,120,"X3035"
"Palma",0.484507856008328,0.001,116,"X2544"
"Palma",0.484367674809956,0.001,116,"X216"
"Palma",0.484255129972822,0.001,121,"X3029"
"Palma",0.483668883275593,0.002,118,"X2545"
"Palma",0.483236167474844,0.001,124,"X3034"
"Palma",0.482403405869429,0.001,107,"X605"
"Palma",0.482268702924612,0.001,111,"X3016"
"Palma",0.482041956725653,0.001,127,"X2773"
"Palma",0.481243095866661,0.001,138,"X2648"
"Palma",0.480735299041498,0.001,114,"X205"
"Palma",0.480562576769175,0.001,103,"X344"
"Palma",0.480530933192046,0.002,104,"X2929"
"Palma",0.480265883917338,0.002,107,"X321"
"Palma",0.479536308772199,0.002,123,"X2625"
"Palma",0.47942884074101,0.001,96,"X580"
"Palma",0.479428720119072,0.001,90,"X576"
"Palma",0.479181719023378,0.001,147,"X809"
"Palma",0.479163845128547,0.001,114,"X72"
"Palma",0.478034693353783,0.001,128,"X2646"
"Palma",0.477735184390223,0.001,123,"X2629"
"Palma",0.477559946658867,0.001,101,"X330"
"Palma",0.477355434290493,0.001,127,"X2497"
"Palma",0.477320371962784,0.002,106,"X2928"
"Palma",0.476603873088079,0.002,114,"X2755"
"Palma",0.476469183452785,0.001,127,"X2780"
"Palma",0.476340869580594,0.001,118,"X64"
"Palma",0.476060750396853,0.001,123,"X2899"
"Palma",0.475810487065584,0.001,127,"X2504"
"Palma",0.475451711429532,0.003,103,"X322"
"Palma",0.475056892610472,0.001,99,"X475"
"Palma",0.474216274080563,0.001,110,"X3040"
"Palma",0.474161111512185,0.001,116,"X2881"
"Palma",0.47331789412165,0.001,133,"X2645"
"Palma",0.472821449524881,0.001,108,"X352"
"Palma",0.472517726346254,0.002,124,"X2527"
"Palma",0.472327477999711,0.002,109,"X3057"
"Palma",0.472222276645764,0.002,96,"X462"
"Palma",0.471682484401145,0.002,93,"X579"
"Palma",0.471493540279252,0.002,132,"X2651"
"Palma",0.47139587933497,0.001,114,"X77"
"Palma",0.471217067011252,0.001,125,"X2879"
"Palma",0.471030814108816,0.001,113,"X2912"
"Palma",0.47088530708599,0.001,98,"X329"
"Palma",0.470754899974134,0.001,124,"X2777"
"Palma",0.470177985890827,0.001,98,"X584"
"Palma",0.469760739132957,0.001,96,"X331"
"Palma",0.469224081727212,0.001,123,"X2905"
"Palma",0.4691431229012,0.001,135,"X2519"
"Palma",0.46908215446441,0.001,116,"X2898"
"Palma",0.46870463647189,0.001,109,"X211"
"Palma",0.468371635737397,0.001,100,"X334"
"Palma",0.467529602847196,0.001,93,"X602"
"Palma",0.467512614173054,0.001,134,"X2522"
"Palma",0.467274899010058,0.001,101,"X456"
"Palma",0.466944776217563,0.001,108,"X339"
"Palma",0.466813595598096,0.001,127,"X2751"
"Palma",0.46676963644801,0.001,96,"X585"
"Palma",0.466723740977952,0.001,114,"X2907"
"Palma",0.466700153258086,0.002,107,"X461"
"Palma",0.466602864992859,0.003,116,"X62"
"Palma",0.465638596770497,0.001,104,"X473"
"Palma",0.465079515668307,0.001,124,"X2681"
"Palma",0.464955998534816,0.002,124,"X2656"
"Palma",0.464824176055292,0.001,127,"X2776"
"Palma",0.464088845551755,0.001,97,"X372"
"Palma",0.46400135603285,0.004,114,"X2658"
"Palma",0.462983327429452,0.001,120,"X90"
"Palma",0.4629790931802,0.001,156,"X169"
"Palma",0.462875388154284,0.001,108,"X2784"
"Palma",0.462567841296092,0.001,96,"X582"
"Palma",0.46224300402096,0.002,111,"X207"
"Palma",0.462211447969625,0.001,135,"X2650"
"Palma",0.462175129807483,0.001,100,"X452"
"Palma",0.462066094480139,0.001,119,"X89"
"Palma",0.461747243356765,0.002,118,"X3033"
"Palma",0.461194669806614,0.001,111,"X95"
"Palma",0.460969732709218,0.002,110,"X201"
"Palma",0.460714448382304,0.001,120,"X214"
"Palma",0.460446642785536,0.001,103,"X240"
"Palma",0.460366323649063,0.001,94,"X459"
"Palma",0.460115071495751,0.001,140,"X2518"
"Palma",0.460036252898986,0.002,113,"X189"
"Palma",0.459822586772343,0.001,117,"X2552"
"Palma",0.459346216552534,0.001,144,"X26"
"Palma",0.459257381571418,0.002,126,"X2505"
"Palma",0.459126079748413,0.001,126,"X2507"
"Palma",0.459056302531658,0.002,106,"X2925"
"Palma",0.458969844563086,0.002,118,"X2775"
"Palma",0.458292374017345,0.001,111,"X96"
"Palma",0.457905831449929,0.001,100,"X600"
"Palma",0.457844253693459,0.002,125,"X2766"
"Palma",0.457793187028462,0.001,110,"X194"
"Palma",0.457715202279264,0.001,127,"X2506"
"Palma",0.456984517131812,0.001,119,"X65"
"Palma",0.456903397840424,0.001,120,"X3021"
"Palma",0.45681383898704,0.001,124,"X2637"
"Palma",0.456722104084163,0.005,156,"X2970"
"Palma",0.456070794284661,0.003,112,"X202"
"Palma",0.456040587419146,0.001,108,"X320"
"Palma",0.455463649785689,0.001,105,"X464"
"Palma",0.45540849285121,0.002,111,"X85"
"Palma",0.454751455239144,0.002,121,"X2895"
"Palma",0.454270000757233,0.001,108,"X469"
"Palma",0.454256461828593,0.001,142,"X2558"
"Palma",0.454244124149091,0.001,110,"X212"
"Palma",0.453987020752734,0.001,125,"X2500"
"Palma",0.453901330802675,0.003,110,"X2674"
"Palma",0.453859469404666,0.002,126,"X2636"
"Palma",0.453446802637724,0.002,132,"X2496"
"Palma",0.453264970410153,0.002,127,"X2640"
"Palma",0.453182629310859,0.001,135,"X2641"
"Palma",0.453076848643248,0.001,125,"X2682"
"Palma",0.452664590844869,0.002,113,"X218"
"Palma",0.45264732288799,0.002,113,"X2547"
"Palma",0.452572445545763,0.001,116,"X2543"
"Palma",0.452352597557897,0.001,121,"X2783"
"Palma",0.452149922461291,0.001,112,"X2889"
"Palma",0.451847822798337,0.002,128,"X2508"
"Palma",0.451324025002093,0.002,116,"X86"
"Palma",0.451125337037034,0.003,117,"X2913"
"Palma",0.450949493425323,0.001,117,"X2541"
"Palma",0.450500247074335,0.001,132,"X2649"
"Palma",0.450067697702715,0.001,136,"X2525"
"Palma",0.449888494296604,0.003,116,"X3009"
"Palma",0.449833376507808,0.003,118,"X2893"
"Palma",0.449748021905372,0.002,123,"X2750"
"Palma",0.449269042335765,0.002,112,"X3022"
"Palma",0.449262914828856,0.001,106,"X2935"
"Palma",0.448857143406094,0.003,143,"X154"
"Palma",0.448617185951191,0.002,96,"X587"
"Palma",0.448483579257007,0.001,110,"X3055"
"Palma",0.448367681603689,0.002,111,"X2673"
"Palma",0.448150299230561,0.002,148,"X425"
"Palma",0.44810748668438,0.001,125,"X2897"
"Palma",0.447858536257385,0.001,116,"X2548"
"Palma",0.447607592845513,0.002,111,"X2676"
"Palma",0.447530848168072,0.002,105,"X2804"
"Palma",0.447298279678167,0.001,101,"X480"
"Palma",0.447201181477565,0.001,103,"X460"
"Palma",0.447158401339086,0.004,111,"X338"
"Palma",0.446631709942892,0.004,142,"X2517"
"Palma",0.446239985896491,0.001,135,"X2647"
"Palma",0.446215278447184,0.001,104,"X2803"
"Palma",0.446148137819125,0.001,104,"X2933"
"Palma",0.446003584402231,0.004,106,"X470"
"Palma",0.445965454214406,0.001,114,"X84"
"Palma",0.445137408145821,0.001,108,"X82"
"Palma",0.445129275843301,0.001,120,"X3028"
"Palma",0.445035082068396,0.003,103,"X448"
"Palma",0.444665979117419,0.001,119,"X2754"
"Palma",0.444479965814618,0.003,118,"X2657"
"Palma",0.444207948688688,0.003,119,"X2903"
"Palma",0.444077450378203,0.001,99,"X601"
"Palma",0.444057169429257,0.003,130,"X2770"
"Palma",0.443905646809724,0.001,117,"X2765"
"Palma",0.44331602876993,0.001,86,"X581"
"Palma",0.443125967581927,0.002,107,"X2806"
"Palma",0.442784834462406,0.003,99,"X112"
"Palma",0.442768029954189,0.001,101,"X467"
"Palma",0.442610585133481,0.003,138,"X2523"
"Palma",0.442227194331793,0.001,108,"X2550"
"Palma",0.441620767420551,0.001,134,"X2644"
"Palma",0.441299316706228,0.002,116,"X83"
"Palma",0.441299278329881,0.004,107,"X204"
"Palma",0.440859217390337,0.002,114,"X2904"
"Palma",0.440488020477876,0.002,93,"X599"
"Palma",0.440438073861203,0.001,126,"X2643"
"Palma",0.440268553531124,0.001,100,"X450"
"Palma",0.440184911133203,0.003,108,"X335"
"Palma",0.439725260597572,0.002,125,"X2554"
"Palma",0.439636778551959,0.002,110,"X192"
"Palma",0.4392547893983,0.004,118,"X3027"
"Palma",0.439091621952335,0.001,79,"X2255"
"Palma",0.439083895227491,0.001,122,"X2902"
"Palma",0.438786089547383,0.002,115,"X2882"
"Palma",0.438445772427249,0.002,98,"X592"
"Palma",0.43801125395501,0.004,103,"X597"
"Palma",0.437756779804406,0.001,107,"X2675"
"Palma",0.437704631620339,0.001,111,"X2672"
"Palma",0.437660387433192,0.002,114,"X3041"
"Palma",0.437438753104794,0.002,125,"X2771"
"Palma",0.437419752365944,0.003,114,"X210"
"Palma",0.437272122468123,0.006,117,"X2785"
"Palma",0.437078055613212,0.002,127,"X2642"
"Palma",0.436926193804425,0.002,106,"X68"
"Palma",0.43685897142685,0.002,126,"X2901"
"Palma",0.436739949013889,0.002,112,"X2546"
"Palma",0.436267527213062,0.001,107,"X244"
"Palma",0.436205629028908,0.002,129,"X2494"
"Palma",0.435921973165228,0.002,109,"X343"
"Palma",0.4357351485318,0.002,131,"X2509"
"Palma",0.433739407854,0.001,118,"X2896"
"Palma",0.433522444384396,0.003,123,"X2769"
"Palma",0.433387278991803,0.002,127,"X2767"
"Palma",0.433228454779139,0.003,112,"X2800"
"Palma",0.43304115565067,0.003,113,"X208"
"Palma",0.433029856774559,0.003,107,"X3062"
"Palma",0.43302249632341,0.003,134,"X2510"
"Palma",0.432975875944268,0.004,140,"X2684"
"Palma",0.432757410573979,0.003,99,"X583"
"Palma",0.432292632682544,0.002,139,"X2515"
"Palma",0.432228849346796,0.01,148,"X553"
"Palma",0.432132744736254,0.006,121,"X2627"
"Palma",0.431794014082586,0.002,129,"X2529"
"Palma",0.431092581770872,0.001,116,"X2669"
"Palma",0.430859165210699,0.001,109,"X336"
"Palma",0.430836079778559,0.002,121,"X3025"
"Palma",0.430517406989873,0.009,146,"X681"
"Palma",0.429731025521053,0.011,125,"X2398"
"Palma",0.429640569555161,0.003,160,"X41"
"Palma",0.429628069577517,0.007,132,"X2495"
"Palma",0.429310244828125,0.003,107,"X3011"
"Palma",0.42923683213923,0.004,66,"X2036"
"Palma",0.429177178876078,0.005,130,"X2772"
"Palma",0.429113320486201,0.005,133,"X2524"
"Palma",0.427852429455179,0.001,116,"X2542"
"Palma",0.427701520043747,0.002,136,"X2683"
"Palma",0.427521120274083,0.005,133,"X2622"
"Palma",0.427456922706249,0.001,69,"X2153"
"Palma",0.426914190126161,0.003,146,"X297"
"Palma",0.426841554257192,0.004,132,"X2556"
"Palma",0.426362647867104,0.002,70,"X2162"
"Palma",0.426119200860697,0.002,110,"X209"
"Palma",0.425694459829998,0.002,97,"X598"
"Palma",0.425181376566815,0.007,132,"X2557"
"Palma",0.425160901064636,0.02,144,"X2342"
"Palma",0.424742457029716,0.007,112,"X2679"
"Palma",0.424339676573573,0.003,110,"X3058"
"Palma",0.424290497872061,0.004,122,"X2768"
"Palma",0.424225590041728,0.002,107,"X2678"
"Palma",0.423896906342124,0.006,108,"X119"
"Palma",0.423882634477472,0.01,129,"X2938"
"Palma",0.42378990947442,0.002,92,"X573"
"Palma",0.423564169342725,0.005,112,"X319"
"Palma",0.423452257011975,0.002,118,"X3064"
"Palma",0.423423487012287,0.001,75,"X2291"
"Palma",0.423258172363686,0.013,159,"X2842"
"Palma",0.42301741654918,0.002,106,"X113"
"Palma",0.422710305011714,0.004,103,"X118"
"Palma",0.422542048219366,0.004,97,"X574"
"Palma",0.422516771556163,0.003,106,"X354"
"Palma",0.422044644212924,0.004,124,"X2540"
"Palma",0.421620971689214,0.006,95,"X500"
"Palma",0.42138444464772,0.006,108,"X2549"
"Palma",0.421095127095882,0.003,138,"X2513"
"Palma",0.420922911955533,0.002,112,"X190"
"Palma",0.420904017055278,0.001,79,"X2284"
"Palma",0.420775187079426,0.006,123,"X2680"
"Palma",0.420696280632728,0.002,99,"X370"
"Palma",0.420570476852132,0.004,140,"X2812"
"Palma",0.42049797137368,0.004,108,"X2799"
"Palma",0.420491698063856,0.003,96,"X575"
"Palma",0.419980714632353,0.007,142,"X2814"
"Palma",0.419456522200252,0.003,66,"X2161"
"Palma",0.419325556392739,0.006,137,"X2512"
"Palma",0.419268025251353,0.011,140,"X2521"
"Palma",0.418807855825134,0.006,109,"X2926"
"Palma",0.418703480192339,0.006,128,"X2638"
"Palma",0.418683784337737,0.004,101,"X465"
"Palma",0.418489889240419,0.006,149,"X808"
"Palma",0.41800894186641,0.003,165,"X2730"
"Palma",0.417177284050323,0.004,105,"X463"
"Palma",0.416872080971701,0.004,124,"X2553"
"Palma",0.416582229498633,0.007,147,"X2942"
"Palma",0.41598812229885,0.003,97,"X608"
"Palma",0.415578915308813,0.009,134,"X2325"
"Palma",0.415230438930274,0.005,81,"X2260"
"Palma",0.415200573658639,0.003,89,"X2274"
"Palma",0.414997903971888,0.001,93,"X609"
"Palma",0.414864097889216,0.006,161,"X2985"
"Palma",0.414813361531352,0.006,105,"X117"
"Palma",0.414780484655463,0.001,64,"X2165"
"Palma",0.414771090786025,0.003,111,"X340"
"Palma",0.414670647286705,0.001,91,"X593"
"Palma",0.414038859458146,0.002,75,"X2272"
"Palma",0.41364343460045,0.007,142,"X298"
"Palma",0.41364256632057,0.005,126,"X2399"
"Palma",0.412494749383381,0.004,119,"X79"
"Palma",0.412413882052745,0.003,114,"X2551"
"Palma",0.412287147003661,0.006,128,"X2639"
"Palma",0.41223279044354,0.012,153,"X552"
"Palma",0.412226116003209,0.003,100,"X3061"
"Palma",0.412014115058347,0.019,152,"X532"
"Palma",0.411816488563318,0.006,103,"X2801"
"Palma",0.41180326382886,0.004,96,"X588"
"Palma",0.411722375410246,0.015,143,"X2686"
"Palma",0.411692330002134,0.003,115,"X248"
"Palma",0.411679756345524,0.007,137,"X2516"
"Palma",0.411341886442697,0.011,139,"X2685"
"Palma",0.410909488133064,0.015,164,"X2602"
"Palma",0.410667167395906,0.007,117,"X120"
"Palma",0.410491721308196,0.011,160,"X2857"
"Palma",0.410099897511533,0.012,117,"X2373"
"Palma",0.410090521617908,0.004,96,"X368"
"Palma",0.409814703312677,0.021,165,"X2714"
"Palma",0.409623634617181,0.004,105,"X333"
"Palma",0.408960972610077,0.016,141,"X2811"
"Palma",0.408850215366656,0.001,84,"X2283"
"Palma",0.408825391757664,0.024,147,"X937"
"Palma",0.408825041084814,0.009,122,"X2665"
"Palma",0.408819820378999,0.003,62,"X2021"
"Palma",0.408062386499301,0.007,131,"X2555"
"Palma",0.407381788647167,0.013,136,"X282"
"Palma",0.407340161781543,0.004,110,"X2808"
"Palma",0.407018834458383,0.002,91,"X591"
"Palma",0.406827411569324,0.003,91,"X499"
"Palma",0.406797814317055,0.009,142,"X2394"
"Palma",0.406382609285994,0.006,110,"X2802"
"Palma",0.405742619373821,0.011,152,"X164"
"Palma",0.405475797361388,0.008,111,"X2670"
"Palma",0.405228832883371,0.006,105,"X445"
"Palma",0.405143633845475,0.003,82,"X2288"
"Palma",0.405044419862672,0.018,139,"X379"
"Palma",0.404848053675816,0.012,137,"X2511"
"Palma",0.404831532753808,0.003,101,"X2931"
"Palma",0.404730272551639,0.01,137,"X2392"
"Palma",0.404576493607233,0.004,95,"X116"
"Palma",0.404539525128354,0.013,122,"X2937"
"Palma",0.404257084616468,0.006,101,"X2932"
"Palma",0.403990817331634,0.007,87,"X2273"
"Palma",0.403918715805727,0.004,66,"X2250"
"Palma",0.40344567544553,0.005,82,"X2296"
"Palma",0.40313421081861,0.003,92,"X577"
"Palma",0.403026905052868,0.003,65,"X2148"
"Palma",0.402950442235607,0.006,102,"X242"
"Palma",0.402661581472965,0.008,114,"X2709"
"Palma",0.402541046165486,0.001,47,"X2119"
"Palma",0.40244741937265,0.004,96,"X373"
"Palma",0.402421014121294,0.001,57,"X2113"
"Palma",0.402242678105327,0.003,91,"X243"
"Palma",0.402075918797012,0.011,107,"X110"
"Palma",0.401855156243862,0.007,106,"X97"
"Palma",0.401674187651135,0.01,126,"X1067"
"Palma",0.401278210893456,0.029,153,"X2597"
"Palma",0.401075766242461,0.014,119,"X2531"
"Palma",0.400925349881845,0.001,55,"X2244"
"Palma",0.400887373798565,0.005,96,"X501"
"Palma",0.400855369334691,0.008,106,"X481"
"Palma",0.400848976769805,0.003,101,"X3060"
"Palma",0.400841258521233,0.01,121,"X505"
"Palma",0.400838043582327,0.007,114,"X376"
"Palma",0.400668347376169,0.012,126,"X2453"
"Palma",0.400483628611855,0.004,113,"X61"
"Palma",0.400349893833494,0.012,131,"X2621"
"Palma",0.399568964395691,0.003,76,"X2293"
"Palma",0.399018944305283,0.007,100,"X3059"
"Palma",0.39887373621343,0.021,162,"X2986"
"Palma",0.398689587851269,0.013,119,"X2749"
"Palma",0.398687050737551,0.013,118,"X3042"
"Palma",0.398023798494769,0.003,106,"X468"
"Palma",0.397741928160538,0.001,78,"X2290"
"Palma",0.397704347904152,0.007,100,"X466"
"Palma",0.397449953235711,0.002,79,"X2271"
"Palma",0.397274948201483,0.045,157,"X2469"
"Palma",0.397170878923216,0.008,114,"X504"
"Palma",0.39716680981679,0.002,61,"X2251"
"Palma",0.397085798671805,0.008,107,"X246"
"Palma",0.397020935518072,0.002,83,"X2286"
"Palma",0.39656149060296,0.007,113,"X2934"
"Palma",0.396495994003942,0.015,121,"X249"
"Palma",0.396085619529942,0.03,164,"X2858"
"Palma",0.395867030835481,0.023,133,"X2093"
"Palma",0.395738045872059,0.028,155,"X2725"
"Palma",0.395415038802731,0.022,116,"X2530"
"Palma",0.395014982002415,0.013,114,"X3024"
"Palma",0.394906045593697,0.02,132,"X2939"
"Palma",0.394499588698618,0.016,146,"X292"
"Palma",0.394423027025044,0.004,92,"X596"
"Palma",0.394306636655323,0.014,103,"X1196"
"Palma",0.393944173037075,0.018,127,"X2380"
"Palma",0.393877336225883,0.017,133,"X2520"
"Palma",0.393860807739183,0.019,142,"X2981"
"Palma",0.393128530137135,0.001,68,"X2170"
"Palma",0.392810233480177,0.02,149,"X2853"
"Palma",0.392460992008267,0.004,94,"X496"
"Palma",0.39216600181347,0.017,120,"X3005"
"Palma",0.391900724191352,0.005,104,"X2930"
"Palma",0.391834102918703,0.002,63,"X2135"
"Palma",0.391392757243317,0.01,96,"X590"
"Palma",0.391352140680562,0.005,83,"X2298"
"Palma",0.390793240512576,0.006,96,"X607"
"Palma",0.390594869071106,0.007,107,"X80"
"Palma",0.390581899443905,0.013,109,"X2796"
"Palma",0.390388162192775,0.003,62,"X2164"
"Palma",0.390286386136282,0.002,67,"X2146"
"Palma",0.390166886025174,0.001,69,"X2145"
"Palma",0.390000986891224,0.018,123,"X2877"
"Palma",0.389996088115095,0.009,96,"X594"
"Palma",0.38997117668794,0.011,116,"X2915"
"Palma",0.389838276720827,0.005,100,"X245"
"Palma",0.3886920898867,0.005,82,"X2277"
"Palma",0.388480543001822,0.013,109,"X225"
"Palma",0.387979929972601,0.02,129,"X939"
"Palma",0.387533121154849,0.001,45,"X2235"
"Palma",0.387503353394047,0.024,130,"X2810"
"Palma",0.387433564359595,0.001,56,"X2246"
"Palma",0.387241114217847,0.012,105,"X317"
"Palma",0.38722263430743,0.047,130,"X281"
"Palma",0.387075480781142,0.003,76,"X2268"
"Palma",0.387057280659267,0.011,119,"X405"
"Palma",0.386986626307351,0.005,92,"X589"
"Palma",0.386777444753105,0.007,105,"X2412"
"Palma",0.386747337947903,0.018,120,"X3065"
"Palma",0.386367766156752,0.01,94,"X586"
"Palma",0.386348381911547,0.05,143,"X2393"
"Palma",0.386303765448085,0.002,61,"X2039"
"Palma",0.385977084462782,0.008,101,"X115"
"Palma",0.385720858537306,0.007,98,"X626"
"Palma",0.385713747915036,0.032,135,"X507"
"Palma",0.384774278904546,0.006,102,"X99"
"Palma",0.384671985063611,0.001,69,"X2151"
"Palma",0.384638957243623,0.028,126,"X277"
"Palma",0.38463271842426,0.008,100,"X446"
"Palma",0.384617561674933,0.003,65,"X2173"
"Palma",0.38457101518837,0.001,66,"X2143"
"Palma",0.384153474980084,0.001,82,"X2278"
"Palma",0.384100933499152,0.022,132,"X2514"
"Palma",0.38401761218141,0.021,122,"X2809"
"Palma",0.383986878440929,0.002,64,"X2252"
"Palma",0.383213270131789,0.009,101,"X471"
"Palma",0.383211852931323,0.035,126,"X409"
"Palma",0.38260260245875,0.014,104,"X2798"
"Palma",0.382306171402533,0.032,127,"X2378"
"Palma",0.381765033503407,0.009,104,"X3054"
"Palma",0.381701230092263,0.044,142,"X251"
"Palma",0.381272480353742,0.004,64,"X2017"
"Palma",0.381239794454189,0.001,68,"X2248"
"Palma",0.381229737575409,0.003,67,"X2166"
"Palma",0.38082447166257,0.01,115,"X188"
"Palma",0.380181253808269,0.029,120,"X121"
"Palma",0.380118274459437,0.021,119,"X2426"
"Palma",0.379751327920338,0.003,65,"X2168"
"Palma",0.379177452276765,0.025,125,"X378"
"Palma",0.378687551965212,0.004,72,"X711"
"Palma",0.378478777107845,0.011,94,"X498"
"Palma",0.378072641474216,0.026,131,"X3066"
"Palma",0.377898546062223,0.021,120,"X2581"
"Palma",0.377735068933435,0.028,128,"X410"
"Palma",0.377691541615992,0.023,121,"X2536"
"Palma",0.376836646116771,0.013,106,"X3063"
"Palma",0.376407890573585,0.003,107,"X2786"
"Palma",0.376252860115806,0.002,76,"X2270"
"Palma",0.375978703687999,0.017,110,"X2921"
"Palma",0.375674240449939,0.008,106,"X3053"
"Palma",0.375568012929923,0.006,100,"X444"
"Palma",0.375262958346271,0.014,105,"X247"
"Palma",0.374960157171766,0.004,62,"X2167"
"Palma",0.374917864953015,0.013,109,"X3056"
"Palma",0.374771860158623,0.006,77,"X2292"
"Palma",0.374633174557558,0.031,122,"X153"
"Palma",0.374601211873818,0.011,97,"X369"
"Palma",0.374553955283831,0.005,70,"X2160"
"Palma",0.374102720888411,0.003,71,"X2156"
"Palma",0.373279548503943,0.018,111,"X238"
"Palma",0.373064091957645,0.013,109,"X2927"
"Palma",0.372979991102447,0.005,71,"X2171"
"Palma",0.372817908880949,0.004,70,"X2139"
"Palma",0.372422354319367,0.044,124,"X2535"
"Palma",0.372394320073696,0.01,113,"X632"
"Palma",0.372209183115283,0.033,122,"X2374"
"Palma",0.372071208473991,0.011,105,"X1068"
"Palma",0.371524071038916,0.016,111,"X2837"
"Palma",0.370857262796449,0.015,106,"X375"
"Palma",0.370178126772531,0.005,79,"X2265"
"Palma",0.369744431684174,0.002,63,"X2042"
"Palma",0.368968450715485,0.022,112,"X2539"
"Palma",0.368943871907242,0.005,82,"X2300"
"Palma",0.368790632622069,0.019,90,"X2279"
"Palma",0.368765925492591,0.003,62,"X2242"
"Palma",0.368399945115011,0.004,65,"X2149"
"Palma",0.36837837595165,0.018,115,"X60"
"Palma",0.368321465962288,0.044,121,"X533"
"Palma",0.368182543847001,0.001,53,"X2243"
"Palma",0.368018844351843,0.006,83,"X2275"
"Palma",0.36780003256551,0.015,101,"X241"
"Palma",0.367557147962596,0.014,107,"X353"
"Palma",0.367492595882403,0.002,70,"X2155"
"Palma",0.367244055264499,0.004,58,"X2126"
"Palma",0.36713455706186,0.01,77,"X2266"
"Palma",0.367007644714816,0.004,68,"X2142"
"Palma",0.366824473198943,0.049,123,"X2094"
"Palma",0.366809958132423,0.004,82,"X2280"
"Palma",0.366556583901967,0.006,79,"X733"
"Palma",0.366295005182017,0.001,62,"X2044"
"Palma",0.365871110253407,0.003,63,"X2041"
"Palma",0.36586111603408,0.009,87,"X572"
"Palma",0.365552133181264,0.045,125,"X2397"
"Palma",0.36552231560977,0.024,94,"X1966"
"Palma",0.365495039283321,0.003,61,"X2137"
"Palma",0.365116720715386,0.025,104,"X2805"
"Palma",0.365030969100093,0.017,106,"X239"
"Palma",0.364833405730476,0.018,111,"X2401"
"Palma",0.364633749165841,0.041,125,"X2620"
"Palma",0.364145981942321,0.016,105,"X109"
"Palma",0.363711980186034,0.019,104,"X503"
"Palma",0.363066731809907,0.031,103,"X108"
"Palma",0.363061011519519,0.003,76,"X2297"
"Palma",0.363054106353497,0.022,101,"X1965"
"Palma",0.362621868485591,0.027,111,"X234"
"Palma",0.362472557169085,0.007,82,"X2287"
"Palma",0.362451893147394,0.027,118,"X2788"
"Palma",0.362424529084307,0.043,116,"X2666"
"Palma",0.36226232148222,0.038,115,"X537"
"Palma",0.362200750742712,0.003,65,"X2150"
"Palma",0.362180853452547,0.013,94,"X497"
"Palma",0.362147200493007,0.037,114,"X2423"
"Palma",0.362121720291736,0.049,125,"X2396"
"Palma",0.361591868844595,0.006,80,"X2289"
"Palma",0.361544899883544,0.023,109,"X2422"
"Palma",0.361504104148006,0.003,72,"X2254"
"Palma",0.361496463421706,0.031,109,"X2409"
"Palma",0.361173566397606,0.028,108,"X2415"
"Palma",0.361172570515093,0.016,100,"X374"
"Palma",0.361128159389273,0.003,52,"X2115"
"Palma",0.361022935441241,0.007,87,"X2281"
"Palma",0.361005250241449,0.036,116,"X682"
"Palma",0.360971082472797,0.049,118,"X149"
"Palma",0.360848253447322,0.021,99,"X495"
"Palma",0.360817858457089,0.007,69,"X731"
"Palma",0.360747368195132,0.026,113,"X2372"
"Palma",0.360699110388742,0.02,106,"X226"
"Palma",0.360324917216602,0.026,105,"X365"
"Palma",0.360167897028183,0.001,72,"X2158"
"Palma",0.360166669180052,0.033,115,"X2795"
"Palma",0.360153865122402,0.038,117,"X2936"
"Palma",0.360128204170602,0.001,46,"X2117"
"Palma",0.359688893134396,0.03,120,"X122"
"Palma",0.35965281633885,0.004,68,"X2131"
"Palma",0.359619788098078,0.032,117,"X3004"
"Palma",0.359545065500197,0.001,62,"X2240"
"Palma",0.359472261388195,0.01,81,"X2259"
"Palma",0.359457111912345,0.007,90,"X114"
"Palma",0.359272513895565,0.003,59,"X2023"
"Palma",0.358746091162896,0.007,65,"X2129"
"Palma",0.358492023750878,0.034,114,"X377"
"Palma",0.358410956217689,0.035,109,"X2489"
"Palma",0.358261226543372,0.003,64,"X2169"
"Palma",0.3582223097259,0.002,44,"X2109"
"Palma",0.357778319836887,0.003,67,"X2154"
"Palma",0.357707507835672,0.005,91,"X625"
"Palma",0.357653728035912,0.034,115,"X2664"
"Palma",0.357633632549111,0.042,113,"X485"
"Palma",0.357273353715756,0.018,102,"X2416"
"Palma",0.357223547716933,0.003,65,"X2045"
"Palma",0.356482755995349,0.006,67,"X2020"
"Palma",0.35645216742413,0.022,111,"X2787"
"Palma",0.35645215247051,0.006,62,"X2035"
"Palma",0.356436405831538,0.026,104,"X2420"
"Palma",0.355714276342643,0.003,66,"X2172"
"Palma",0.355678022645171,0.029,109,"X2667"
"Palma",0.355430590523718,0.011,78,"X2299"
"Palma",0.355182498162578,0.016,99,"X355"
"Palma",0.355101621108986,0.036,111,"X2965"
"Palma",0.354878625677019,0.04,109,"X2375"
"Palma",0.354714513853915,0.006,70,"X2253"
"Palma",0.35412177633013,0.047,115,"X2668"
"Palma",0.354093444176139,0.033,115,"X2659"
"Palma",0.353811065345559,0.005,68,"X2163"
"Palma",0.353624555566102,0.041,116,"X2875"
"Palma",0.353498896825727,0.006,67,"X2147"
"Palma",0.353244933115388,0.011,75,"X2269"
"Palma",0.353209224455703,0.04,104,"X367"
"Palma",0.3523440876411,0.008,70,"X729"
"Palma",0.351228889584351,0.019,92,"X1324"
"Palma",0.350849074137673,0.013,89,"X2282"
"Palma",0.350222562968097,0.021,99,"X1452"
"Palma",0.350031311630107,0.05,122,"X2748"
"Palma",0.350008142080762,0.003,62,"X2133"
"Palma",0.349467637066135,0.003,58,"X2033"
"Palma",0.349400072775663,0.034,108,"X2407"
"Palma",0.348649541388431,0.004,65,"X726"
"Palma",0.348238261149715,0.008,80,"X2295"
"Palma",0.347871195524331,0.001,49,"X2114"
"Palma",0.347447079150184,0.002,48,"X2121"
"Palma",0.347330153116698,0.044,113,"X111"
"Palma",0.34699616129577,0.003,49,"X1913"
"Palma",0.346562635542252,0.048,110,"X633"
"Palma",0.346490983385402,0.01,76,"X2257"
"Palma",0.346480014461734,0.004,50,"X2111"
"Palma",0.345914502763903,0.015,83,"X2267"
"Palma",0.345907218779599,0.012,83,"X735"
"Palma",0.345111873237496,0.007,70,"X734"
"Palma",0.344454409581122,0.003,57,"X2124"
"Palma",0.344310413584584,0.026,96,"X502"
"Palma",0.343268377089979,0.035,105,"X3052"
"Palma",0.342499706946391,0.006,71,"X2144"
"Palma",0.342390943234439,0.041,107,"X237"
"Palma",0.342250681155817,0.035,109,"X2403"
"Palma",0.341382458863409,0.002,55,"X2237"
"Palma",0.341057395319736,0.019,88,"X627"
"Palma",0.340855993646476,0.012,83,"X2285"
"Palma",0.340771439804208,0.007,67,"X2025"
"Palma",0.340135186972464,0.01,71,"X2128"
"Palma",0.340081970553421,0.015,81,"X2263"
"Palma",0.339798168816455,0.04,105,"X2414"
"Palma",0.339590720806458,0.045,104,"X2418"
"Palma",0.339454856250342,0.007,70,"X2157"
"Palma",0.337941065421764,0.039,109,"X2797"
"Palma",0.33726566609244,0.004,60,"X2247"
"Palma",0.337074626482677,0.007,58,"X2038"
"Palma",0.336780042051452,0.013,80,"X2302"
"Palma",0.336274974428066,0.005,57,"X2037"
"Palma",0.336111293463518,0.007,52,"X2116"
"Palma",0.335982048649322,0.008,65,"X2152"
"Palma",0.335832087229581,0.024,94,"X630"
"Palma",0.33488256070916,0.045,108,"X3049"
"Palma",0.334654224070482,0.043,100,"X483"
"Palma",0.334344503101845,0.004,59,"X2040"
"Palma",0.333884677596014,0.018,84,"X2301"
"Palma",0.33384313425821,0.016,68,"X1709"
"Palma",0.333251328853708,0.002,46,"X2108"
"Palma",0.333058210778589,0.005,68,"X2005"
"Palma",0.333006555686423,0.013,77,"X2294"
"Palma",0.332734701990604,0.002,65,"X703"
"Palma",0.3325379539239,0.029,98,"X3043"
"Palma",0.330978114584998,0.022,78,"X1197"
"Palma",0.329971753468757,0.044,100,"X2419"
"Palma",0.329952035308951,0.006,60,"X2043"
"Palma",0.32977032953578,0.006,63,"X2138"
"Palma",0.3297049808524,0.012,72,"X1999"
"Palma",0.329667066052427,0.009,64,"X709"
"Palma",0.32961461903454,0.02,83,"X2276"
"Palma",0.329431556188787,0.018,79,"X730"
"Palma",0.329228605433536,0.02,81,"X1325"
"Palma",0.328606857501672,0.003,49,"X2122"
"Palma",0.327939093699022,0.009,66,"X2032"
"Palma",0.327914470900292,0.006,63,"X2026"
"Palma",0.327883679722209,0.005,57,"X2125"
"Palma",0.327526963675427,0.012,70,"X2174"
"Palma",0.327387100970245,0.006,56,"X2241"
"Palma",0.326339705353296,0.016,67,"X2016"
"Palma",0.32528447327132,0.005,50,"X1995"
"Palma",0.325065628050459,0.003,38,"X985"
"Palma",0.32504968717064,0.014,63,"X2130"
"Palma",0.324435393146677,0.029,87,"X629"
"Palma",0.323894499354711,0.009,58,"X2034"
"Palma",0.323868131917607,0.004,53,"X702"
"Palma",0.322999583024985,0.031,95,"X371"
"Palma",0.322775705036801,0.012,57,"X705"
"Palma",0.322732385864549,0.01,56,"X1017"
"Palma",0.322152950509383,0.007,55,"X2127"
"Palma",0.321930043875637,0.01,54,"X1915"
"Palma",0.321791970253574,0.014,75,"X2264"
"Palma",0.321709916387244,0.045,90,"X628"
"Palma",0.321023343161425,0.015,72,"X879"
"Palma",0.32091108240641,0.011,64,"X2249"
"Palma",0.320885064272358,0.01,59,"X725"
"Palma",0.320861256199569,0.007,55,"X1985"
"Palma",0.320843240769906,0.039,78,"X1837"
"Palma",0.319084086198785,0.035,98,"X494"
"Palma",0.318992619015001,0.014,67,"X723"
"Palma",0.318447317389444,0.048,86,"X2261"
"Palma",0.318322266365962,0.004,51,"X991"
"Palma",0.318106035574454,0.041,93,"X482"
"Palma",0.316690165236231,0.008,62,"X2027"
"Palma",0.316261482156043,0.015,83,"X2256"
"Palma",0.315996357035043,0.015,62,"X2132"
"Palma",0.315738509033366,0.047,95,"X631"
"Palma",0.315423409509687,0.006,54,"X1993"
"Palma",0.314558856238251,0.005,57,"X1994"
"Palma",0.314547550243804,0.02,68,"X2159"
"Palma",0.313776459825629,0.003,54,"X2245"
"Palma",0.313364514093466,0.007,56,"X2239"
"Palma",0.31271383560371,0.003,52,"X2120"
"Palma",0.312377196384465,0.012,61,"X2019"
"Palma",0.31211635295129,0.004,50,"X2234"
"Palma",0.311687672560396,0.008,62,"X2011"
"Palma",0.310740957206211,0.017,68,"X2018"
"Palma",0.310502626651986,0.011,58,"X992"
"Palma",0.310285415569258,0.01,54,"X2123"
"Palma",0.310125040910005,0.023,63,"X863"
"Palma",0.308997107228505,0.019,68,"X2046"
"Palma",0.308339117568364,0.012,53,"X1918"
"Palma",0.308236798511109,0.012,56,"X1984"
"Palma",0.307582927022024,0.038,81,"X2258"
"Palma",0.307027838594404,0.013,70,"X881"
"Palma",0.306634231768955,0.01,50,"X1910"
"Palma",0.305738146124357,0.018,59,"X1009"
"Palma",0.304669001653383,0.021,60,"X2014"
"Palma",0.304304560130429,0.014,67,"X885"
"Palma",0.303921989869206,0.005,47,"X1911"
"Palma",0.30299093708669,0.023,66,"X1581"
"Palma",0.302853270243972,0.011,53,"X2238"
"Palma",0.302232407394101,0.04,78,"X2262"
"Palma",0.302116877994058,0.024,68,"X722"
"Palma",0.301917627085852,0.014,58,"X1007"
"Palma",0.30183748346935,0.043,77,"X1967"
"Palma",0.30116428543824,0.009,58,"X724"
"Palma",0.301140426764425,0.024,72,"X882"
"Palma",0.300304005095243,0.004,32,"X2693"
"Palma",0.300259658210613,0.019,64,"X2141"
"Palma",0.299767470226704,0.028,65,"X2022"
"Palma",0.299647636756161,0.011,55,"X706"
"Palma",0.299530180440147,0.034,73,"X889"
"Palma",0.299240693527577,0.007,45,"X1992"
"Palma",0.299044331163366,0.005,32,"X987"
"Palma",0.298936642936673,0.024,65,"X2013"
"Palma",0.297004728184195,0.021,72,"X2002"
"Palma",0.296671045971847,0.015,50,"X1996"
"Palma",0.296316643975942,0.01,62,"X880"
"Palma",0.295265754675541,0.011,54,"X1916"
"Palma",0.294140985173377,0.017,68,"X886"
"Palma",0.293914873874733,0.029,65,"X2007"
"Palma",0.293249475330849,0.009,42,"X1864"
"Palma",0.293059686618651,0.013,52,"X1912"
"Palma",0.292559618051829,0.019,62,"X2140"
"Palma",0.292455062377948,0.027,69,"X2004"
"Palma",0.292354627489242,0.015,55,"X1986"
"Palma",0.291552557946368,0.024,69,"X721"
"Palma",0.290886361026319,0.014,46,"X2112"
"Palma",0.290365438493529,0.006,43,"X2107"
"Palma",0.290121989741165,0.032,69,"X728"
"Palma",0.289913759838235,0.016,59,"X2136"
"Palma",0.289521081890833,0.046,71,"X997"
"Palma",0.289472702745757,0.034,69,"X717"
"Palma",0.288699847485621,0.017,67,"X864"
"Palma",0.288099097540751,0.013,58,"X1905"
"Palma",0.287248114491989,0.023,65,"X2134"
"Palma",0.286812874317726,0.014,56,"X700"
"Palma",0.286122224023983,0.023,68,"X569"
"Palma",0.286045905555652,0.027,63,"X2024"
"Palma",0.285631349973648,0.005,35,"X2565"
"Palma",0.284153462201389,0.024,59,"X1008"
"Palma",0.28410043472016,0.032,61,"X2317"
"Palma",0.283843007088836,0.012,60,"X1882"
"Palma",0.281668613798033,0.028,63,"X1998"
"Palma",0.281471417287265,0.029,61,"X1013"
"Palma",0.281441347544826,0.018,63,"X720"
"Palma",0.281376505378386,0.003,31,"X2949"
"Palma",0.281039582295828,0.039,68,"X876"
"Palma",0.280299468409656,0.024,56,"X2100"
"Palma",0.279987456311363,0.003,32,"X2828"
"Palma",0.279923122811127,0.025,60,"X2029"
"Palma",0.278231106886963,0.007,45,"X2105"
"Palma",0.277935383502124,0.013,53,"X1909"
"Palma",0.27749891762423,0.013,49,"X2445"
"Palma",0.277293161546041,0.047,73,"X865"
"Palma",0.276761538340683,0.038,68,"X1453"
"Palma",0.276254645537822,0.022,52,"X1893"
"Palma",0.275689471412908,0.008,47,"X1987"
"Palma",0.274880375984213,0.038,63,"X1891"
"Palma",0.274861863720282,0.026,55,"X1899"
"Palma",0.274708135567173,0.02,50,"X2236"
"Palma",0.274247591595825,0.006,39,"X989"
"Palma",0.274009163291872,0.013,47,"X2110"
"Palma",0.273955214977694,0.047,68,"X866"
"Palma",0.273411864507908,0.015,50,"X1980"
"Palma",0.273003592751572,0.031,61,"X996"
"Palma",0.272841492696047,0.046,72,"X874"
"Palma",0.272632333493005,0.044,70,"X2000"
"Palma",0.272449936873135,0.04,68,"X719"
"Palma",0.272216912214377,0.038,67,"X883"
"Palma",0.272063284530886,0.049,67,"X1876"
"Palma",0.271733264409293,0.038,63,"X710"
"Palma",0.271343936945135,0.029,58,"X1126"
"Palma",0.270372407250789,0.027,62,"X708"
"Palma",0.269612409422069,0.037,62,"X2008"
"Palma",0.269424088357067,0.014,43,"X1991"
"Palma",0.269256039430375,0.02,54,"X2232"
"Palma",0.268812412317004,0.031,62,"X877"
"Palma",0.268769623981629,0.013,49,"X1885"
"Palma",0.268748294487225,0.014,48,"X1897"
"Palma",0.268451855240539,0.043,63,"X1004"
"Palma",0.268314849786917,0.036,68,"X2028"
"Palma",0.267598754353465,0.005,42,"X1907"
"Palma",0.26729536632101,0.007,32,"X2439"
"Palma",0.267286858790843,0.048,61,"X2015"
"Palma",0.266819155438486,0.045,63,"X2031"
"Palma",0.265259571175327,0.016,45,"X850"
"Palma",0.264553095963445,0.024,51,"X1120"
"Palma",0.26347403977965,0.006,32,"X1115"
"Palma",0.263272626224218,0.025,60,"X995"
"Palma",0.263049000669767,0.033,57,"X1894"
"Palma",0.262915188942053,0.02,52,"X1904"
"Palma",0.262856936220773,0.043,69,"X884"
"Palma",0.262308707561437,0.011,45,"X1860"
"Palma",0.261598293664668,0.04,60,"X1020"
"Palma",0.261444378042396,0.003,33,"X2444"
"Palma",0.260772835781831,0.016,45,"X982"
"Palma",0.260263977827267,0.011,43,"X1981"
"Palma",0.260232541332258,0.013,43,"X2118"
"Palma",0.260104942333664,0.04,61,"X1872"
"Palma",0.259898479471973,0.023,51,"X1908"
"Palma",0.258920621563604,0.008,37,"X2081"
"Palma",0.258916208538324,0.041,62,"X1001"
"Palma",0.258711791595686,0.045,63,"X2030"
"Palma",0.257785254117613,0.036,58,"X1018"
"Palma",0.257671395046252,0.014,41,"X984"
"Palma",0.257515262992434,0.021,49,"X1989"
"Palma",0.255303196965162,0.05,58,"X1253"
"Palma",0.255286527095011,0.008,37,"X1982"
"Palma",0.25514727674171,0.033,56,"X1892"
"Palma",0.255070466513749,0.007,42,"X988"
"Palma",0.254930006381923,0.018,46,"X1142"
"Palma",0.254564313213223,0.018,46,"X1979"
"Palma",0.25446490590869,0.03,50,"X861"
"Palma",0.253860264339276,0.033,48,"X2233"
"Palma",0.253745828775291,0.007,37,"X835"
"Palma",0.253592887476939,0.048,60,"X1015"
"Palma",0.253590911924427,0.045,58,"X1889"
"Palma",0.253140613069003,0.015,37,"X1112"
"Palma",0.252176873779592,0.026,49,"X1784"
"Palma",0.251252923303758,0.024,45,"X1780"
"Palma",0.250827324571322,0.05,57,"X1895"
"Palma",0.250401061659667,0.018,43,"X860"
"Palma",0.250217420062915,0.032,50,"X1858"
"Palma",0.25007332010955,0.019,41,"X1990"
"Palma",0.250040080600188,0.019,43,"X1988"
"Palma",0.248304119891673,0.045,57,"X707"
"Palma",0.246715516254697,0.03,48,"X1783"
"Palma",0.246543732860398,0.047,59,"X713"
"Palma",0.24653614460857,0.047,56,"X1917"
"Palma",0.246270696213403,0.043,53,"X1788"
"Palma",0.245685131204936,0.019,42,"X1660"
"Palma",0.245049316442386,0.038,57,"X1012"
"Palma",0.243562804019577,0.049,56,"X1884"
"Palma",0.242359457867879,0.033,45,"X1856"
"Palma",0.242349012544391,0.041,50,"X1137"
"Palma",0.242142754080005,0.013,36,"X859"
"Palma",0.242022688769525,0.009,35,"X855"
"Palma",0.241820640143663,0.017,40,"X1852"
"Palma",0.241012307037693,0.027,43,"X1786"
"Palma",0.240163703866207,0.031,52,"X1123"
"Palma",0.239338158650813,0.039,52,"X1006"
"Palma",0.238331399339552,0.018,43,"X2106"
"Palma",0.237607995954879,0.026,46,"X1782"
"Palma",0.23723331485017,0.036,47,"X1785"
"Palma",0.237044755181316,0.024,42,"X2438"
"Palma",0.236488701375458,0.036,44,"X1139"
"Palma",0.235555296964564,0.032,44,"X1866"
"Palma",0.233721358748317,0.043,48,"X1883"
"Palma",0.233057895995426,0.037,46,"X990"
"Palma",0.23244459793114,0.037,50,"X1124"
"Palma",0.232125878665535,0.01,32,"X983"
"Palma",0.231661454454826,0.038,46,"X1901"
"Palma",0.230511770117343,0.026,39,"X1863"
"Palma",0.228758819041866,0.022,39,"X962"
"Palma",0.227471652748703,0.018,37,"X980"
"Palma",0.226770637931993,0.024,40,"X1862"
"Palma",0.225701511451625,0.022,37,"X1927"
"Palma",0.224967133046582,0.007,25,"X1111"
"Palma",0.224962045187931,0.016,30,"X2568"
"Palma",0.223815288709686,0.042,46,"X1256"
"Palma",0.222582392699631,0.016,29,"X2447"
"Palma",0.222182610658963,0.048,45,"X851"
"Palma",0.221906530151977,0.023,37,"X2435"
"Palma",0.221714797754954,0.022,32,"X1114"
"Palma",0.221134102450729,0.025,36,"X1586"
"Palma",0.221056096388245,0.011,32,"X834"
"Palma",0.220690826380966,0.009,28,"X2821"
"Palma",0.220552278965462,0.032,46,"X1143"
"Palma",0.220411352888171,0.019,36,"X1655"
"Palma",0.217974154880877,0.038,43,"X1662"
"Palma",0.217930685933872,0.018,34,"X1269"
"Palma",0.216412492978137,0.007,25,"X2064"
"Palma",0.216283023733302,0.043,44,"X1145"
"Palma",0.215981028412959,0.021,30,"X986"
"Palma",0.214204923846819,0.041,41,"X1119"
"Palma",0.21411576788183,0.031,36,"X857"
"Palma",0.21284899493404,0.038,36,"X1118"
"Palma",0.21277802793482,0.023,31,"X832"
"Palma",0.212603894216236,0.013,31,"X1943"
"Palma",0.212350486324317,0.025,35,"X1109"
"Palma",0.211775657090908,0.042,40,"X1658"
"Palma",0.21167036018054,0.025,32,"X2956"
"Palma",0.211620731333415,0.023,33,"X970"
"Palma",0.211331703026839,0.049,42,"X1853"
"Palma",0.211143337181455,0.047,44,"X1759"
"Palma",0.210109777320842,0.034,39,"X849"
"Palma",0.209265174092528,0.04,40,"X1781"
"Palma",0.208751718391114,0.014,27,"X2198"
"Palma",0.208061470323307,0.038,40,"X1266"
"Palma",0.207268159958811,0.029,33,"X2572"
"Palma",0.206082373170872,0.029,37,"X838"
"Palma",0.205631778794209,0.049,41,"X858"
"Palma",0.205548959793092,0.045,39,"X1270"
"Palma",0.205182601605869,0.048,42,"X1262"
"Palma",0.204915042711593,0.016,25,"X2696"
"Palma",0.203369223975735,0.027,33,"X2575"
"Palma",0.201831477167407,0.039,38,"X852"
"Palma",0.201043473067368,0.024,29,"X1110"
"Palma",0.198330359621406,0.03,34,"X1113"
"Palma",0.197769810143549,0.048,39,"X1399"
"Palma",0.196914533443889,0.034,34,"X390"
"Palma",0.196451698491323,0.032,32,"X2700"
"Palma",0.195707803291213,0.042,34,"X2079"
"Palma",0.195050673528027,0.046,38,"X959"
"Palma",0.193783416630188,0.041,35,"X1531"
"Palma",0.193401528630141,0.046,41,"X1138"
"Palma",0.192224043460691,0.034,32,"X1530"
"Palma",0.19147514680022,0.047,36,"X981"
"Palma",0.190795650490055,0.028,30,"X2434"
"Palma",0.189417066546847,0.018,25,"X2826"
"Palma",0.187512119197827,0.032,33,"X2437"
"Palma",0.187009681519186,0.023,26,"X1947"
"Palma",0.186350022129048,0.026,28,"X1084"
"Palma",0.18607481948312,0.042,34,"X968"
"Palma",0.185580082625241,0.032,30,"X1117"
"Palma",0.185489775682963,0.014,25,"X1221"
"Palma",0.184868345337431,0.04,33,"X1656"
"Palma",0.184835586068435,0.031,29,"X13"
"Palma",0.184671791499236,0.043,32,"X1238"
"Palma",0.184008695511429,0.035,29,"X1095"
"Palma",0.183773407015108,0.016,22,"X1086"
"Palma",0.183602008163076,0.029,26,"X1936"
"Palma",0.183286880276106,0.036,29,"X1096"
"Palma",0.181517952649037,0.046,30,"X831"
"Palma",0.180274150316049,0.048,34,"X837"
"Palma",0.17839554599359,0.025,25,"X2443"
"Palma",0.175653481038846,0.041,30,"X1106"
"Palma",0.175648206299676,0.032,27,"X262"
"Palma",0.17438900235655,0.034,27,"X956"
"Palma",0.173396039270465,0.046,30,"X1116"
"Palma",0.172461617788087,0.025,22,"X9"
"Palma",0.172090545589696,0.026,24,"X2062"
"Palma",0.170587734203403,0.03,21,"X2951"
"Palma",0.169937689252505,0.045,29,"X833"
"Palma",0.165563037305834,0.037,20,"X2824"
"Palma",0.163396291829994,0.044,28,"X2440"
"Palma",0.162351534515407,0.04,25,"X2823"
"Palma",0.157264217114714,0.048,23,"X2567"
"Palma",0.154448247340706,0.028,18,"X8"
"Palma",0.145582420018806,0.033,17,"X2695"
"Palma",0.143585178617846,0.048,20,"X2952"
"Palma",0.142495212528757,0.05,22,"X137"
"Palma",0.137231736070947,0.038,17,"X2065"
