fname,ALTVOZ,ANIDOM,AVEVOC,FLUAGU,HERPET,INDETE,INDETER,INSECT,LLUVIA,MAMIFE,MOL_SP,MURCIE,MURCIE?,PASOS,PULSOS,TRAMOT
G001_20211112_203000.WAV,0,0,1,0,0,0,0,1,0,0,0,1,0,0,0,0
G001_20211115_073000.WAV,0,0,1,0,0,0,0,1,0,0,0,0,0,0,0,0
G001_20211116_190000.WAV,0,0,0,0,0,0,0,1,0,0,0,0,0,0,0,0
G001_20211116_203000.WAV,0,0,0,0,0,0,0,1,0,0,0,1,0,0,0,0
G001_20211126_080000.WAV,0,0,0,0,0,0,0,0,1,0,0,0,0,0,0,0
G001_20211129_060000.WAV,0,0,1,0,0,0,0,1,0,0,0,0,0,0,0,0
G002_20211124_203000.WAV,0,0,0,0,1,0,0,1,0,0,0,0,0,0,0,0
G002_20211125_193000.WAV,0,0,0,0,1,0,0,1,0,0,0,0,0,0,0,0
G002_20211127_083000.WAV,0,0,1,0,0,0,0,1,0,0,0,0,0,0,0,0
G002_20211128_083000.WAV,0,0,1,0,0,0,0,1,0,0,0,0,0,0,0,0
G002_20211128_170000.WAV,0,0,1,0,0,0,0,1,0,0,0,0,0,0,0,0
G002_20211129_080000.WAV,0,0,1,0,0,0,0,1,0,0,0,0,0,0,0,0
G003_20211111_180000.WAV,0,0,0,0,1,1,0,1,0,0,0,0,0,0,0,0
G003_20211115_190000.WAV,0,0,0,0,0,1,0,1,0,0,0,0,0,0,0,0
G003_20211121_193000.WAV,0,0,0,0,0,1,0,1,0,0,0,0,0,0,0,1
G003_20211123_083000.WAV,0,0,1,0,0,0,0,1,1,0,0,0,0,0,0,0
G003_20211125_180000.WAV,0,0,0,0,0,0,0,1,0,0,0,1,0,0,0,1
G003_20211128_050000.WAV,0,0,0,0,0,1,0,1,0,0,0,0,0,0,0,0
G004_20211109_193000.WAV,0,0,0,0,0,1,0,1,0,0,0,0,0,0,0,1
G004_20211115_190000.WAV,0,0,1,0,0,0,0,1,0,0,0,0,0,0,0,1
G004_20211118_183000.WAV,0,0,1,0,0,1,0,1,0,0,0,0,0,0,0,1
G004_20211120_180000.WAV,0,0,0,0,0,1,0,1,0,0,0,0,0,0,0,1
G004_20211125_073000.WAV,0,0,1,0,0,0,0,1,0,0,0,0,0,0,0,0
G004_20211125_190000.WAV,0,0,0,0,0,1,0,1,0,0,0,0,0,0,0,1
G005_20211111_083000.WAV,0,0,1,0,0,1,0,1,0,0,0,0,0,0,0,0
G005_20211113_203000.WAV,0,0,0,0,1,0,0,1,0,0,0,0,0,0,0,0
G005_20211114_200000.WAV,0,0,0,0,0,0,0,1,0,0,0,0,0,0,0,1
G005_20211117_190000.WAV,0,0,0,0,1,1,0,1,0,0,0,0,0,0,0,0
G005_20211120_203000.WAV,0,0,0,0,0,0,0,1,0,0,0,0,0,0,0,0
G005_20211124_053000.WAV,0,0,0,0,1,0,0,1,0,0,0,0,0,0,0,0
G006_20211115_073000.WAV,0,0,0,0,0,0,0,1,0,0,0,0,0,0,0,1
G006_20211118_053000.WAV,0,0,1,0,0,0,0,1,0,0,0,1,0,0,0,1
G006_20211118_200000.WAV,0,0,1,0,0,0,0,1,0,0,0,1,0,0,0,1
G006_20211122_083000.WAV,0,0,0,0,0,0,0,1,1,0,0,0,0,0,0,0
G006_20211124_073000.WAV,0,0,0,0,0,0,0,1,1,0,0,0,0,0,0,0
G006_20211126_070000.WAV,0,0,0,0,0,0,0,1,0,0,0,0,0,0,0,0
G007_20211112_200000.WAV,0,0,1,0,0,0,0,1,0,0,0,0,0,0,0,1
G007_20211116_070000.WAV,0,0,1,0,0,0,0,1,0,0,0,0,0,0,0,1
G007_20211116_173000.WAV,0,0,1,0,0,0,0,1,0,0,0,0,0,0,0,1
G007_20211122_180000.WAV,0,0,1,0,0,0,0,1,0,0,0,0,0,0,0,1
G007_20211123_073000.WAV,0,0,0,0,0,0,0,1,1,0,0,0,0,0,0,0
G007_20211128_193000.WAV,0,0,0,0,0,0,0,1,0,0,0,0,0,0,0,0
G008_20211112_063000.WAV,0,0,1,0,0,0,0,1,0,0,0,0,0,0,0,0
G008_20211114_080000.WAV,0,0,1,0,0,0,0,1,0,0,0,0,0,0,0,1
G008_20211114_183000.WAV,0,0,0,0,1,0,0,1,0,0,0,0,0,0,0,0
G008_20211116_050000.WAV,0,0,0,0,0,0,0,1,1,0,0,0,0,0,0,0
G008_20211117_060000.WAV,0,0,1,0,1,1,0,1,0,0,0,0,0,0,0,1
G008_20211125_080000.WAV,0,0,1,0,0,0,0,1,0,0,0,0,0,0,0,0
G010_20211107_193000.WAV,0,0,0,0,0,0,0,1,0,0,0,1,0,0,0,1
G010_20211109_183000.WAV,0,0,0,0,0,0,0,1,0,0,0,1,0,0,0,0
G010_20211111_060000.WAV,0,0,1,0,0,0,0,1,0,0,0,0,0,0,0,1
G010_20211111_080000.WAV,0,0,1,0,0,0,0,1,0,0,0,0,0,0,1,0
G010_20211118_170000.WAV,0,0,1,0,0,0,0,1,0,0,0,0,0,0,0,1
G010_20211124_070000.WAV,0,0,1,0,0,0,0,1,0,0,0,0,0,0,0,1
G011_20211106_063000.WAV,0,0,0,0,0,0,0,1,0,0,0,0,0,0,0,0
G011_20211109_073000.WAV,0,0,0,0,0,0,0,0,1,0,0,0,0,0,0,0
G011_20211116_180000.WAV,0,0,0,0,0,0,0,1,0,0,0,0,0,0,0,1
G011_20211122_070000.WAV,0,0,0,0,0,0,0,0,1,0,0,0,0,0,0,0
G011_20211125_053000.WAV,0,0,0,0,0,0,0,1,0,0,0,0,0,0,0,1
G011_20211125_083000.WAV,0,0,0,0,0,0,0,1,0,0,0,0,0,0,0,0
G012_20211109_170000.WAV,0,0,1,0,0,0,0,1,0,0,0,0,0,0,0,1
G012_20211112_190000.WAV,0,0,0,0,1,0,0,1,0,0,0,0,0,0,0,1
G012_20211114_173000.WAV,0,0,0,0,0,0,0,1,0,0,0,0,0,0,0,1
G012_20211119_200000.WAV,0,0,0,0,0,0,0,1,0,0,0,0,0,0,0,1
G012_20211127_170000.WAV,0,0,0,0,0,0,0,1,0,0,0,0,0,0,0,1
G012_20211128_073000.WAV,0,0,0,0,0,0,0,1,0,0,0,0,0,0,0,1
G013_20211113_063000.WAV,0,0,1,0,0,0,0,1,0,0,0,0,0,0,0,0
G013_20211113_183000.WAV,0,0,0,0,1,0,0,1,0,0,0,1,0,0,0,0
G013_20211115_183000.WAV,0,0,1,0,1,0,0,1,0,0,0,1,0,0,0,0
G013_20211119_053000.WAV,0,0,1,0,0,0,0,1,0,0,0,1,0,0,0,0
G013_20211121_073000.WAV,0,0,1,0,0,0,0,1,0,0,0,0,0,0,0,0
G013_20211128_060000.WAV,0,0,1,0,0,0,0,1,0,0,0,0,0,0,0,0
G014_20211111_053000.WAV,0,0,1,0,0,0,0,1,0,0,0,0,0,0,0,0
G014_20211112_053000.WAV,0,0,1,0,0,0,0,1,0,0,0,0,0,0,0,0
G014_20211117_190000.WAV,0,0,0,0,0,0,0,1,0,0,0,0,0,0,0,0
G014_20211120_200000.WAV,0,0,1,0,0,0,0,1,0,0,0,0,0,0,0,0
G014_20211126_083000.WAV,0,0,1,0,0,0,0,1,0,0,0,0,0,0,0,1
G014_20211128_203000.WAV,0,0,0,0,0,0,0,1,0,0,0,0,0,0,0,0
G015_20211110_190000.WAV,0,0,0,0,0,0,0,1,0,0,0,0,0,0,0,0
G015_20211111_180000.WAV,0,0,0,0,0,1,0,1,0,0,0,1,0,0,0,0
G015_20211112_070000.WAV,0,0,0,0,0,1,0,1,0,0,0,0,0,0,0,0
G015_20211113_050000.WAV,0,0,0,0,0,0,0,1,0,0,0,0,0,0,0,0
G015_20211123_080000.WAV,0,0,1,0,0,0,0,1,0,0,0,0,0,0,0,0
G015_20211124_060000.WAV,0,0,0,0,0,0,0,1,0,0,0,0,0,0,0,1
G016_20211109_200000.WAV,0,0,0,0,0,0,0,1,0,0,0,0,0,0,0,0
G016_20211110_193000.WAV,0,0,0,0,0,1,0,1,0,0,0,0,0,0,0,1
G016_20211121_083000.WAV,0,0,0,0,0,1,0,1,0,0,0,0,0,0,0,0
G016_20211122_063000.WAV,0,0,0,0,0,0,0,1,1,0,0,0,0,0,0,0
G016_20211125_183000.WAV,0,0,0,0,0,0,0,1,0,0,0,0,0,0,0,1
G016_20211128_050000.WAV,0,0,0,0,0,0,0,1,0,0,0,1,0,0,0,1
G017_20211107_203000.WAV,0,0,0,0,0,0,0,1,0,0,0,0,0,0,0,0
G017_20211109_070000.WAV,0,0,0,0,0,0,0,0,1,0,0,0,0,0,0,0
G017_20211115_083000.WAV,0,0,1,0,0,0,0,0,0,0,0,0,0,0,0,1
G017_20211115_203000.WAV,0,0,0,0,0,0,0,1,0,0,0,0,0,0,0,1
G017_20211116_083000.WAV,0,0,1,0,0,0,0,1,0,0,0,0,0,0,0,1
G017_20211123_183000.WAV,0,0,0,0,0,0,0,1,0,0,0,0,0,0,0,1
G018_20211113_050000.WAV,0,0,0,0,0,0,0,1,0,0,0,0,0,0,1,0
G018_20211113_170000.WAV,0,0,0,0,0,0,0,1,0,0,0,0,0,0,0,0
G018_20211121_190000.WAV,0,0,0,0,0,0,0,1,0,0,0,0,0,0,0,0
G018_20211121_193000.WAV,0,0,0,0,0,0,0,1,0,0,0,0,0,0,0,0
G018_20211122_070000.WAV,0,0,0,0,0,0,0,0,1,0,0,0,0,0,0,0
G018_20211125_200000.WAV,0,0,0,0,0,0,0,1,0,0,0,0,0,0,0,0
G019_20211111_193000.WAV,0,0,0,0,1,0,0,1,0,0,0,0,0,0,0,0
G019_20211111_203000.WAV,0,0,1,0,0,1,0,1,0,0,0,0,0,0,0,0
G019_20211117_180000.WAV,0,0,0,0,1,0,0,1,0,0,0,1,0,0,0,0
G019_20211123_060000.WAV,0,0,0,0,0,0,0,0,1,0,0,0,0,0,0,0
G019_20211125_060000.WAV,0,0,1,0,0,0,0,1,0,0,0,0,0,0,0,1
G019_20211127_170000.WAV,0,0,1,0,0,0,0,1,0,0,0,0,0,0,0,0
G020_20211109_173000.WAV,0,0,0,0,1,0,0,1,0,0,0,0,0,0,0,1
G020_20211109_190000.WAV,0,0,0,0,0,0,0,1,0,0,0,1,0,0,0,0
G020_20211109_193000.WAV,0,0,0,0,0,0,0,1,0,0,0,0,0,0,0,0
G020_20211113_070000.WAV,0,0,1,0,0,0,0,1,0,0,0,0,0,0,0,1
G020_20211114_063000.WAV,0,0,0,0,0,0,0,1,0,0,0,0,0,0,0,0
G020_20211121_050000.WAV,0,0,0,0,0,0,0,0,1,0,0,0,0,0,0,0
G021_20211111_180000.WAV,0,0,1,0,0,0,0,1,0,0,0,1,0,0,0,0
G021_20211116_193000.WAV,0,0,1,0,0,0,0,1,0,0,0,1,0,0,0,0
G021_20211119_193000.WAV,0,0,1,0,0,0,0,1,0,0,0,1,0,0,0,0
G021_20211121_053000.WAV,0,0,1,0,0,0,0,1,0,0,0,1,0,0,0,0
G021_20211125_203000.WAV,0,0,0,0,0,1,0,1,0,0,0,1,0,0,0,0
G021_20211129_050000.WAV,0,0,0,0,0,0,0,1,1,0,0,0,0,0,0,0
G022_20211112_173000.WAV,0,0,0,0,0,0,0,1,0,0,0,0,0,0,0,0
G022_20211113_060000.WAV,0,0,1,0,0,0,0,1,0,0,0,0,0,0,0,1
G022_20211113_073000.WAV,0,0,1,0,0,0,0,1,0,0,0,0,0,0,0,0
G023_20211113_050000.WAV,0,0,0,0,0,0,0,1,0,0,0,0,0,0,0,1
G023_20211116_193000.WAV,0,0,0,0,0,0,0,1,0,0,0,0,0,0,0,1
G023_20211118_073000.WAV,0,0,1,0,0,0,0,1,0,0,0,0,0,0,0,0
G023_20211118_193000.WAV,0,0,1,0,0,0,0,1,0,0,0,0,0,0,0,0
G023_20211122_073000.WAV,0,0,0,0,0,0,0,0,1,0,0,0,0,0,0,0
G023_20211122_170000.WAV,0,0,1,0,0,0,0,1,0,0,0,1,0,0,0,0
G024_20211105_193000.WAV,0,0,1,0,0,0,0,1,0,0,0,0,0,0,0,0
G024_20211111_073000.WAV,0,0,1,0,0,0,0,1,0,0,0,0,0,0,0,0
G024_20211115_050000.WAV,0,0,0,0,0,0,0,1,0,0,0,0,0,0,0,0
G024_20211116_190000.WAV,0,0,1,0,0,0,0,1,0,0,0,0,0,0,0,0
G024_20211117_200000.WAV,0,0,0,0,0,0,0,1,0,0,0,0,0,0,0,0
G024_20211121_080000.WAV,0,0,1,0,0,0,0,1,0,0,0,0,1,0,0,0
G025_20211112_070000.WAV,0,0,1,0,0,0,0,1,0,0,0,0,0,0,1,0
G025_20211112_170000.WAV,0,0,1,0,0,0,0,1,0,0,0,0,0,1,0,0
G025_20211114_203000.WAV,0,0,1,0,1,0,1,1,0,0,0,0,0,0,0,0
G025_20211117_190000.WAV,0,0,1,0,0,0,1,1,0,0,0,0,0,0,0,0
G025_20211117_200000.WAV,0,0,1,0,0,0,1,1,0,0,0,0,0,0,0,0
G025_20211122_183000.WAV,0,0,0,0,1,0,1,1,0,0,0,1,0,0,0,0
G026_20211109_080000.WAV,0,0,0,0,0,0,0,1,0,0,0,0,0,0,0,1
G026_20211121_183000.WAV,0,0,0,0,0,0,0,1,0,0,0,0,0,0,0,0
G026_20211122_180000.WAV,0,0,0,0,0,1,0,1,0,0,0,0,0,0,0,0
G026_20211124_170000.WAV,0,0,1,0,0,0,0,1,0,0,0,0,0,0,0,0
G026_20211126_180000.WAV,0,0,0,0,0,0,0,1,0,0,0,0,0,0,0,1
G026_20211128_060000.WAV,0,0,0,0,0,0,0,1,0,0,0,0,0,0,0,1
G027_20211110_183000.WAV,0,0,0,0,0,0,0,1,0,0,0,0,0,0,0,1
G027_20211110_203000.WAV,0,0,0,0,0,0,0,1,0,0,0,0,0,0,0,0
G027_20211111_173000.WAV,0,0,0,0,0,0,0,1,0,0,0,1,0,0,1,0
G027_20211115_060000.WAV,0,0,1,0,0,0,0,1,1,0,0,1,0,0,0,0
G027_20211118_180000.WAV,0,0,0,0,0,0,0,1,0,0,0,0,0,0,0,0
G027_20211125_073000.WAV,0,0,1,0,0,0,0,1,0,0,0,0,0,0,0,0
G028_20211105_070000.WAV,0,0,1,0,0,0,0,1,0,0,0,0,0,0,0,0
G028_20211111_080000.WAV,0,0,1,0,0,0,0,1,0,0,0,0,0,0,0,0
G028_20211112_180000.WAV,0,0,0,0,0,0,0,1,0,0,0,1,0,0,0,1
G028_20211113_203000.WAV,0,0,0,0,0,1,0,1,0,0,0,0,0,0,0,0
G028_20211119_080000.WAV,0,0,1,0,0,1,0,1,0,0,0,0,0,0,0,0
G028_20211122_180000.WAV,0,0,0,0,0,1,0,1,0,0,1,1,0,0,0,1
G02A_20211117_170000.WAV,0,0,1,0,1,0,0,1,0,0,0,0,0,0,0,1
G02A_20211118_173000.WAV,0,0,1,0,0,0,0,1,0,0,0,0,0,0,0,1
G02A_20211121_080000.WAV,0,0,1,0,0,0,0,1,0,0,0,0,0,0,0,1
G02A_20211126_060000.WAV,0,0,0,1,0,0,0,1,0,0,0,0,0,0,0,0
G02A_20211128_173000.WAV,0,0,1,0,1,1,0,1,0,0,0,0,0,0,0,1
G02A_20211129_080000.WAV,0,0,1,0,1,0,0,1,0,0,0,0,0,0,0,0
G030_20211111_080000.WAV,0,0,1,0,0,0,0,1,0,0,0,0,0,0,0,0
G030_20211115_190000.WAV,0,0,0,0,1,0,0,1,0,0,0,1,0,0,0,0
G030_20211116_070000.WAV,0,0,1,0,0,0,0,1,0,0,0,0,0,0,0,0
G030_20211125_193000.WAV,0,0,0,0,1,1,0,1,0,0,0,1,0,0,0,0
G030_20211126_170000.WAV,0,0,1,0,0,0,0,1,0,0,0,0,0,0,0,0
G030_20211127_060000.WAV,0,0,0,0,0,0,0,1,0,0,0,0,0,0,0,0
G031_20211113_070000.WAV,0,0,1,0,0,0,0,1,0,0,0,0,0,0,0,0
G031_20211120_053000.WAV,0,0,0,0,0,0,0,1,1,0,0,1,0,0,0,1
G031_20211120_070000.WAV,0,0,1,0,0,0,0,1,0,0,0,0,0,0,0,0
G031_20211124_170000.WAV,0,0,1,0,0,1,0,1,0,0,0,0,0,0,0,1
G031_20211128_070000.WAV,0,0,1,0,0,0,0,1,0,0,0,0,0,0,0,0
G031_20211128_193000.WAV,0,0,0,0,1,0,0,1,0,0,0,0,0,0,0,1
G032_20211108_173000.WAV,0,0,1,0,0,0,0,1,0,0,0,0,0,0,0,0
G032_20211111_193000.WAV,1,0,1,0,0,0,0,1,0,0,0,0,0,0,0,0
G032_20211115_170000.WAV,0,0,1,0,0,0,0,1,0,0,0,0,0,0,0,1
G032_20211125_073000.WAV,0,0,1,0,0,0,0,1,0,0,0,0,0,0,0,0
G032_20211129_060000.WAV,0,0,1,0,0,0,0,1,1,0,0,0,0,0,0,1
G032_20211130_060000.WAV,0,0,1,0,0,0,0,1,1,0,0,0,0,0,0,0
G033_20211115_060000.WAV,0,0,1,0,0,1,0,1,0,0,0,0,0,0,0,0
G033_20211117_063000.WAV,0,0,1,0,0,0,0,1,0,0,0,0,0,0,0,1
G033_20211117_190000.WAV,0,0,1,0,0,1,0,1,0,0,0,1,0,0,0,1
G033_20211118_193000.WAV,0,0,1,0,0,0,0,1,0,0,0,1,0,0,0,1
G033_20211126_170000.WAV,0,0,0,0,0,0,0,1,0,0,0,0,0,0,0,1
G033_20211128_190000.WAV,0,0,0,0,0,0,0,1,0,0,0,1,0,0,0,1
G034_20211109_203000.WAV,0,0,1,0,0,0,0,1,0,0,0,0,0,0,0,0
G034_20211110_073000.WAV,0,0,1,0,0,0,0,0,1,0,0,0,0,0,0,0
G034_20211116_190000.WAV,0,0,0,0,0,0,0,1,0,0,0,0,0,0,0,0
G034_20211118_050000.WAV,0,0,0,0,0,1,0,1,0,0,0,0,0,0,0,0
G034_20211120_050000.WAV,0,0,0,0,0,0,0,1,0,0,0,0,0,0,0,0
G034_20211120_170000.WAV,0,0,0,0,0,0,0,1,0,0,0,0,0,0,0,0
G035_20211108_063000.WAV,0,0,0,0,1,0,0,0,1,0,0,0,0,0,0,0
G035_20211109_193000.WAV,0,0,0,0,0,1,1,1,0,0,0,0,0,0,0,1
G035_20211110_180000.WAV,0,0,1,0,0,1,1,1,0,0,0,0,0,0,0,0
G035_20211111_063000.WAV,0,0,1,0,0,0,0,1,0,0,0,0,0,0,0,0
G035_20211115_190000.WAV,0,0,0,0,1,1,1,1,0,0,0,0,0,0,0,0
G035_20211124_193000.WAV,0,0,0,0,1,0,1,1,0,0,0,0,0,0,0,0
G036_20211109_183000.WAV,0,0,1,0,0,0,0,1,0,0,0,0,0,0,0,0
G036_20211113_073000.WAV,0,0,1,0,0,0,0,1,0,0,0,0,0,0,0,1
G036_20211114_200000.WAV,0,0,0,0,0,0,0,1,0,0,0,0,0,0,0,0
G036_20211119_070000.WAV,0,0,1,0,0,1,0,1,0,0,0,0,0,0,0,0
G036_20211120_203000.WAV,0,0,0,0,0,0,0,1,0,0,0,0,0,0,0,0
G036_20211126_200000.WAV,0,0,0,0,0,0,0,1,0,0,0,0,0,0,0,0
G037_20211105_170000.WAV,0,0,0,0,0,0,0,1,0,0,0,0,0,0,0,0
G037_20211114_083000.WAV,0,0,1,0,0,0,0,1,0,0,0,0,0,0,0,0
G037_20211120_073000.WAV,0,0,1,0,0,0,0,1,0,0,0,0,0,0,0,1
G037_20211121_183000.WAV,0,0,1,0,0,0,0,1,0,0,0,0,0,0,0,1
G037_20211122_203000.WAV,0,0,0,0,0,0,0,1,0,0,0,0,0,0,0,0
G037_20211123_060000.WAV,0,0,1,0,0,0,0,1,1,0,0,0,0,0,0,0
G038_20211113_080000.WAV,0,0,1,0,0,0,0,1,0,0,0,0,0,0,0,0
G038_20211115_070000.WAV,0,0,0,0,0,1,0,1,0,0,0,0,0,0,0,0
G038_20211115_080000.WAV,0,0,1,0,0,0,0,1,0,0,0,0,0,0,0,0
G038_20211124_170000.WAV,0,0,1,0,0,0,0,1,0,0,0,0,0,0,0,0
G038_20211125_050000.WAV,0,0,0,0,0,0,0,1,0,0,0,0,0,0,0,0
G038_20211126_173000.WAV,0,0,1,0,0,0,0,1,0,0,0,0,0,0,0,0
G039_20211109_060000.WAV,0,0,0,0,1,0,0,1,0,0,0,0,0,0,0,0
G039_20211111_050000.WAV,0,0,0,0,0,0,0,1,0,0,0,0,0,0,0,0
G039_20211118_200000.WAV,0,0,0,0,0,0,0,1,0,0,0,0,0,0,0,0
G039_20211120_063000.WAV,0,0,0,0,0,0,0,1,1,0,0,0,0,0,0,0
G039_20211122_053000.WAV,0,0,0,0,0,0,0,1,0,0,0,0,0,0,0,0
G039_20211125_083000.WAV,0,0,0,0,0,0,0,1,0,0,0,0,0,0,0,0
G040_20211114_070000.WAV,0,0,0,0,0,0,0,1,0,0,0,0,0,0,0,1
G040_20211117_173000.WAV,0,0,0,0,0,0,0,1,0,0,0,0,0,0,0,1
G040_20211119_173000.WAV,0,0,0,0,0,0,0,1,0,0,0,0,0,0,0,0
G040_20211124_063000.WAV,0,0,0,0,0,0,0,1,0,0,0,0,0,0,0,1
G040_20211125_053000.WAV,0,0,0,0,0,0,0,1,0,0,0,1,0,0,0,1
G040_20211126_063000.WAV,0,0,0,0,0,0,0,0,1,0,0,0,0,0,0,0
G041_20211104_200000.WAV,0,0,0,0,1,0,0,1,0,0,0,0,0,0,0,0
G041_20211110_193000.WAV,0,0,1,0,1,1,0,1,0,0,0,0,0,0,0,0
G041_20211112_190000.WAV,0,0,1,0,1,1,0,1,0,0,0,0,0,0,1,0
G041_20211113_083000.WAV,0,0,1,0,0,0,0,1,0,0,0,0,0,0,0,0
G041_20211121_203000.WAV,0,0,0,0,1,0,0,1,0,0,0,0,0,0,0,0
G041_20211123_170000.WAV,0,0,1,0,1,0,0,1,0,0,0,0,0,0,0,0
G042_20211107_193000.WAV,0,0,0,0,1,0,0,1,0,0,0,0,0,0,0,0
G042_20211115_060000.WAV,0,0,1,0,0,0,0,1,0,0,0,0,0,0,0,0
G042_20211117_173000.WAV,0,0,1,0,0,0,0,1,0,0,0,0,0,0,0,0
G042_20211121_060000.WAV,0,0,1,0,0,0,0,1,0,0,0,0,0,0,0,0
G042_20211123_083000.WAV,0,0,0,0,0,0,0,0,1,0,0,0,0,0,0,0
G042_20211125_070000.WAV,0,0,1,0,0,0,0,1,0,0,0,0,0,0,0,0
G043_20211106_060000.WAV,0,0,0,0,0,0,0,1,0,0,0,0,0,0,1,0
G043_20211108_180000.WAV,0,0,0,0,1,0,0,1,0,0,0,1,0,0,0,0
G043_20211120_083000.WAV,0,0,1,0,0,1,0,1,0,0,0,0,0,0,0,0
G043_20211121_180000.WAV,0,0,0,0,1,1,0,1,0,0,0,1,0,0,0,0
G043_20211125_063000.WAV,0,0,0,0,0,0,0,1,1,0,0,0,0,0,0,0
G045_20211114_080000.WAV,0,0,0,0,0,0,0,1,0,0,0,0,0,0,0,0
G045_20211115_060000.WAV,0,0,1,0,0,0,0,1,0,0,0,0,0,0,0,0
G045_20211118_073000.WAV,0,0,1,0,0,0,0,1,0,0,0,0,0,0,0,0
G045_20211118_200000.WAV,0,0,0,0,0,0,0,1,0,0,0,0,0,0,0,1
G045_20211122_170000.WAV,0,0,0,0,0,0,0,1,0,0,0,0,0,0,0,1
G045_20211124_080000.WAV,0,0,0,0,0,0,0,0,1,0,0,0,0,0,0,0
G046_20211111_203000.WAV,0,0,0,0,0,1,0,1,0,0,0,0,0,0,0,1
G046_20211114_080000.WAV,0,0,1,0,0,1,0,1,1,0,0,0,0,0,0,0
G046_20211115_050000.WAV,0,0,0,0,0,0,0,1,0,0,0,0,0,0,0,1
G046_20211120_173000.WAV,0,0,0,0,0,0,0,1,0,0,0,0,0,0,0,1
G046_20211121_190000.WAV,0,0,0,0,0,0,0,1,0,0,0,0,0,0,0,1
G046_20211122_183000.WAV,0,0,0,0,0,0,0,1,0,0,0,0,0,0,0,1
G047_20211110_170000.WAV,0,0,1,0,0,0,0,1,0,0,0,0,0,0,0,1
G047_20211114_173000.WAV,0,0,1,0,0,0,0,1,0,0,0,0,0,0,0,1
G047_20211118_200000.WAV,0,0,0,0,0,0,0,1,0,0,0,1,0,0,0,0
G047_20211123_070000.WAV,0,0,0,0,0,0,0,1,1,0,0,0,0,0,0,0
G047_20211126_063000.WAV,0,0,0,0,0,0,0,1,1,0,0,0,0,0,0,0
G047_20211129_173000.WAV,0,0,1,0,0,0,0,1,0,0,0,0,0,0,0,0
G048_20211115_180000.WAV,0,0,0,0,0,0,0,1,0,0,0,1,0,0,0,1
G048_20211118_083000.WAV,0,0,1,0,0,0,0,1,0,0,0,0,0,0,0,1
G048_20211118_170000.WAV,0,0,1,0,0,0,0,1,0,0,0,0,0,0,0,1
G048_20211123_053000.WAV,0,0,0,0,0,0,0,0,1,0,0,0,0,0,0,0
G048_20211124_060000.WAV,0,0,1,0,0,0,0,1,0,0,0,0,0,0,0,1
G048_20211124_170000.WAV,0,0,1,0,0,0,0,1,0,0,0,0,0,0,0,0
G049_20211109_083000.WAV,0,0,1,0,0,0,0,1,0,0,0,0,0,0,0,1
G049_20211111_183000.WAV,0,0,1,0,0,0,0,1,0,0,0,0,0,0,0,1
G049_20211112_073000.WAV,0,0,1,0,0,0,0,1,0,0,0,0,0,0,0,0
G049_20211119_060000.WAV,0,0,1,0,0,0,0,1,0,0,0,0,0,0,0,0
G049_20211120_180000.WAV,0,0,0,0,0,0,0,1,0,0,0,0,0,0,0,0
G049_20211201_053000.WAV,0,0,0,0,0,0,0,1,0,0,0,1,0,0,0,1
G050_20211105_193000.WAV,0,0,1,0,0,0,0,1,0,0,0,0,0,0,1,0
G050_20211108_190000.WAV,0,0,0,0,1,0,0,1,0,0,0,1,0,0,0,0
G050_20211112_060000.WAV,0,0,1,0,0,1,0,1,0,0,0,0,0,0,0,0
G050_20211114_183000.WAV,0,0,1,0,1,0,0,1,0,0,0,0,0,0,0,0
G050_20211118_083000.WAV,0,0,1,0,0,1,0,1,0,0,0,0,0,0,1,0
G050_20211125_070000.WAV,0,0,1,0,0,1,0,1,0,0,0,0,0,0,0,0
G051_20211107_193000.WAV,0,0,0,0,0,0,0,1,0,0,0,0,0,0,0,0
G051_20211107_200000.WAV,0,0,0,0,0,0,0,1,0,0,0,0,0,0,0,0
G051_20211108_070000.WAV,0,0,1,0,0,0,0,1,0,0,0,0,0,0,0,0
G051_20211108_170000.WAV,0,0,1,0,0,0,0,1,0,0,0,0,0,0,0,0
G051_20211112_073000.WAV,0,0,1,0,0,1,0,1,0,0,0,0,0,0,0,0
G051_20211125_053000.WAV,0,1,1,0,0,1,0,1,0,0,0,1,0,0,0,0
G052_20211107_180000.WAV,0,0,1,0,0,0,0,1,0,0,0,1,0,0,0,0
G052_20211112_170000.WAV,0,0,1,0,0,1,0,1,0,0,0,0,1,0,0,0
G052_20211115_073000.WAV,0,0,1,0,0,1,0,1,0,0,0,0,0,0,0,0
G052_20211119_053000.WAV,0,0,0,0,0,0,0,1,0,0,0,1,0,0,0,0
G052_20211122_060000.WAV,0,0,1,0,0,0,0,1,1,0,0,1,0,0,0,0
G052_20211124_203000.WAV,0,0,0,0,0,0,0,1,0,0,0,0,0,0,0,0
G053_20211109_173000.WAV,0,0,0,0,1,0,0,1,0,0,0,0,0,0,0,0
G053_20211112_170000.WAV,0,0,1,0,0,0,0,1,0,0,0,0,0,0,0,0
G053_20211118_170000.WAV,0,0,1,0,0,0,0,1,0,0,0,0,0,0,0,1
G053_20211122_060000.WAV,0,0,0,1,0,0,0,0,0,0,0,0,0,0,0,0
G053_20211129_083000.WAV,0,0,1,0,0,0,0,1,0,0,0,0,0,0,0,0
G053_20211130_200000.WAV,0,0,0,0,0,0,0,1,0,0,0,1,0,0,0,1
G054_20211111_173000.WAV,0,0,0,0,0,0,0,1,0,0,0,0,0,0,0,0
G054_20211112_083000.WAV,0,0,1,0,0,0,0,1,0,0,0,0,0,0,0,1
G054_20211118_070000.WAV,0,0,0,0,0,0,0,1,0,0,0,0,0,0,0,0
G054_20211123_170000.WAV,0,0,0,0,0,0,0,1,0,0,0,0,0,0,0,1
G054_20211123_183000.WAV,0,0,0,0,0,0,0,1,0,0,0,0,0,0,0,0
G054_20211127_080000.WAV,0,0,1,0,0,0,0,1,0,0,0,0,0,0,0,0
G055_20211112_060000.WAV,0,0,0,0,0,0,0,1,0,0,0,0,0,0,0,1
G055_20211112_203000.WAV,0,0,0,0,0,0,0,1,0,0,0,0,0,0,0,1
G055_20211116_053000.WAV,0,0,0,0,0,0,0,1,1,0,0,0,0,0,0,1
G055_20211119_063000.WAV,0,0,1,0,0,0,0,1,0,0,0,0,0,0,0,0
G055_20211120_180000.WAV,0,0,0,0,0,0,0,1,0,0,0,0,0,0,0,1
G055_20211122_170000.WAV,0,0,1,0,0,0,0,1,0,0,0,0,0,0,0,1
G056_20211110_173000.WAV,0,0,0,0,0,0,0,1,0,0,0,0,0,0,0,1
G056_20211111_080000.WAV,0,0,1,0,0,0,0,1,0,0,0,0,0,0,0,1
G056_20211114_070000.WAV,0,0,1,0,0,0,0,1,0,0,0,0,0,0,0,1
G056_20211118_073000.WAV,0,0,1,0,0,0,0,1,0,0,0,0,0,0,0,1
G056_20211125_070000.WAV,0,0,1,0,0,0,0,1,0,0,0,0,0,0,0,1
G056_20211126_200000.WAV,0,0,0,0,0,0,0,1,0,0,0,0,0,0,0,0
G057_20211107_190000.WAV,0,0,0,0,0,1,0,1,0,0,0,1,0,0,0,0
G057_20211115_060000.WAV,0,0,1,0,0,1,0,1,0,0,0,0,0,0,0,0
G057_20211115_190000.WAV,0,0,0,0,0,1,0,1,0,0,0,1,1,0,0,0
G057_20211116_073000.WAV,0,0,1,0,0,0,0,1,0,0,0,0,0,0,0,0
G057_20211122_173000.WAV,0,0,0,0,0,1,0,1,0,0,0,0,0,0,0,0
G057_20211126_183000.WAV,0,0,0,0,0,1,0,1,0,0,0,0,0,0,0,0
G058_20211108_183000.WAV,0,0,0,0,0,0,0,1,0,0,0,1,0,0,0,0
G058_20211111_170000.WAV,0,0,1,0,0,0,0,1,0,0,0,0,0,0,0,0
G058_20211118_200000.WAV,0,0,0,0,0,1,0,1,0,0,0,0,0,0,0,0
G058_20211118_203000.WAV,0,1,0,0,0,0,0,1,0,0,0,0,0,0,0,0
G058_20211120_083000.WAV,0,0,0,0,0,1,0,1,0,0,0,0,0,0,0,0
G058_20211125_053000.WAV,0,1,0,0,0,0,0,1,0,0,0,0,0,0,0,0
G059_20211116_050000.WAV,0,0,0,0,0,0,0,1,1,0,0,0,0,0,0,0
G059_20211116_060000.WAV,0,0,1,0,0,0,0,1,0,0,0,0,0,0,0,0
G059_20211124_173000.WAV,0,0,1,0,1,0,0,1,0,0,0,0,0,0,0,1
G059_20211124_190000.WAV,0,0,0,0,1,0,0,1,0,0,0,0,0,0,0,1
G059_20211126_073000.WAV,0,0,0,0,0,0,0,1,1,0,0,0,0,0,0,0
G059_20211128_060000.WAV,0,0,1,0,1,0,0,1,0,0,0,0,0,0,0,1
G060_20211109_180000.WAV,0,0,1,0,0,0,0,1,0,0,0,1,0,0,0,1
G060_20211112_050000.WAV,0,0,1,0,0,0,0,1,0,0,0,0,0,0,0,0
G060_20211115_193000.WAV,0,0,0,0,0,0,0,1,0,0,0,0,0,0,0,0
G060_20211118_070000.WAV,0,0,1,0,0,0,0,1,0,0,0,0,0,0,0,1
G060_20211119_050000.WAV,0,1,0,0,1,0,0,1,0,0,0,1,0,0,1,0
G060_20211121_193000.WAV,0,0,0,0,1,0,0,1,0,0,0,0,0,0,0,0
G061_20211112_193000.WAV,0,0,1,0,1,0,0,1,0,0,0,0,0,0,0,0
G061_20211113_083000.WAV,0,0,1,0,0,0,0,1,0,0,0,0,0,0,0,0
G061_20211114_180000.WAV,0,0,0,0,1,0,0,1,0,0,0,1,0,0,0,0
G061_20211116_180000.WAV,0,0,0,0,1,0,0,1,0,0,0,1,0,0,0,0
G061_20211120_060000.WAV,0,0,1,0,0,0,0,1,1,0,0,0,0,0,0,0
G061_20211120_180000.WAV,0,0,0,0,1,0,0,1,0,0,0,1,0,0,1,0
G062_20211123_050000.WAV,0,0,0,0,0,0,0,0,1,0,0,0,0,0,0,0
G062_20211123_223000.WAV,0,0,0,0,0,1,0,1,0,0,0,0,0,0,0,0
G062_20211124_173000.WAV,0,0,1,0,0,0,0,1,0,0,0,1,0,0,0,0
G062_20211127_053000.WAV,0,0,0,0,0,0,0,1,0,0,0,0,0,0,0,0
G062_20211127_083000.WAV,0,0,0,0,0,0,0,1,0,0,0,0,0,0,0,0
G062_20211127_190000.WAV,0,0,0,0,0,0,0,1,0,0,0,0,0,0,0,0
G063_20211109_200000.WAV,0,0,0,0,0,0,0,1,0,0,0,0,0,0,0,0
G063_20211114_180000.WAV,0,0,1,0,0,1,0,1,0,0,0,0,0,0,0,0
G063_20211117_073000.WAV,0,0,1,0,0,0,0,1,0,0,0,0,0,0,0,1
G063_20211123_053000.WAV,0,0,1,0,0,0,0,1,1,0,0,1,0,0,0,0
G063_20211128_170000.WAV,0,0,1,0,0,0,0,1,0,0,0,0,0,0,0,0
G063_20211129_193000.WAV,0,0,0,0,0,0,0,1,0,0,0,0,0,0,0,0
G064_20211108_080000.WAV,0,0,1,0,0,0,0,1,1,0,0,0,0,0,0,0
G064_20211110_080000.WAV,0,0,1,0,0,0,0,1,0,0,0,0,0,0,0,0
G064_20211117_060000.WAV,0,1,1,0,0,0,0,1,0,0,0,0,0,0,0,0
G064_20211120_080000.WAV,0,1,1,0,0,0,0,1,0,0,0,0,0,0,0,0
G064_20211125_070000.WAV,0,0,1,0,0,0,0,1,0,0,0,0,0,0,0,0
G065_20211112_060000.WAV,0,0,1,0,0,0,0,1,0,0,0,0,0,0,0,0
G065_20211114_170000.WAV,0,0,1,0,0,0,0,1,0,0,0,0,0,0,0,1
G065_20211120_073000.WAV,0,0,0,0,0,0,0,1,1,0,0,0,0,0,0,0
G065_20211124_073000.WAV,0,0,0,0,0,0,0,1,1,0,0,0,0,0,0,1
G065_20211125_193000.WAV,0,0,0,0,0,0,0,1,0,0,0,0,0,0,0,1
G065_20211127_060000.WAV,0,0,1,0,0,0,0,1,0,0,0,0,0,0,0,1
G066_20211108_070000.WAV,0,0,0,0,0,0,0,1,1,0,0,0,0,0,0,0
G066_20211109_183000.WAV,0,0,0,0,0,0,0,1,0,0,0,0,0,0,0,0
G066_20211114_083000.WAV,0,0,0,0,0,0,0,1,0,0,0,0,0,0,0,1
G066_20211116_063000.WAV,0,0,1,0,0,0,0,1,0,0,0,0,0,0,0,1
G066_20211123_170000.WAV,0,0,1,0,0,0,0,1,0,0,0,0,0,0,0,1
G066_20211124_173000.WAV,0,0,0,0,0,0,0,1,0,0,0,0,0,0,0,1
G067_20211115_173000.WAV,0,0,1,0,1,1,0,1,0,0,0,0,0,0,0,0
G067_20211118_180000.WAV,0,0,1,0,1,0,0,1,0,0,0,0,0,0,0,0
G067_20211120_193000.WAV,0,1,0,0,1,0,0,1,0,0,0,0,0,0,0,0
G067_20211121_053000.WAV,0,0,1,0,0,1,0,1,0,0,0,1,0,0,0,0
G067_20211128_203000.WAV,0,0,0,0,1,0,0,1,0,0,0,1,0,0,0,0
G067_20211130_050000.WAV,0,0,0,1,0,0,0,1,0,0,0,0,0,0,0,0
G068_20211111_173000.WAV,0,0,0,0,0,0,0,1,0,0,0,0,0,0,0,0
G068_20211112_050000.WAV,0,0,1,0,1,0,0,1,0,0,0,1,0,0,0,0
G068_20211113_080000.WAV,0,0,1,0,0,0,0,1,0,0,0,0,0,0,0,0
G068_20211115_183000.WAV,0,0,1,0,1,0,0,1,0,0,0,1,0,0,0,0
G068_20211121_183000.WAV,0,0,0,0,1,0,0,1,0,0,0,0,0,0,0,0
G068_20211129_183000.WAV,0,0,0,0,0,0,0,1,0,0,0,0,0,0,0,1
G069_20211110_190000.WAV,0,0,0,0,0,0,0,1,0,0,0,0,0,0,0,0
G069_20211113_190000.WAV,0,0,0,0,1,0,0,1,0,0,0,0,0,0,0,0
G069_20211117_200000.WAV,0,0,0,0,0,0,0,1,0,0,0,0,0,0,0,0
G069_20211119_203000.WAV,0,0,0,0,0,0,0,1,0,0,0,0,0,0,0,0
G069_20211121_180000.WAV,0,0,0,0,0,0,0,1,0,0,0,0,0,0,0,0
G069_20211122_170000.WAV,0,0,0,0,0,0,0,1,0,0,0,0,0,0,0,0
G070_20211110_200000.WAV,0,0,1,0,0,0,0,1,0,0,0,0,0,0,0,0
G070_20211120_060000.WAV,0,0,1,0,0,0,0,1,0,0,0,0,0,0,0,0
G070_20211125_180000.WAV,0,0,0,0,0,0,0,1,0,0,0,1,0,0,0,0
G070_20211127_190000.WAV,0,0,0,0,0,0,0,1,0,0,0,0,0,0,0,1
G070_20211129_050000.WAV,0,0,0,0,0,0,0,0,1,0,0,0,0,0,0,0
G070_20211201_053000.WAV,0,0,0,0,0,0,0,1,1,0,0,0,0,0,0,0
G071_20211111_200000.WAV,0,0,1,0,1,0,0,1,0,0,0,0,0,0,0,1
G071_20211112_063000.WAV,0,0,1,0,1,0,0,1,0,0,0,0,0,0,0,0
G071_20211119_063000.WAV,0,0,1,0,0,0,0,1,0,0,0,0,0,0,0,1
G071_20211120_200000.WAV,0,0,0,0,1,0,0,1,0,0,0,0,0,0,0,0
G071_20211125_193000.WAV,0,0,0,0,0,0,0,1,0,0,0,0,0,0,0,1
G071_20211128_203000.WAV,0,0,0,0,1,0,0,1,0,0,0,1,0,0,0,1
G072_20211110_170000.WAV,0,0,0,0,0,0,0,1,0,0,0,0,0,0,0,1
G072_20211111_050000.WAV,0,1,0,0,0,0,0,1,0,0,0,0,0,0,0,0
G072_20211116_053000.WAV,0,1,1,0,0,0,0,1,0,0,0,1,0,0,0,0
G072_20211116_180000.WAV,0,0,1,0,0,0,0,1,0,0,0,1,0,0,0,0
G072_20211116_193000.WAV,0,0,1,0,0,0,0,1,0,0,0,0,0,0,0,0
G072_20211130_053000.WAV,0,0,0,1,0,0,0,1,0,0,0,0,0,0,0,1
G074_20211112_060000.WAV,0,0,1,0,0,1,0,1,0,0,0,0,0,0,0,0
G074_20211113_070000.WAV,0,0,1,0,0,0,0,1,0,0,0,0,0,0,0,0
G074_20211114_073000.WAV,0,0,1,0,0,0,0,1,0,0,0,0,0,0,1,0
G074_20211120_063000.WAV,0,0,1,0,0,0,0,1,0,0,0,0,0,0,0,0
G074_20211122_060000.WAV,0,1,1,0,0,0,0,1,1,0,0,0,0,0,0,0
G074_20211124_060000.WAV,0,0,1,0,0,0,0,1,0,1,0,0,0,0,0,0
G075_20211121_173000.WAV,0,0,1,0,0,0,0,1,0,0,0,0,0,0,0,0
G075_20211122_050000.WAV,0,0,0,0,0,0,0,1,1,0,0,0,0,0,0,0
G075_20211122_063000.WAV,0,0,0,0,0,0,0,1,1,0,0,0,0,0,0,0
G075_20211123_083000.WAV,0,0,0,0,0,0,0,0,1,0,0,0,0,0,0,0
G075_20211123_183000.WAV,0,0,0,0,0,1,0,1,0,0,0,0,0,0,0,1
G075_20211127_073000.WAV,0,0,1,0,0,0,0,1,0,0,0,0,0,0,0,1
G076_20211105_060000.WAV,0,0,0,0,0,0,0,1,0,0,0,0,0,0,1,0
G076_20211109_050000.WAV,0,0,0,0,0,1,0,1,0,0,0,0,0,0,0,0
G076_20211109_193000.WAV,0,0,0,0,0,0,0,1,0,0,0,0,0,0,0,0
G076_20211120_050000.WAV,0,0,0,0,0,0,0,1,0,0,0,0,0,0,1,0
G076_20211120_083000.WAV,0,0,0,0,0,0,0,1,0,0,0,0,0,0,0,0
G076_20211121_050000.WAV,0,0,0,0,0,0,0,1,0,0,0,0,0,0,0,0
G077_20211117_083000.WAV,0,0,1,0,0,0,0,1,0,0,0,0,0,0,0,1
G077_20211117_190000.WAV,0,0,0,0,0,1,0,1,0,0,0,0,0,0,0,0
G077_20211120_050000.WAV,0,0,0,0,0,0,0,1,0,0,0,0,0,0,0,1
G077_20211121_190000.WAV,0,0,0,0,1,1,0,1,0,0,0,0,0,0,0,0
G077_20211123_083000.WAV,0,0,0,0,0,0,0,1,1,0,0,0,0,0,0,0
G077_20211126_200000.WAV,0,0,0,1,0,1,0,1,0,0,0,0,0,0,0,0
G078_20211115_070000.WAV,0,0,0,0,0,0,0,1,0,0,0,0,0,0,0,0
G078_20211122_170000.WAV,0,0,0,0,0,0,0,1,0,0,0,0,0,0,0,1
G078_20211123_063000.WAV,0,0,0,0,0,0,0,1,1,0,0,0,0,0,0,1
G078_20211123_193000.WAV,0,0,0,0,0,0,0,1,0,0,0,0,0,0,0,1
G078_20211125_180000.WAV,0,0,0,0,0,0,0,1,0,0,0,1,0,0,0,1
G078_20211127_070000.WAV,0,0,1,0,0,0,0,1,0,0,0,0,0,0,0,1
G079_20211111_053000.WAV,0,0,1,0,0,1,0,1,0,0,0,1,0,0,0,0
G079_20211115_073000.WAV,0,0,1,0,0,0,0,1,0,0,0,0,0,0,0,0
G079_20211117_060000.WAV,0,0,1,0,0,0,0,1,0,0,0,0,0,0,0,0
G079_20211117_190000.WAV,0,0,0,0,1,1,0,1,0,0,0,1,0,0,0,0
G079_20211118_190000.WAV,0,0,1,0,1,0,0,1,0,0,0,0,0,0,0,0
G079_20211121_080000.WAV,0,0,1,0,0,0,0,1,0,0,0,0,0,0,0,0
G080_20211110_063000.WAV,0,0,0,0,0,0,0,1,0,0,0,0,0,0,0,0
G080_20211113_173000.WAV,0,0,1,0,0,0,0,1,0,0,0,1,0,0,0,0
G080_20211117_083000.WAV,0,0,0,0,0,0,0,1,0,0,0,0,0,0,0,0
G080_20211120_053000.WAV,0,0,0,0,0,0,0,1,0,0,0,0,0,0,0,0
G080_20211121_173000.WAV,0,0,1,0,0,1,0,1,0,0,0,0,0,0,0,0
G081_20211110_170000.WAV,0,0,1,0,0,0,0,1,0,0,0,0,0,0,0,0
G081_20211113_183000.WAV,0,0,1,0,0,0,0,1,0,0,0,0,0,0,0,1
G081_20211115_070000.WAV,0,0,1,0,0,0,0,1,0,0,0,0,0,0,0,0
G081_20211120_183000.WAV,0,0,0,0,1,0,0,1,0,0,0,1,0,0,0,0
G081_20211126_170000.WAV,0,0,1,0,0,0,0,1,0,0,0,0,0,0,0,1
G081_20211126_180000.WAV,0,0,0,0,1,0,0,1,0,0,0,1,0,0,0,0
G082_20211110_050000.WAV,0,0,0,0,0,1,0,1,0,0,0,0,0,0,0,0
G082_20211111_073000.WAV,0,0,1,0,0,0,0,1,0,0,0,0,0,0,0,0
G082_20211116_173000.WAV,0,0,1,0,0,0,0,1,0,0,0,1,0,0,0,0
G082_20211118_070000.WAV,0,0,1,0,0,0,0,1,0,0,0,0,0,0,0,0
G082_20211120_190000.WAV,0,0,0,0,0,0,0,1,0,0,0,0,0,0,0,0
G082_20211123_183000.WAV,0,0,0,0,0,0,0,1,0,0,0,0,0,0,0,1
G083_20211109_050000.WAV,0,0,0,1,0,0,0,1,0,0,0,0,0,0,0,0
G083_20211109_060000.WAV,0,0,0,0,0,0,0,0,1,0,0,0,0,0,0,0
G083_20211111_050000.WAV,0,0,0,0,0,1,0,1,0,0,0,0,0,0,0,0
G083_20211111_073000.WAV,0,0,1,0,0,1,0,1,0,0,0,0,0,0,0,0
G083_20211112_193000.WAV,0,0,0,0,0,1,0,1,0,0,0,0,0,0,0,0
G083_20211119_053000.WAV,0,0,1,0,0,1,0,1,0,0,0,0,0,0,0,0
G084_20211111_203000.WAV,0,0,0,0,0,1,0,1,0,0,0,0,0,0,0,1
G084_20211118_060000.WAV,0,0,1,0,0,0,0,1,0,0,0,0,0,0,0,1
G084_20211119_193000.WAV,0,0,0,0,0,0,0,1,0,0,0,0,0,0,0,1
G084_20211122_053000.WAV,0,0,0,0,0,0,0,1,1,0,0,0,0,0,0,0
G084_20211125_183000.WAV,0,0,0,0,0,1,0,1,0,0,0,0,0,0,0,1
G084_20211126_193000.WAV,0,0,0,0,0,0,0,1,0,0,0,0,0,0,0,1
G085_20211107_073000.WAV,0,0,1,0,0,0,0,0,0,0,0,0,0,0,0,0
G085_20211110_050000.WAV,0,0,0,0,0,1,0,1,0,0,0,0,0,0,0,0
G085_20211112_063000.WAV,0,0,1,0,0,1,0,1,0,0,0,0,0,0,0,0
G085_20211114_080000.WAV,0,0,1,0,0,1,0,1,0,0,0,0,0,0,0,0
G085_20211119_080000.WAV,0,0,1,0,0,1,0,1,0,0,0,0,0,0,0,0
G085_20211122_060000.WAV,0,0,1,0,0,1,0,1,0,0,0,0,0,0,0,0
G086_20211111_073000.WAV,0,0,1,0,0,0,0,1,0,0,0,0,0,1,0,0
G086_20211114_073000.WAV,0,0,1,0,0,0,0,1,0,0,0,0,0,0,0,0
G086_20211114_170000.WAV,0,0,1,0,0,0,0,1,0,0,0,0,0,0,0,1
G086_20211122_200000.WAV,0,0,0,0,1,0,0,1,0,0,0,1,0,0,0,0
G086_20211123_083000.WAV,0,0,1,0,0,0,0,1,0,0,0,0,0,0,0,1
G086_20211127_070000.WAV,0,0,1,0,0,0,0,1,0,0,0,0,0,0,0,0
G087_20211107_190000.WAV,0,0,0,0,0,1,0,1,0,0,0,0,0,0,0,0
G087_20211112_170000.WAV,0,0,1,0,0,1,0,1,0,0,0,0,0,0,0,0
G087_20211115_050000.WAV,0,0,0,0,0,1,0,1,0,0,0,0,0,0,0,0
G087_20211116_070000.WAV,0,0,1,0,0,0,0,0,1,0,0,0,0,0,0,0
G087_20211120_073000.WAV,0,0,0,0,0,0,0,1,1,0,0,0,0,0,0,0
G087_20211122_193000.WAV,0,0,0,0,0,0,0,1,0,0,0,0,0,0,0,0
G088_20211113_170000.WAV,0,0,1,0,0,0,0,1,0,0,0,0,0,0,0,0
G088_20211117_193000.WAV,0,0,1,0,0,0,0,1,0,0,0,0,0,0,0,0
G088_20211118_193000.WAV,0,0,1,0,0,0,0,1,0,0,0,0,0,0,0,0
G088_20211120_060000.WAV,0,0,1,0,0,0,0,1,1,0,0,0,0,0,0,0
G088_20211120_080000.WAV,0,0,1,0,0,0,0,1,0,0,0,0,0,0,0,0
G088_20211126_183000.WAV,0,0,0,0,0,0,0,1,0,0,0,1,0,0,0,0
G089_20211106_050000.WAV,0,0,0,0,0,0,0,1,0,0,0,0,0,0,0,1
G089_20211116_180000.WAV,0,0,1,0,0,0,0,1,0,0,0,0,0,0,0,1
G089_20211117_203000.WAV,0,0,0,0,0,0,0,1,0,0,0,1,0,0,0,0
G089_20211118_173000.WAV,0,0,1,0,0,0,0,1,0,0,0,0,0,0,0,1
G089_20211121_083000.WAV,0,0,0,0,0,0,0,0,0,0,0,0,0,0,0,1
G089_20211124_070000.WAV,0,0,0,0,0,0,0,1,0,1,0,0,0,0,0,1
G090_20211114_063000.WAV,0,0,1,0,0,0,0,1,1,0,0,0,0,0,0,0
G090_20211118_070000.WAV,0,0,0,0,0,0,0,1,0,0,0,0,0,0,0,0
G090_20211118_180000.WAV,0,0,0,0,0,0,0,1,0,0,0,0,0,0,0,1
G090_20211119_193000.WAV,0,0,0,0,0,0,0,1,0,0,0,0,0,0,0,0
G090_20211125_070000.WAV,0,0,1,1,0,0,0,1,0,0,0,0,0,0,0,0
G090_20211126_063000.WAV,0,0,0,1,0,0,0,1,1,0,0,0,0,0,0,0
G091_20211107_073000.WAV,0,0,1,0,0,0,0,1,0,0,0,0,0,0,0,0
G091_20211116_070000.WAV,0,0,1,0,0,0,0,1,0,0,0,0,0,0,0,0
G091_20211118_173000.WAV,0,0,1,0,0,0,0,1,0,0,0,0,0,0,0,0
G091_20211119_083000.WAV,0,0,1,0,0,1,0,1,0,0,0,0,0,0,0,0
G091_20211119_173000.WAV,0,0,1,0,0,0,0,1,0,0,0,0,0,0,0,1
G091_20211120_063000.WAV,0,0,1,0,0,1,0,1,0,0,0,1,0,0,0,0
G092_20211109_173000.WAV,0,0,1,0,1,1,0,1,0,0,0,0,0,0,0,1
G092_20211115_203000.WAV,0,0,0,0,0,0,0,1,0,0,0,1,0,0,0,1
G092_20211119_080000.WAV,0,0,1,0,0,0,0,1,0,0,0,0,0,0,0,1
G092_20211120_080000.WAV,0,0,1,0,0,0,0,1,0,0,0,0,0,0,1,1
G092_20211121_073000.WAV,0,0,1,0,0,0,0,1,0,0,0,0,0,0,1,0
G092_20211124_063000.WAV,0,0,1,0,0,0,0,1,0,0,0,0,0,0,0,1
G093_20211106_193000.WAV,0,0,0,0,0,0,0,1,0,0,0,0,0,0,0,0
G093_20211109_053000.WAV,0,0,0,0,0,0,0,0,1,0,0,0,0,0,0,0
G093_20211109_183000.WAV,0,0,0,0,0,0,0,1,0,0,0,0,0,0,0,0
G093_20211113_070000.WAV,0,0,0,0,0,0,0,1,0,0,0,0,0,0,0,0
G093_20211119_173000.WAV,0,0,0,0,0,0,0,1,0,0,0,0,0,0,0,0
G093_20211120_183000.WAV,0,0,0,0,0,1,0,1,0,0,0,0,0,0,0,1
G094_20211112_200000.WAV,0,0,1,0,0,0,0,1,0,0,0,0,0,0,0,0
G094_20211114_073000.WAV,0,0,1,0,0,1,0,1,0,0,0,0,0,0,1,0
G094_20211116_193000.WAV,0,0,1,0,1,0,0,1,0,0,0,1,0,0,0,0
G094_20211119_173000.WAV,0,0,1,0,0,0,0,1,0,0,0,0,0,0,0,0
G094_20211124_173000.WAV,0,0,1,0,0,0,0,1,0,0,0,0,0,0,1,0
G094_20211125_203000.WAV,0,0,0,0,0,0,0,1,0,0,0,1,0,0,0,0
G095_20211109_083000.WAV,0,0,0,0,0,0,0,1,0,0,0,0,0,0,0,0
G095_20211116_183000.WAV,0,0,0,0,0,0,0,1,0,0,0,0,0,0,0,1
G095_20211117_080000.WAV,0,0,0,0,0,0,0,1,0,0,0,0,0,0,0,1
G095_20211118_073000.WAV,0,0,0,0,0,0,0,1,0,0,0,0,0,0,0,1
G095_20211121_063000.WAV,0,0,1,0,0,0,0,1,0,0,0,0,0,0,0,0
G095_20211122_200000.WAV,0,0,0,0,0,1,0,1,0,0,0,0,0,0,0,1
G096_20211115_073000.WAV,0,0,1,0,0,0,0,1,0,0,0,0,0,0,0,1
G096_20211121_050000.WAV,0,0,0,0,0,0,0,1,0,0,0,0,0,0,0,0
G096_20211121_203000.WAV,0,0,0,0,1,0,0,1,0,0,0,0,0,0,0,0
G096_20211124_060000.WAV,0,0,0,0,0,0,0,1,0,0,0,0,0,0,0,0
G096_20211124_080000.WAV,0,0,0,0,0,0,0,1,0,0,0,0,0,0,0,0
G096_20211126_183000.WAV,0,0,0,0,1,0,0,1,0,0,0,0,0,0,0,0
G097_20211108_073000.WAV,0,0,0,0,0,0,0,1,1,0,0,0,0,0,0,0
G097_20211109_190000.WAV,0,0,0,0,1,0,0,1,0,0,0,0,0,0,0,1
G097_20211121_193000.WAV,0,0,0,0,0,0,0,1,0,0,0,0,0,0,0,1
G097_20211126_183000.WAV,0,0,0,1,0,1,0,1,0,0,0,0,0,0,0,1
G097_20211127_200000.WAV,0,0,0,0,0,1,0,1,0,0,0,0,0,0,0,1
G097_20211130_050000.WAV,0,0,0,1,0,0,0,1,1,0,0,0,0,0,0,0
G098_20211111_060000.WAV,0,0,1,0,0,0,0,1,0,0,0,0,0,0,0,1
G098_20211112_080000.WAV,0,0,1,0,0,0,0,1,0,0,0,0,0,0,0,1
G098_20211116_180000.WAV,0,0,0,0,0,0,0,1,0,0,0,0,0,0,0,1
G098_20211117_060000.WAV,0,0,1,0,0,0,0,1,0,0,0,0,0,0,0,1
G098_20211123_203000.WAV,0,0,0,0,0,0,0,1,0,0,0,0,0,0,0,1
G098_20211127_200000.WAV,0,0,0,0,0,0,0,1,0,0,0,0,0,0,0,1
G099_20211113_180000.WAV,0,0,1,0,0,0,0,1,0,0,0,1,0,0,0,1
G099_20211114_050000.WAV,0,0,1,0,0,0,0,1,0,0,0,1,0,0,0,1
G099_20211114_183000.WAV,0,0,1,0,0,0,0,1,0,0,0,0,0,0,0,1
G099_20211121_173000.WAV,0,0,1,0,0,1,0,1,0,0,0,0,0,0,0,1
G099_20211123_083000.WAV,0,0,0,0,0,0,0,0,1,0,0,0,0,0,0,0
G099_20211125_200000.WAV,0,0,0,0,1,0,0,1,0,0,0,0,0,0,0,1
G100_20211110_060000.WAV,0,0,1,0,0,0,0,1,0,0,0,0,0,0,0,0
G100_20211111_073000.WAV,0,0,1,0,0,0,0,1,0,0,0,0,0,0,0,1
G100_20211116_180000.WAV,0,0,1,0,0,0,0,1,0,0,0,1,0,0,0,1
G100_20211121_070000.WAV,0,0,1,0,0,0,0,1,1,0,0,0,0,0,0,0
G100_20211128_063000.WAV,0,0,1,0,0,0,0,1,0,0,0,0,0,0,0,1
G100_20211128_180000.WAV,0,0,1,0,0,0,0,1,0,0,0,1,0,0,0,1
