path_audio,fname,sample_rate,channels,bits,samples,length,fsize,sensor_name,date,time,site,hour
/Volumes/PAPAYA/anh_aguas_bajas/G001/G001_20220423_173000.WAV,G001_20220423_173000.WAV,192000,1,16,11520000,60.0,23040488,G001,2022-04-23 17:30:00,173000,G001,17
/Volumes/PAPAYA/anh_aguas_bajas/G001/G001_20220423_063000.WAV,G001_20220423_063000.WAV,192000,1,16,11520000,60.0,23040488,G001,2022-04-23 06:30:00,63000,G001,06
/Volumes/PAPAYA/anh_aguas_bajas/G001/G001_20220404_200000.WAV,G001_20220404_200000.WAV,192000,1,16,11520000,60.0,23040488,G001,2022-04-04 20:00:00,200000,G001,20
/Volumes/PAPAYA/anh_aguas_bajas/G001/G001_20220402_060000.WAV,G001_20220402_060000.WAV,192000,1,16,11520000,60.0,23040488,G001,2022-04-02 06:00:00,60000,G001,06
/Volumes/PAPAYA/anh_aguas_bajas/G001/G001_20220420_053000.WAV,G001_20220420_053000.WAV,192000,1,16,11520000,60.0,23040488,G001,2022-04-20 05:30:00,53000,G001,05
/Volumes/PAPAYA/anh_aguas_bajas/G001/G001_20220328_193000.WAV,G001_20220328_193000.WAV,192000,1,16,11520000,60.0,23040488,G001,2022-03-28 19:30:00,193000,G001,19
/Volumes/PAPAYA/anh_aguas_bajas/G002/G002_20220414_173000.WAV,G002_20220414_173000.WAV,192000,1,16,11520000,60.0,23040488,G002,2022-04-14 17:30:00,173000,G002,17
/Volumes/PAPAYA/anh_aguas_bajas/G002/G002_20220414_063000.WAV,G002_20220414_063000.WAV,192000,1,16,11520000,60.0,23040488,G002,2022-04-14 06:30:00,63000,G002,06
/Volumes/PAPAYA/anh_aguas_bajas/G002/G002_20220326_200000.WAV,G002_20220326_200000.WAV,192000,1,16,11520000,60.0,23040488,G002,2022-03-26 20:00:00,200000,G002,20
/Volumes/PAPAYA/anh_aguas_bajas/G002/G002_20220324_060000.WAV,G002_20220324_060000.WAV,192000,1,16,11520000,60.0,23040488,G002,2022-03-24 06:00:00,60000,G002,06
/Volumes/PAPAYA/anh_aguas_bajas/G002/G002_20220411_053000.WAV,G002_20220411_053000.WAV,192000,1,16,11520000,60.0,23040488,G002,2022-04-11 05:30:00,53000,G002,05
/Volumes/PAPAYA/anh_aguas_bajas/G002/G002_20220319_193000.WAV,G002_20220319_193000.WAV,192000,1,16,11520000,60.0,23040488,G002,2022-03-19 19:30:00,193000,G002,19
/Volumes/PAPAYA/anh_aguas_bajas/G003/G003_20220426_173000.WAV,G003_20220426_173000.WAV,192000,1,16,11520000,60.0,23040488,G003,2022-04-26 17:30:00,173000,G003,17
/Volumes/PAPAYA/anh_aguas_bajas/G003/G003_20220426_063000.WAV,G003_20220426_063000.WAV,192000,1,16,11520000,60.0,23040488,G003,2022-04-26 06:30:00,63000,G003,06
/Volumes/PAPAYA/anh_aguas_bajas/G003/G003_20220407_200000.WAV,G003_20220407_200000.WAV,192000,1,16,11520000,60.0,23040488,G003,2022-04-07 20:00:00,200000,G003,20
/Volumes/PAPAYA/anh_aguas_bajas/G003/G003_20220405_060000.WAV,G003_20220405_060000.WAV,192000,1,16,11520000,60.0,23040488,G003,2022-04-05 06:00:00,60000,G003,06
/Volumes/PAPAYA/anh_aguas_bajas/G003/G003_20220423_053000.WAV,G003_20220423_053000.WAV,192000,1,16,11520000,60.0,23040488,G003,2022-04-23 05:30:00,53000,G003,05
/Volumes/PAPAYA/anh_aguas_bajas/G003/G003_20220331_193000.WAV,G003_20220331_193000.WAV,192000,1,16,11520000,60.0,23040488,G003,2022-03-31 19:30:00,193000,G003,19
/Volumes/PAPAYA/anh_aguas_bajas/G004/G004_20220426_173000.WAV,G004_20220426_173000.WAV,192000,1,16,11520000,60.0,23040488,G004,2022-04-26 17:30:00,173000,G004,17
/Volumes/PAPAYA/anh_aguas_bajas/G004/G004_20220426_063000.WAV,G004_20220426_063000.WAV,192000,1,16,11520000,60.0,23040488,G004,2022-04-26 06:30:00,63000,G004,06
/Volumes/PAPAYA/anh_aguas_bajas/G004/G004_20220407_200000.WAV,G004_20220407_200000.WAV,192000,1,16,11520000,60.0,23040488,G004,2022-04-07 20:00:00,200000,G004,20
/Volumes/PAPAYA/anh_aguas_bajas/G004/G004_20220405_060000.WAV,G004_20220405_060000.WAV,192000,1,16,11520000,60.0,23040488,G004,2022-04-05 06:00:00,60000,G004,06
/Volumes/PAPAYA/anh_aguas_bajas/G004/G004_20220423_053000.WAV,G004_20220423_053000.WAV,192000,1,16,11520000,60.0,23040488,G004,2022-04-23 05:30:00,53000,G004,05
/Volumes/PAPAYA/anh_aguas_bajas/G004/G004_20220331_193000.WAV,G004_20220331_193000.WAV,192000,1,16,11520000,60.0,23040488,G004,2022-03-31 19:30:00,193000,G004,19
/Volumes/PAPAYA/anh_aguas_bajas/G005/G005_20220424_173000.WAV,G005_20220424_173000.WAV,192000,1,16,11520000,60.0,23040488,G005,2022-04-24 17:30:00,173000,G005,17
/Volumes/PAPAYA/anh_aguas_bajas/G005/G005_20220424_063000.WAV,G005_20220424_063000.WAV,192000,1,16,11520000,60.0,23040488,G005,2022-04-24 06:30:00,63000,G005,06
/Volumes/PAPAYA/anh_aguas_bajas/G005/G005_20220405_200000.WAV,G005_20220405_200000.WAV,192000,1,16,11520000,60.0,23040488,G005,2022-04-05 20:00:00,200000,G005,20
/Volumes/PAPAYA/anh_aguas_bajas/G005/G005_20220403_060000.WAV,G005_20220403_060000.WAV,192000,1,16,11520000,60.0,23040488,G005,2022-04-03 06:00:00,60000,G005,06
/Volumes/PAPAYA/anh_aguas_bajas/G005/G005_20220421_053000.WAV,G005_20220421_053000.WAV,192000,1,16,11520000,60.0,23040488,G005,2022-04-21 05:30:00,53000,G005,05
/Volumes/PAPAYA/anh_aguas_bajas/G005/G005_20220329_193000.WAV,G005_20220329_193000.WAV,192000,1,16,11520000,60.0,23040488,G005,2022-03-29 19:30:00,193000,G005,19
/Volumes/PAPAYA/anh_aguas_bajas/G006/G006_20220417_173000.WAV,G006_20220417_173000.WAV,192000,1,16,11520000,60.0,23040488,G006,2022-04-17 17:30:00,173000,G006,17
/Volumes/PAPAYA/anh_aguas_bajas/G006/G006_20220417_063000.WAV,G006_20220417_063000.WAV,192000,1,16,11520000,60.0,23040488,G006,2022-04-17 06:30:00,63000,G006,06
/Volumes/PAPAYA/anh_aguas_bajas/G006/G006_20220329_200000.WAV,G006_20220329_200000.WAV,192000,1,16,11520000,60.0,23040488,G006,2022-03-29 20:00:00,200000,G006,20
/Volumes/PAPAYA/anh_aguas_bajas/G006/G006_20220327_060000.WAV,G006_20220327_060000.WAV,192000,1,16,11520000,60.0,23040488,G006,2022-03-27 06:00:00,60000,G006,06
/Volumes/PAPAYA/anh_aguas_bajas/G006/G006_20220414_053000.WAV,G006_20220414_053000.WAV,192000,1,16,11520000,60.0,23040488,G006,2022-04-14 05:30:00,53000,G006,05
/Volumes/PAPAYA/anh_aguas_bajas/G006/G006_20220322_193000.WAV,G006_20220322_193000.WAV,192000,1,16,11520000,60.0,23040488,G006,2022-03-22 19:30:00,193000,G006,19
/Volumes/PAPAYA/anh_aguas_bajas/G007/G007_20220419_173000.WAV,G007_20220419_173000.WAV,192000,1,16,11520000,60.0,23040488,G007,2022-04-19 17:30:00,173000,G007,17
/Volumes/PAPAYA/anh_aguas_bajas/G007/G007_20220413_180000.WAV,G007_20220413_180000.WAV,192000,1,16,11520000,60.0,23040488,G007,2022-04-13 18:00:00,180000,G007,18
/Volumes/PAPAYA/anh_aguas_bajas/G007/G007_20220331_190000.WAV,G007_20220331_190000.WAV,192000,1,16,11520000,60.0,23040488,G007,2022-03-31 19:00:00,190000,G007,19
/Volumes/PAPAYA/anh_aguas_bajas/G007/G007_20220329_050000.WAV,G007_20220329_050000.WAV,192000,1,16,11520000,60.0,23040488,G007,2022-03-29 05:00:00,50000,G007,05
/Volumes/PAPAYA/anh_aguas_bajas/G007/G007_20220416_050000.WAV,G007_20220416_050000.WAV,192000,1,16,11520000,60.0,23040488,G007,2022-04-16 05:00:00,50000,G007,05
/Volumes/PAPAYA/anh_aguas_bajas/G007/G007_20220324_183000.WAV,G007_20220324_183000.WAV,192000,1,16,11520000,60.0,23040488,G007,2022-03-24 18:30:00,183000,G007,18
/Volumes/PAPAYA/anh_aguas_bajas/G008/G008_20220331_170000.WAV,G008_20220331_170000.WAV,192000,1,16,11520000,60.0,23040488,G008,2022-03-31 17:00:00,170000,G008,17
/Volumes/PAPAYA/anh_aguas_bajas/G008/G008_20220325_190000.WAV,G008_20220325_190000.WAV,192000,1,16,11520000,60.0,23040488,G008,2022-03-25 19:00:00,190000,G008,19
/Volumes/PAPAYA/anh_aguas_bajas/G008/G008_20220329_073000.WAV,G008_20220329_073000.WAV,192000,1,16,11520000,60.0,23040488,G008,2022-03-29 07:30:00,73000,G008,07
/Volumes/PAPAYA/anh_aguas_bajas/G008/G008_20220331_193000.WAV,G008_20220331_193000.WAV,192000,1,16,11520000,60.0,23040488,G008,2022-03-31 19:30:00,193000,G008,19
/Volumes/PAPAYA/anh_aguas_bajas/G008/G008_20220407_170000.WAV,G008_20220407_170000.WAV,192000,1,16,11520000,60.0,23040488,G008,2022-04-07 17:00:00,170000,G008,17
/Volumes/PAPAYA/anh_aguas_bajas/G008/G008_20220419_203000.WAV,G008_20220419_203000.WAV,192000,1,16,11520000,60.0,23040488,G008,2022-04-19 20:30:00,203000,G008,20
/Volumes/PAPAYA/anh_aguas_bajas/G010/G010_20220417_173000.WAV,G010_20220417_173000.WAV,192000,1,16,11520000,60.0,23040488,G010,2022-04-17 17:30:00,173000,G010,17
/Volumes/PAPAYA/anh_aguas_bajas/G010/G010_20220417_063000.WAV,G010_20220417_063000.WAV,192000,1,16,11520000,60.0,23040488,G010,2022-04-17 06:30:00,63000,G010,06
/Volumes/PAPAYA/anh_aguas_bajas/G010/G010_20220329_200000.WAV,G010_20220329_200000.WAV,192000,1,16,11520000,60.0,23040488,G010,2022-03-29 20:00:00,200000,G010,20
/Volumes/PAPAYA/anh_aguas_bajas/G010/G010_20220327_060000.WAV,G010_20220327_060000.WAV,192000,1,16,11520000,60.0,23040488,G010,2022-03-27 06:00:00,60000,G010,06
/Volumes/PAPAYA/anh_aguas_bajas/G010/G010_20220414_053000.WAV,G010_20220414_053000.WAV,192000,1,16,11520000,60.0,23040488,G010,2022-04-14 05:30:00,53000,G010,05
/Volumes/PAPAYA/anh_aguas_bajas/G010/G010_20220322_193000.WAV,G010_20220322_193000.WAV,192000,1,16,11520000,60.0,23040488,G010,2022-03-22 19:30:00,193000,G010,19
/Volumes/PAPAYA/anh_aguas_bajas/G011/G011_20220410_190000.WAV,G011_20220410_190000.WAV,192000,1,16,11520000,60.0,23040488,G011,2022-04-10 19:00:00,190000,G011,19
/Volumes/PAPAYA/anh_aguas_bajas/G011/G011_20220414_193000.WAV,G011_20220414_193000.WAV,192000,1,16,11520000,60.0,23040488,G011,2022-04-14 19:30:00,193000,G011,19
/Volumes/PAPAYA/anh_aguas_bajas/G011/G011_20220419_203000.WAV,G011_20220419_203000.WAV,192000,1,16,11520000,60.0,23040488,G011,2022-04-19 20:30:00,203000,G011,20
/Volumes/PAPAYA/anh_aguas_bajas/G011/G011_20220414_073000.WAV,G011_20220414_073000.WAV,192000,1,16,11520000,60.0,23040488,G011,2022-04-14 07:30:00,73000,G011,07
/Volumes/PAPAYA/anh_aguas_bajas/G011/G011_20220408_060000.WAV,G011_20220408_060000.WAV,192000,1,16,11520000,60.0,23040488,G011,2022-04-08 06:00:00,60000,G011,06
/Volumes/PAPAYA/anh_aguas_bajas/G011/G011_20220416_073000.WAV,G011_20220416_073000.WAV,192000,1,16,11520000,60.0,23040488,G011,2022-04-16 07:30:00,73000,G011,07
/Volumes/PAPAYA/anh_aguas_bajas/G012/G012_20220402_173000.WAV,G012_20220402_173000.WAV,192000,1,16,11520000,60.0,23040488,G012,2022-04-02 17:30:00,173000,G012,17
/Volumes/PAPAYA/anh_aguas_bajas/G012/G012_20220327_193000.WAV,G012_20220327_193000.WAV,192000,1,16,11520000,60.0,23040488,G012,2022-03-27 19:30:00,193000,G012,19
/Volumes/PAPAYA/anh_aguas_bajas/G012/G012_20220331_080000.WAV,G012_20220331_080000.WAV,192000,1,16,11520000,60.0,23040488,G012,2022-03-31 08:00:00,80000,G012,08
/Volumes/PAPAYA/anh_aguas_bajas/G012/G012_20220402_200000.WAV,G012_20220402_200000.WAV,192000,1,16,11520000,60.0,23040488,G012,2022-04-02 20:00:00,200000,G012,20
/Volumes/PAPAYA/anh_aguas_bajas/G012/G012_20220409_173000.WAV,G012_20220409_173000.WAV,192000,1,16,11520000,60.0,23040488,G012,2022-04-09 17:30:00,173000,G012,17
/Volumes/PAPAYA/anh_aguas_bajas/G012/G012_20220421_203000.WAV,G012_20220421_203000.WAV,192000,1,16,11520000,60.0,23040488,G012,2022-04-21 20:30:00,203000,G012,20
/Volumes/PAPAYA/anh_aguas_bajas/G013/G013_20220401_170000.WAV,G013_20220401_170000.WAV,192000,1,16,11520000,60.0,23040488,G013,2022-04-01 17:00:00,170000,G013,17
/Volumes/PAPAYA/anh_aguas_bajas/G013/G013_20220326_190000.WAV,G013_20220326_190000.WAV,192000,1,16,11520000,60.0,23040488,G013,2022-03-26 19:00:00,190000,G013,19
/Volumes/PAPAYA/anh_aguas_bajas/G013/G013_20220330_073000.WAV,G013_20220330_073000.WAV,192000,1,16,11520000,60.0,23040488,G013,2022-03-30 07:30:00,73000,G013,07
/Volumes/PAPAYA/anh_aguas_bajas/G013/G013_20220401_193000.WAV,G013_20220401_193000.WAV,192000,1,16,11520000,60.0,23040488,G013,2022-04-01 19:30:00,193000,G013,19
/Volumes/PAPAYA/anh_aguas_bajas/G013/G013_20220408_170000.WAV,G013_20220408_170000.WAV,192000,1,16,11520000,60.0,23040488,G013,2022-04-08 17:00:00,170000,G013,17
/Volumes/PAPAYA/anh_aguas_bajas/G013/G013_20220420_203000.WAV,G013_20220420_203000.WAV,192000,1,16,11520000,60.0,23040488,G013,2022-04-20 20:30:00,203000,G013,20
/Volumes/PAPAYA/anh_aguas_bajas/G014/G014_20220424_173000.WAV,G014_20220424_173000.WAV,192000,1,16,11520000,60.0,23040488,G014,2022-04-24 17:30:00,173000,G014,17
/Volumes/PAPAYA/anh_aguas_bajas/G014/G014_20220424_063000.WAV,G014_20220424_063000.WAV,192000,1,16,11520000,60.0,23040488,G014,2022-04-24 06:30:00,63000,G014,06
/Volumes/PAPAYA/anh_aguas_bajas/G014/G014_20220405_200000.WAV,G014_20220405_200000.WAV,192000,1,16,11520000,60.0,23040488,G014,2022-04-05 20:00:00,200000,G014,20
/Volumes/PAPAYA/anh_aguas_bajas/G014/G014_20220403_060000.WAV,G014_20220403_060000.WAV,192000,1,16,11520000,60.0,23040488,G014,2022-04-03 06:00:00,60000,G014,06
/Volumes/PAPAYA/anh_aguas_bajas/G014/G014_20220421_053000.WAV,G014_20220421_053000.WAV,192000,1,16,11520000,60.0,23040488,G014,2022-04-21 05:30:00,53000,G014,05
/Volumes/PAPAYA/anh_aguas_bajas/G014/G014_20220329_193000.WAV,G014_20220329_193000.WAV,192000,1,16,11520000,60.0,23040488,G014,2022-03-29 19:30:00,193000,G014,19
/Volumes/PAPAYA/anh_aguas_bajas/G015/G015_20220425_173000.WAV,G015_20220425_173000.WAV,192000,1,16,11520000,60.0,23040488,G015,2022-04-25 17:30:00,173000,G015,17
/Volumes/PAPAYA/anh_aguas_bajas/G015/G015_20220425_063000.WAV,G015_20220425_063000.WAV,192000,1,16,11520000,60.0,23040488,G015,2022-04-25 06:30:00,63000,G015,06
/Volumes/PAPAYA/anh_aguas_bajas/G015/G015_20220406_200000.WAV,G015_20220406_200000.WAV,192000,1,16,11520000,60.0,23040488,G015,2022-04-06 20:00:00,200000,G015,20
/Volumes/PAPAYA/anh_aguas_bajas/G015/G015_20220404_060000.WAV,G015_20220404_060000.WAV,192000,1,16,11520000,60.0,23040488,G015,2022-04-04 06:00:00,60000,G015,06
/Volumes/PAPAYA/anh_aguas_bajas/G015/G015_20220422_053000.WAV,G015_20220422_053000.WAV,192000,1,16,11520000,60.0,23040488,G015,2022-04-22 05:30:00,53000,G015,05
/Volumes/PAPAYA/anh_aguas_bajas/G015/G015_20220330_193000.WAV,G015_20220330_193000.WAV,192000,1,16,11520000,60.0,23040488,G015,2022-03-30 19:30:00,193000,G015,19
/Volumes/PAPAYA/anh_aguas_bajas/G016/G016_20220417_173000.WAV,G016_20220417_173000.WAV,192000,1,16,11520000,60.0,23040488,G016,2022-04-17 17:30:00,173000,G016,17
/Volumes/PAPAYA/anh_aguas_bajas/G016/G016_20220417_063000.WAV,G016_20220417_063000.WAV,192000,1,16,11520000,60.0,23040488,G016,2022-04-17 06:30:00,63000,G016,06
/Volumes/PAPAYA/anh_aguas_bajas/G016/G016_20220329_200000.WAV,G016_20220329_200000.WAV,192000,1,16,11520000,60.0,23040488,G016,2022-03-29 20:00:00,200000,G016,20
/Volumes/PAPAYA/anh_aguas_bajas/G016/G016_20220327_060000.WAV,G016_20220327_060000.WAV,192000,1,16,11520000,60.0,23040488,G016,2022-03-27 06:00:00,60000,G016,06
/Volumes/PAPAYA/anh_aguas_bajas/G016/G016_20220414_053000.WAV,G016_20220414_053000.WAV,192000,1,16,11520000,60.0,23040488,G016,2022-04-14 05:30:00,53000,G016,05
/Volumes/PAPAYA/anh_aguas_bajas/G016/G016_20220322_193000.WAV,G016_20220322_193000.WAV,192000,1,16,11520000,60.0,23040488,G016,2022-03-22 19:30:00,193000,G016,19
/Volumes/PAPAYA/anh_aguas_bajas/G017/G017_20220414_173000.WAV,G017_20220414_173000.WAV,192000,1,16,11520000,60.0,23040488,G017,2022-04-14 17:30:00,173000,G017,17
/Volumes/PAPAYA/anh_aguas_bajas/G017/G017_20220414_063000.WAV,G017_20220414_063000.WAV,192000,1,16,11520000,60.0,23040488,G017,2022-04-14 06:30:00,63000,G017,06
/Volumes/PAPAYA/anh_aguas_bajas/G017/G017_20220326_200000.WAV,G017_20220326_200000.WAV,192000,1,16,11520000,60.0,23040488,G017,2022-03-26 20:00:00,200000,G017,20
/Volumes/PAPAYA/anh_aguas_bajas/G017/G017_20220324_060000.WAV,G017_20220324_060000.WAV,192000,1,16,11520000,60.0,23040488,G017,2022-03-24 06:00:00,60000,G017,06
/Volumes/PAPAYA/anh_aguas_bajas/G017/G017_20220411_053000.WAV,G017_20220411_053000.WAV,192000,1,16,11520000,60.0,23040488,G017,2022-04-11 05:30:00,53000,G017,05
/Volumes/PAPAYA/anh_aguas_bajas/G017/G017_20220319_193000.WAV,G017_20220319_193000.WAV,192000,1,16,11520000,60.0,23040488,G017,2022-03-19 19:30:00,193000,G017,19
/Volumes/PAPAYA/anh_aguas_bajas/G018/G018_20220415_173000.WAV,G018_20220415_173000.WAV,192000,1,16,11520000,60.0,23040488,G018,2022-04-15 17:30:00,173000,G018,17
/Volumes/PAPAYA/anh_aguas_bajas/G018/G018_20220415_063000.WAV,G018_20220415_063000.WAV,192000,1,16,11520000,60.0,23040488,G018,2022-04-15 06:30:00,63000,G018,06
/Volumes/PAPAYA/anh_aguas_bajas/G018/G018_20220327_200000.WAV,G018_20220327_200000.WAV,192000,1,16,11520000,60.0,23040488,G018,2022-03-27 20:00:00,200000,G018,20
/Volumes/PAPAYA/anh_aguas_bajas/G018/G018_20220325_060000.WAV,G018_20220325_060000.WAV,192000,1,16,11520000,60.0,23040488,G018,2022-03-25 06:00:00,60000,G018,06
/Volumes/PAPAYA/anh_aguas_bajas/G018/G018_20220412_053000.WAV,G018_20220412_053000.WAV,192000,1,16,11520000,60.0,23040488,G018,2022-04-12 05:30:00,53000,G018,05
/Volumes/PAPAYA/anh_aguas_bajas/G018/G018_20220320_193000.WAV,G018_20220320_193000.WAV,192000,1,16,11520000,60.0,23040488,G018,2022-03-20 19:30:00,193000,G018,19
/Volumes/PAPAYA/anh_aguas_bajas/G019/G019_20220422_173000.WAV,G019_20220422_173000.WAV,192000,1,16,11520000,60.0,23040488,G019,2022-04-22 17:30:00,173000,G019,17
/Volumes/PAPAYA/anh_aguas_bajas/G019/G019_20220422_063000.WAV,G019_20220422_063000.WAV,192000,1,16,11520000,60.0,23040488,G019,2022-04-22 06:30:00,63000,G019,06
/Volumes/PAPAYA/anh_aguas_bajas/G019/G019_20220403_200000.WAV,G019_20220403_200000.WAV,192000,1,16,11520000,60.0,23040488,G019,2022-04-03 20:00:00,200000,G019,20
/Volumes/PAPAYA/anh_aguas_bajas/G019/G019_20220401_060000.WAV,G019_20220401_060000.WAV,192000,1,16,11520000,60.0,23040488,G019,2022-04-01 06:00:00,60000,G019,06
/Volumes/PAPAYA/anh_aguas_bajas/G019/G019_20220419_053000.WAV,G019_20220419_053000.WAV,192000,1,16,11520000,60.0,23040488,G019,2022-04-19 05:30:00,53000,G019,05
/Volumes/PAPAYA/anh_aguas_bajas/G019/G019_20220327_193000.WAV,G019_20220327_193000.WAV,192000,1,16,11520000,60.0,23040488,G019,2022-03-27 19:30:00,193000,G019,19
/Volumes/PAPAYA/anh_aguas_bajas/G020/G020_20220421_173000.WAV,G020_20220421_173000.WAV,192000,1,16,11520000,60.0,23040488,G020,2022-04-21 17:30:00,173000,G020,17
/Volumes/PAPAYA/anh_aguas_bajas/G020/G020_20220421_063000.WAV,G020_20220421_063000.WAV,192000,1,16,11520000,60.0,23040488,G020,2022-04-21 06:30:00,63000,G020,06
/Volumes/PAPAYA/anh_aguas_bajas/G020/G020_20220402_200000.WAV,G020_20220402_200000.WAV,192000,1,16,11520000,60.0,23040488,G020,2022-04-02 20:00:00,200000,G020,20
/Volumes/PAPAYA/anh_aguas_bajas/G020/G020_20220331_060000.WAV,G020_20220331_060000.WAV,192000,1,16,11520000,60.0,23040488,G020,2022-03-31 06:00:00,60000,G020,06
/Volumes/PAPAYA/anh_aguas_bajas/G020/G020_20220418_053000.WAV,G020_20220418_053000.WAV,192000,1,16,11520000,60.0,23040488,G020,2022-04-18 05:30:00,53000,G020,05
/Volumes/PAPAYA/anh_aguas_bajas/G020/G020_20220326_193000.WAV,G020_20220326_193000.WAV,192000,1,16,11520000,60.0,23040488,G020,2022-03-26 19:30:00,193000,G020,19
/Volumes/PAPAYA/anh_aguas_bajas/G021/G021_20220414_173000.WAV,G021_20220414_173000.WAV,192000,1,16,11520000,60.0,23040488,G021,2022-04-14 17:30:00,173000,G021,17
/Volumes/PAPAYA/anh_aguas_bajas/G021/G021_20220414_063000.WAV,G021_20220414_063000.WAV,192000,1,16,11520000,60.0,23040488,G021,2022-04-14 06:30:00,63000,G021,06
/Volumes/PAPAYA/anh_aguas_bajas/G021/G021_20220326_200000.WAV,G021_20220326_200000.WAV,192000,1,16,11520000,60.0,23040488,G021,2022-03-26 20:00:00,200000,G021,20
/Volumes/PAPAYA/anh_aguas_bajas/G021/G021_20220324_060000.WAV,G021_20220324_060000.WAV,192000,1,16,11520000,60.0,23040488,G021,2022-03-24 06:00:00,60000,G021,06
/Volumes/PAPAYA/anh_aguas_bajas/G021/G021_20220411_053000.WAV,G021_20220411_053000.WAV,192000,1,16,11520000,60.0,23040488,G021,2022-04-11 05:30:00,53000,G021,05
/Volumes/PAPAYA/anh_aguas_bajas/G021/G021_20220319_193000.WAV,G021_20220319_193000.WAV,192000,1,16,11520000,60.0,23040488,G021,2022-03-19 19:30:00,193000,G021,19
/Volumes/PAPAYA/anh_aguas_bajas/G022/G022_20220415_173000.WAV,G022_20220415_173000.WAV,192000,1,16,11520000,60.0,23040488,G022,2022-04-15 17:30:00,173000,G022,17
/Volumes/PAPAYA/anh_aguas_bajas/G022/G022_20220415_063000.WAV,G022_20220415_063000.WAV,192000,1,16,11520000,60.0,23040488,G022,2022-04-15 06:30:00,63000,G022,06
/Volumes/PAPAYA/anh_aguas_bajas/G022/G022_20220327_200000.WAV,G022_20220327_200000.WAV,192000,1,16,11520000,60.0,23040488,G022,2022-03-27 20:00:00,200000,G022,20
/Volumes/PAPAYA/anh_aguas_bajas/G022/G022_20220325_060000.WAV,G022_20220325_060000.WAV,192000,1,16,11520000,60.0,23040488,G022,2022-03-25 06:00:00,60000,G022,06
/Volumes/PAPAYA/anh_aguas_bajas/G022/G022_20220412_053000.WAV,G022_20220412_053000.WAV,192000,1,16,11520000,60.0,23040488,G022,2022-04-12 05:30:00,53000,G022,05
/Volumes/PAPAYA/anh_aguas_bajas/G022/G022_20220320_193000.WAV,G022_20220320_193000.WAV,192000,1,16,11520000,60.0,23040488,G022,2022-03-20 19:30:00,193000,G022,19
/Volumes/PAPAYA/anh_aguas_bajas/G024/G024_20220329_173000.WAV,G024_20220329_173000.WAV,192000,1,16,11520000,60.0,23040488,G024,2022-03-29 17:30:00,173000,G024,17
/Volumes/PAPAYA/anh_aguas_bajas/G024/G024_20220323_193000.WAV,G024_20220323_193000.WAV,192000,1,16,11520000,60.0,23040488,G024,2022-03-23 19:30:00,193000,G024,19
/Volumes/PAPAYA/anh_aguas_bajas/G024/G024_20220327_080000.WAV,G024_20220327_080000.WAV,192000,1,16,11520000,60.0,23040488,G024,2022-03-27 08:00:00,80000,G024,08
/Volumes/PAPAYA/anh_aguas_bajas/G024/G024_20220329_200000.WAV,G024_20220329_200000.WAV,192000,1,16,11520000,60.0,23040488,G024,2022-03-29 20:00:00,200000,G024,20
/Volumes/PAPAYA/anh_aguas_bajas/G024/G024_20220405_173000.WAV,G024_20220405_173000.WAV,192000,1,16,11520000,60.0,23040488,G024,2022-04-05 17:30:00,173000,G024,17
/Volumes/PAPAYA/anh_aguas_bajas/G024/G024_20220418_053000.WAV,G024_20220418_053000.WAV,192000,1,16,11520000,60.0,23040488,G024,2022-04-18 05:30:00,53000,G024,05
/Volumes/PAPAYA/anh_aguas_bajas/G025/G025_20220424_173000.WAV,G025_20220424_173000.WAV,192000,1,16,11520000,60.0,23040488,G025,2022-04-24 17:30:00,173000,G025,17
/Volumes/PAPAYA/anh_aguas_bajas/G025/G025_20220424_063000.WAV,G025_20220424_063000.WAV,192000,1,16,11520000,60.0,23040488,G025,2022-04-24 06:30:00,63000,G025,06
/Volumes/PAPAYA/anh_aguas_bajas/G025/G025_20220405_200000.WAV,G025_20220405_200000.WAV,192000,1,16,11520000,60.0,23040488,G025,2022-04-05 20:00:00,200000,G025,20
/Volumes/PAPAYA/anh_aguas_bajas/G025/G025_20220403_060000.WAV,G025_20220403_060000.WAV,192000,1,16,11520000,60.0,23040488,G025,2022-04-03 06:00:00,60000,G025,06
/Volumes/PAPAYA/anh_aguas_bajas/G025/G025_20220421_053000.WAV,G025_20220421_053000.WAV,192000,1,16,11520000,60.0,23040488,G025,2022-04-21 05:30:00,53000,G025,05
/Volumes/PAPAYA/anh_aguas_bajas/G025/G025_20220329_193000.WAV,G025_20220329_193000.WAV,192000,1,16,11520000,60.0,23040488,G025,2022-03-29 19:30:00,193000,G025,19
/Volumes/PAPAYA/anh_aguas_bajas/G026/G026_20220420_173000.WAV,G026_20220420_173000.WAV,192000,1,16,11520000,60.0,23040488,G026,2022-04-20 17:30:00,173000,G026,17
/Volumes/PAPAYA/anh_aguas_bajas/G026/G026_20220420_063000.WAV,G026_20220420_063000.WAV,192000,1,16,11520000,60.0,23040488,G026,2022-04-20 06:30:00,63000,G026,06
/Volumes/PAPAYA/anh_aguas_bajas/G026/G026_20220401_200000.WAV,G026_20220401_200000.WAV,192000,1,16,11520000,60.0,23040488,G026,2022-04-01 20:00:00,200000,G026,20
/Volumes/PAPAYA/anh_aguas_bajas/G026/G026_20220330_060000.WAV,G026_20220330_060000.WAV,192000,1,16,11520000,60.0,23040488,G026,2022-03-30 06:00:00,60000,G026,06
/Volumes/PAPAYA/anh_aguas_bajas/G026/G026_20220417_053000.WAV,G026_20220417_053000.WAV,192000,1,16,11520000,60.0,23040488,G026,2022-04-17 05:30:00,53000,G026,05
/Volumes/PAPAYA/anh_aguas_bajas/G026/G026_20220325_193000.WAV,G026_20220325_193000.WAV,192000,1,16,11520000,60.0,23040488,G026,2022-03-25 19:30:00,193000,G026,19
/Volumes/PAPAYA/anh_aguas_bajas/G027/G027_20220423_173000.WAV,G027_20220423_173000.WAV,192000,1,16,11520000,60.0,23040488,G027,2022-04-23 17:30:00,173000,G027,17
/Volumes/PAPAYA/anh_aguas_bajas/G027/G027_20220423_063000.WAV,G027_20220423_063000.WAV,192000,1,16,11520000,60.0,23040488,G027,2022-04-23 06:30:00,63000,G027,06
/Volumes/PAPAYA/anh_aguas_bajas/G027/G027_20220404_200000.WAV,G027_20220404_200000.WAV,192000,1,16,11520000,60.0,23040488,G027,2022-04-04 20:00:00,200000,G027,20
/Volumes/PAPAYA/anh_aguas_bajas/G027/G027_20220402_060000.WAV,G027_20220402_060000.WAV,192000,1,16,11520000,60.0,23040488,G027,2022-04-02 06:00:00,60000,G027,06
/Volumes/PAPAYA/anh_aguas_bajas/G027/G027_20220420_053000.WAV,G027_20220420_053000.WAV,192000,1,16,11520000,60.0,23040488,G027,2022-04-20 05:30:00,53000,G027,05
/Volumes/PAPAYA/anh_aguas_bajas/G027/G027_20220328_193000.WAV,G027_20220328_193000.WAV,192000,1,16,11520000,60.0,23040488,G027,2022-03-28 19:30:00,193000,G027,19
/Volumes/PAPAYA/anh_aguas_bajas/G028/G028_20220423_173000.WAV,G028_20220423_173000.WAV,192000,1,16,11520000,60.0,23040488,G028,2022-04-23 17:30:00,173000,G028,17
/Volumes/PAPAYA/anh_aguas_bajas/G028/G028_20220423_063000.WAV,G028_20220423_063000.WAV,192000,1,16,11520000,60.0,23040488,G028,2022-04-23 06:30:00,63000,G028,06
/Volumes/PAPAYA/anh_aguas_bajas/G028/G028_20220404_200000.WAV,G028_20220404_200000.WAV,192000,1,16,11520000,60.0,23040488,G028,2022-04-04 20:00:00,200000,G028,20
/Volumes/PAPAYA/anh_aguas_bajas/G028/G028_20220402_060000.WAV,G028_20220402_060000.WAV,192000,1,16,11520000,60.0,23040488,G028,2022-04-02 06:00:00,60000,G028,06
/Volumes/PAPAYA/anh_aguas_bajas/G028/G028_20220420_053000.WAV,G028_20220420_053000.WAV,192000,1,16,11520000,60.0,23040488,G028,2022-04-20 05:30:00,53000,G028,05
/Volumes/PAPAYA/anh_aguas_bajas/G028/G028_20220328_193000.WAV,G028_20220328_193000.WAV,192000,1,16,11520000,60.0,23040488,G028,2022-03-28 19:30:00,193000,G028,19
/Volumes/PAPAYA/anh_aguas_bajas/G030/G030_20220402_080000.WAV,G030_20220402_080000.WAV,192000,1,16,11520000,60.0,23040488,G030,2022-04-02 08:00:00,80000,G030,08
/Volumes/PAPAYA/anh_aguas_bajas/G030/G030_20220402_170000.WAV,G030_20220402_170000.WAV,192000,1,16,11520000,60.0,23040488,G030,2022-04-02 17:00:00,170000,G030,17
/Volumes/PAPAYA/anh_aguas_bajas/G030/G030_20220404_083000.WAV,G030_20220404_083000.WAV,192000,1,16,11520000,60.0,23040488,G030,2022-04-04 08:30:00,83000,G030,08
/Volumes/PAPAYA/anh_aguas_bajas/G030/G030_20220326_203000.WAV,G030_20220326_203000.WAV,192000,1,16,11520000,60.0,23040488,G030,2022-03-26 20:30:00,203000,G030,20
/Volumes/PAPAYA/anh_aguas_bajas/G030/G030_20220329_070000.WAV,G030_20220329_070000.WAV,192000,1,16,11520000,60.0,23040488,G030,2022-03-29 07:00:00,70000,G030,07
/Volumes/PAPAYA/anh_aguas_bajas/G030/G030_20220401_193000.WAV,G030_20220401_193000.WAV,192000,1,16,11520000,60.0,23040488,G030,2022-04-01 19:30:00,193000,G030,19
/Volumes/PAPAYA/anh_aguas_bajas/G031/G031_20220422_173000.WAV,G031_20220422_173000.WAV,192000,1,16,11520000,60.0,23040488,G031,2022-04-22 17:30:00,173000,G031,17
/Volumes/PAPAYA/anh_aguas_bajas/G031/G031_20220422_063000.WAV,G031_20220422_063000.WAV,192000,1,16,11520000,60.0,23040488,G031,2022-04-22 06:30:00,63000,G031,06
/Volumes/PAPAYA/anh_aguas_bajas/G031/G031_20220403_200000.WAV,G031_20220403_200000.WAV,192000,1,16,11520000,60.0,23040488,G031,2022-04-03 20:00:00,200000,G031,20
/Volumes/PAPAYA/anh_aguas_bajas/G031/G031_20220401_060000.WAV,G031_20220401_060000.WAV,192000,1,16,11520000,60.0,23040488,G031,2022-04-01 06:00:00,60000,G031,06
/Volumes/PAPAYA/anh_aguas_bajas/G031/G031_20220419_053000.WAV,G031_20220419_053000.WAV,192000,1,16,11520000,60.0,23040488,G031,2022-04-19 05:30:00,53000,G031,05
/Volumes/PAPAYA/anh_aguas_bajas/G031/G031_20220327_193000.WAV,G031_20220327_193000.WAV,192000,1,16,11520000,60.0,23040488,G031,2022-03-27 19:30:00,193000,G031,19
/Volumes/PAPAYA/anh_aguas_bajas/G032/G032_20220419_173000.WAV,G032_20220419_173000.WAV,192000,1,16,11520000,60.0,23040488,G032,2022-04-19 17:30:00,173000,G032,17
/Volumes/PAPAYA/anh_aguas_bajas/G032/G032_20220419_063000.WAV,G032_20220419_063000.WAV,192000,1,16,11520000,60.0,23040488,G032,2022-04-19 06:30:00,63000,G032,06
/Volumes/PAPAYA/anh_aguas_bajas/G032/G032_20220331_200000.WAV,G032_20220331_200000.WAV,192000,1,16,11520000,60.0,23040488,G032,2022-03-31 20:00:00,200000,G032,20
/Volumes/PAPAYA/anh_aguas_bajas/G032/G032_20220329_060000.WAV,G032_20220329_060000.WAV,192000,1,16,11520000,60.0,23040488,G032,2022-03-29 06:00:00,60000,G032,06
/Volumes/PAPAYA/anh_aguas_bajas/G032/G032_20220416_053000.WAV,G032_20220416_053000.WAV,192000,1,16,11520000,60.0,23040488,G032,2022-04-16 05:30:00,53000,G032,05
/Volumes/PAPAYA/anh_aguas_bajas/G032/G032_20220324_193000.WAV,G032_20220324_193000.WAV,192000,1,16,11520000,60.0,23040488,G032,2022-03-24 19:30:00,193000,G032,19
/Volumes/PAPAYA/anh_aguas_bajas/G033/G033_20220415_173000.WAV,G033_20220415_173000.WAV,192000,1,16,11520000,60.0,23040488,G033,2022-04-15 17:30:00,173000,G033,17
/Volumes/PAPAYA/anh_aguas_bajas/G033/G033_20220415_063000.WAV,G033_20220415_063000.WAV,192000,1,16,11520000,60.0,23040488,G033,2022-04-15 06:30:00,63000,G033,06
/Volumes/PAPAYA/anh_aguas_bajas/G033/G033_20220327_200000.WAV,G033_20220327_200000.WAV,192000,1,16,11520000,60.0,23040488,G033,2022-03-27 20:00:00,200000,G033,20
/Volumes/PAPAYA/anh_aguas_bajas/G033/G033_20220325_060000.WAV,G033_20220325_060000.WAV,192000,1,16,11520000,60.0,23040488,G033,2022-03-25 06:00:00,60000,G033,06
/Volumes/PAPAYA/anh_aguas_bajas/G033/G033_20220412_053000.WAV,G033_20220412_053000.WAV,192000,1,16,11520000,60.0,23040488,G033,2022-04-12 05:30:00,53000,G033,05
/Volumes/PAPAYA/anh_aguas_bajas/G033/G033_20220320_193000.WAV,G033_20220320_193000.WAV,192000,1,16,11520000,60.0,23040488,G033,2022-03-20 19:30:00,193000,G033,19
/Volumes/PAPAYA/anh_aguas_bajas/G035/G035_20220425_173000.WAV,G035_20220425_173000.WAV,192000,1,16,11520000,60.0,23040488,G035,2022-04-25 17:30:00,173000,G035,17
/Volumes/PAPAYA/anh_aguas_bajas/G035/G035_20220425_063000.WAV,G035_20220425_063000.WAV,192000,1,16,11520000,60.0,23040488,G035,2022-04-25 06:30:00,63000,G035,06
/Volumes/PAPAYA/anh_aguas_bajas/G035/G035_20220406_200000.WAV,G035_20220406_200000.WAV,192000,1,16,11520000,60.0,23040488,G035,2022-04-06 20:00:00,200000,G035,20
/Volumes/PAPAYA/anh_aguas_bajas/G035/G035_20220404_060000.WAV,G035_20220404_060000.WAV,192000,1,16,11520000,60.0,23040488,G035,2022-04-04 06:00:00,60000,G035,06
/Volumes/PAPAYA/anh_aguas_bajas/G035/G035_20220422_053000.WAV,G035_20220422_053000.WAV,192000,1,16,11520000,60.0,23040488,G035,2022-04-22 05:30:00,53000,G035,05
/Volumes/PAPAYA/anh_aguas_bajas/G035/G035_20220330_193000.WAV,G035_20220330_193000.WAV,192000,1,16,11520000,60.0,23040488,G035,2022-03-30 19:30:00,193000,G035,19
/Volumes/PAPAYA/anh_aguas_bajas/G036/G036_20220417_173000.WAV,G036_20220417_173000.WAV,192000,1,16,11520000,60.0,23040488,G036,2022-04-17 17:30:00,173000,G036,17
/Volumes/PAPAYA/anh_aguas_bajas/G036/G036_20220417_063000.WAV,G036_20220417_063000.WAV,192000,1,16,11520000,60.0,23040488,G036,2022-04-17 06:30:00,63000,G036,06
/Volumes/PAPAYA/anh_aguas_bajas/G036/G036_20220329_200000.WAV,G036_20220329_200000.WAV,192000,1,16,11520000,60.0,23040488,G036,2022-03-29 20:00:00,200000,G036,20
/Volumes/PAPAYA/anh_aguas_bajas/G036/G036_20220327_060000.WAV,G036_20220327_060000.WAV,192000,1,16,11520000,60.0,23040488,G036,2022-03-27 06:00:00,60000,G036,06
/Volumes/PAPAYA/anh_aguas_bajas/G036/G036_20220414_053000.WAV,G036_20220414_053000.WAV,192000,1,16,11520000,60.0,23040488,G036,2022-04-14 05:30:00,53000,G036,05
/Volumes/PAPAYA/anh_aguas_bajas/G036/G036_20220322_193000.WAV,G036_20220322_193000.WAV,192000,1,16,11520000,60.0,23040488,G036,2022-03-22 19:30:00,193000,G036,19
/Volumes/PAPAYA/anh_aguas_bajas/G037/G037_20220424_173000.WAV,G037_20220424_173000.WAV,192000,1,16,11520000,60.0,23040488,G037,2022-04-24 17:30:00,173000,G037,17
/Volumes/PAPAYA/anh_aguas_bajas/G037/G037_20220424_063000.WAV,G037_20220424_063000.WAV,192000,1,16,11520000,60.0,23040488,G037,2022-04-24 06:30:00,63000,G037,06
/Volumes/PAPAYA/anh_aguas_bajas/G037/G037_20220405_200000.WAV,G037_20220405_200000.WAV,192000,1,16,11520000,60.0,23040488,G037,2022-04-05 20:00:00,200000,G037,20
/Volumes/PAPAYA/anh_aguas_bajas/G037/G037_20220403_060000.WAV,G037_20220403_060000.WAV,192000,1,16,11520000,60.0,23040488,G037,2022-04-03 06:00:00,60000,G037,06
/Volumes/PAPAYA/anh_aguas_bajas/G037/G037_20220421_053000.WAV,G037_20220421_053000.WAV,192000,1,16,11520000,60.0,23040488,G037,2022-04-21 05:30:00,53000,G037,05
/Volumes/PAPAYA/anh_aguas_bajas/G037/G037_20220329_193000.WAV,G037_20220329_193000.WAV,192000,1,16,11520000,60.0,23040488,G037,2022-03-29 19:30:00,193000,G037,19
/Volumes/PAPAYA/anh_aguas_bajas/G038/G038_20220414_173000.WAV,G038_20220414_173000.WAV,192000,1,16,11520000,60.0,23040488,G038,2022-04-14 17:30:00,173000,G038,17
/Volumes/PAPAYA/anh_aguas_bajas/G038/G038_20220414_063000.WAV,G038_20220414_063000.WAV,192000,1,16,11520000,60.0,23040488,G038,2022-04-14 06:30:00,63000,G038,06
/Volumes/PAPAYA/anh_aguas_bajas/G038/G038_20220326_200000.WAV,G038_20220326_200000.WAV,192000,1,16,11520000,60.0,23040488,G038,2022-03-26 20:00:00,200000,G038,20
/Volumes/PAPAYA/anh_aguas_bajas/G038/G038_20220324_060000.WAV,G038_20220324_060000.WAV,192000,1,16,11520000,60.0,23040488,G038,2022-03-24 06:00:00,60000,G038,06
/Volumes/PAPAYA/anh_aguas_bajas/G038/G038_20220411_053000.WAV,G038_20220411_053000.WAV,192000,1,16,11520000,60.0,23040488,G038,2022-04-11 05:30:00,53000,G038,05
/Volumes/PAPAYA/anh_aguas_bajas/G038/G038_20220319_193000.WAV,G038_20220319_193000.WAV,192000,1,16,11520000,60.0,23040488,G038,2022-03-19 19:30:00,193000,G038,19
/Volumes/PAPAYA/anh_aguas_bajas/G039/G039_20220422_173000.WAV,G039_20220422_173000.WAV,192000,1,16,11520000,60.0,23040488,G039,2022-04-22 17:30:00,173000,G039,17
/Volumes/PAPAYA/anh_aguas_bajas/G039/G039_20220422_063000.WAV,G039_20220422_063000.WAV,192000,1,16,11520000,60.0,23040488,G039,2022-04-22 06:30:00,63000,G039,06
/Volumes/PAPAYA/anh_aguas_bajas/G039/G039_20220403_200000.WAV,G039_20220403_200000.WAV,192000,1,16,11520000,60.0,23040488,G039,2022-04-03 20:00:00,200000,G039,20
/Volumes/PAPAYA/anh_aguas_bajas/G039/G039_20220401_060000.WAV,G039_20220401_060000.WAV,192000,1,16,11520000,60.0,23040488,G039,2022-04-01 06:00:00,60000,G039,06
/Volumes/PAPAYA/anh_aguas_bajas/G039/G039_20220419_053000.WAV,G039_20220419_053000.WAV,192000,1,16,11520000,60.0,23040488,G039,2022-04-19 05:30:00,53000,G039,05
/Volumes/PAPAYA/anh_aguas_bajas/G039/G039_20220327_193000.WAV,G039_20220327_193000.WAV,192000,1,16,11520000,60.0,23040488,G039,2022-03-27 19:30:00,193000,G039,19
/Volumes/PAPAYA/anh_aguas_bajas/G040/G040_20220406_173000.WAV,G040_20220406_173000.WAV,192000,1,16,11520000,60.0,23040488,G040,2022-04-06 17:30:00,173000,G040,17
/Volumes/PAPAYA/anh_aguas_bajas/G040/G040_20220331_193000.WAV,G040_20220331_193000.WAV,192000,1,16,11520000,60.0,23040488,G040,2022-03-31 19:30:00,193000,G040,19
/Volumes/PAPAYA/anh_aguas_bajas/G040/G040_20220404_080000.WAV,G040_20220404_080000.WAV,192000,1,16,11520000,60.0,23040488,G040,2022-04-04 08:00:00,80000,G040,08
/Volumes/PAPAYA/anh_aguas_bajas/G040/G040_20220406_200000.WAV,G040_20220406_200000.WAV,192000,1,16,11520000,60.0,23040488,G040,2022-04-06 20:00:00,200000,G040,20
/Volumes/PAPAYA/anh_aguas_bajas/G040/G040_20220413_173000.WAV,G040_20220413_173000.WAV,192000,1,16,11520000,60.0,23040488,G040,2022-04-13 17:30:00,173000,G040,17
/Volumes/PAPAYA/anh_aguas_bajas/G040/G040_20220426_050000.WAV,G040_20220426_050000.WAV,192000,1,16,11520000,60.0,23040488,G040,2022-04-26 05:00:00,50000,G040,05
/Volumes/PAPAYA/anh_aguas_bajas/G041/G041_20220425_173000.WAV,G041_20220425_173000.WAV,192000,1,16,11520000,60.0,23040488,G041,2022-04-25 17:30:00,173000,G041,17
/Volumes/PAPAYA/anh_aguas_bajas/G041/G041_20220425_063000.WAV,G041_20220425_063000.WAV,192000,1,16,11520000,60.0,23040488,G041,2022-04-25 06:30:00,63000,G041,06
/Volumes/PAPAYA/anh_aguas_bajas/G041/G041_20220406_200000.WAV,G041_20220406_200000.WAV,192000,1,16,11520000,60.0,23040488,G041,2022-04-06 20:00:00,200000,G041,20
/Volumes/PAPAYA/anh_aguas_bajas/G041/G041_20220404_060000.WAV,G041_20220404_060000.WAV,192000,1,16,11520000,60.0,23040488,G041,2022-04-04 06:00:00,60000,G041,06
/Volumes/PAPAYA/anh_aguas_bajas/G041/G041_20220422_053000.WAV,G041_20220422_053000.WAV,192000,1,16,11520000,60.0,23040488,G041,2022-04-22 05:30:00,53000,G041,05
/Volumes/PAPAYA/anh_aguas_bajas/G041/G041_20220330_193000.WAV,G041_20220330_193000.WAV,192000,1,16,11520000,60.0,23040488,G041,2022-03-30 19:30:00,193000,G041,19
/Volumes/PAPAYA/anh_aguas_bajas/G042/G042_20220426_173000.WAV,G042_20220426_173000.WAV,192000,1,16,11520000,60.0,23040488,G042,2022-04-26 17:30:00,173000,G042,17
/Volumes/PAPAYA/anh_aguas_bajas/G042/G042_20220426_063000.WAV,G042_20220426_063000.WAV,192000,1,16,11520000,60.0,23040488,G042,2022-04-26 06:30:00,63000,G042,06
/Volumes/PAPAYA/anh_aguas_bajas/G042/G042_20220407_200000.WAV,G042_20220407_200000.WAV,192000,1,16,11520000,60.0,23040488,G042,2022-04-07 20:00:00,200000,G042,20
/Volumes/PAPAYA/anh_aguas_bajas/G042/G042_20220405_060000.WAV,G042_20220405_060000.WAV,192000,1,16,11520000,60.0,23040488,G042,2022-04-05 06:00:00,60000,G042,06
/Volumes/PAPAYA/anh_aguas_bajas/G042/G042_20220423_053000.WAV,G042_20220423_053000.WAV,192000,1,16,11520000,60.0,23040488,G042,2022-04-23 05:30:00,53000,G042,05
/Volumes/PAPAYA/anh_aguas_bajas/G042/G042_20220331_193000.WAV,G042_20220331_193000.WAV,192000,1,16,11520000,60.0,23040488,G042,2022-03-31 19:30:00,193000,G042,19
/Volumes/PAPAYA/anh_aguas_bajas/G044/G044_20220331_080000.WAV,G044_20220331_080000.WAV,192000,1,16,11520000,60.0,23040488,G044,2022-03-31 08:00:00,80000,G044,08
/Volumes/PAPAYA/anh_aguas_bajas/G044/G044_20220407_063000.WAV,G044_20220407_063000.WAV,192000,1,16,11520000,60.0,23040488,G044,2022-04-07 06:30:00,63000,G044,06
/Volumes/PAPAYA/anh_aguas_bajas/G044/G044_20220408_070000.WAV,G044_20220408_070000.WAV,192000,1,16,11520000,60.0,23040488,G044,2022-04-08 07:00:00,70000,G044,07
/Volumes/PAPAYA/anh_aguas_bajas/G044/G044_20220415_200000.WAV,G044_20220415_200000.WAV,192000,1,16,11520000,60.0,23040488,G044,2022-04-15 20:00:00,200000,G044,20
/Volumes/PAPAYA/anh_aguas_bajas/G044/G044_20220410_053000.WAV,G044_20220410_053000.WAV,192000,1,16,11520000,60.0,23040488,G044,2022-04-10 05:30:00,53000,G044,05
/Volumes/PAPAYA/anh_aguas_bajas/G044/G044_20220408_073000.WAV,G044_20220408_073000.WAV,192000,1,16,11520000,60.0,23040488,G044,2022-04-08 07:30:00,73000,G044,07
/Volumes/PAPAYA/anh_aguas_bajas/G045/G045_20220326_173000.WAV,G045_20220326_173000.WAV,192000,1,16,11520000,60.0,23040488,G045,2022-03-26 17:30:00,173000,G045,17
/Volumes/PAPAYA/anh_aguas_bajas/G045/G045_20220320_193000.WAV,G045_20220320_193000.WAV,192000,1,16,11520000,60.0,23040488,G045,2022-03-20 19:30:00,193000,G045,19
/Volumes/PAPAYA/anh_aguas_bajas/G045/G045_20220324_080000.WAV,G045_20220324_080000.WAV,192000,1,16,11520000,60.0,23040488,G045,2022-03-24 08:00:00,80000,G045,08
/Volumes/PAPAYA/anh_aguas_bajas/G045/G045_20220326_200000.WAV,G045_20220326_200000.WAV,192000,1,16,11520000,60.0,23040488,G045,2022-03-26 20:00:00,200000,G045,20
/Volumes/PAPAYA/anh_aguas_bajas/G045/G045_20220402_173000.WAV,G045_20220402_173000.WAV,192000,1,16,11520000,60.0,23040488,G045,2022-04-02 17:30:00,173000,G045,17
/Volumes/PAPAYA/anh_aguas_bajas/G045/G045_20220415_050000.WAV,G045_20220415_050000.WAV,192000,1,16,11520000,60.0,23040488,G045,2022-04-15 05:00:00,50000,G045,05
/Volumes/PAPAYA/anh_aguas_bajas/G046/G046_20220425_173000.WAV,G046_20220425_173000.WAV,192000,1,16,11520000,60.0,23040488,G046,2022-04-25 17:30:00,173000,G046,17
/Volumes/PAPAYA/anh_aguas_bajas/G046/G046_20220425_063000.WAV,G046_20220425_063000.WAV,192000,1,16,11520000,60.0,23040488,G046,2022-04-25 06:30:00,63000,G046,06
/Volumes/PAPAYA/anh_aguas_bajas/G046/G046_20220406_200000.WAV,G046_20220406_200000.WAV,192000,1,16,11520000,60.0,23040488,G046,2022-04-06 20:00:00,200000,G046,20
/Volumes/PAPAYA/anh_aguas_bajas/G046/G046_20220404_060000.WAV,G046_20220404_060000.WAV,192000,1,16,11520000,60.0,23040488,G046,2022-04-04 06:00:00,60000,G046,06
/Volumes/PAPAYA/anh_aguas_bajas/G046/G046_20220422_053000.WAV,G046_20220422_053000.WAV,192000,1,16,11520000,60.0,23040488,G046,2022-04-22 05:30:00,53000,G046,05
/Volumes/PAPAYA/anh_aguas_bajas/G046/G046_20220330_193000.WAV,G046_20220330_193000.WAV,192000,1,16,11520000,60.0,23040488,G046,2022-03-30 19:30:00,193000,G046,19
/Volumes/PAPAYA/anh_aguas_bajas/G047/G047_20220417_173000.WAV,G047_20220417_173000.WAV,192000,1,16,11520000,60.0,23040488,G047,2022-04-17 17:30:00,173000,G047,17
/Volumes/PAPAYA/anh_aguas_bajas/G047/G047_20220417_063000.WAV,G047_20220417_063000.WAV,192000,1,16,11520000,60.0,23040488,G047,2022-04-17 06:30:00,63000,G047,06
/Volumes/PAPAYA/anh_aguas_bajas/G047/G047_20220329_200000.WAV,G047_20220329_200000.WAV,192000,1,16,11520000,60.0,23040488,G047,2022-03-29 20:00:00,200000,G047,20
/Volumes/PAPAYA/anh_aguas_bajas/G047/G047_20220327_060000.WAV,G047_20220327_060000.WAV,192000,1,16,11520000,60.0,23040488,G047,2022-03-27 06:00:00,60000,G047,06
/Volumes/PAPAYA/anh_aguas_bajas/G047/G047_20220414_053000.WAV,G047_20220414_053000.WAV,192000,1,16,11520000,60.0,23040488,G047,2022-04-14 05:30:00,53000,G047,05
/Volumes/PAPAYA/anh_aguas_bajas/G047/G047_20220322_193000.WAV,G047_20220322_193000.WAV,192000,1,16,11520000,60.0,23040488,G047,2022-03-22 19:30:00,193000,G047,19
/Volumes/PAPAYA/anh_aguas_bajas/G048/G048_20220424_173000.WAV,G048_20220424_173000.WAV,192000,1,16,11520000,60.0,23040488,G048,2022-04-24 17:30:00,173000,G048,17
/Volumes/PAPAYA/anh_aguas_bajas/G048/G048_20220424_063000.WAV,G048_20220424_063000.WAV,192000,1,16,11520000,60.0,23040488,G048,2022-04-24 06:30:00,63000,G048,06
/Volumes/PAPAYA/anh_aguas_bajas/G048/G048_20220405_200000.WAV,G048_20220405_200000.WAV,192000,1,16,11520000,60.0,23040488,G048,2022-04-05 20:00:00,200000,G048,20
/Volumes/PAPAYA/anh_aguas_bajas/G048/G048_20220403_060000.WAV,G048_20220403_060000.WAV,192000,1,16,11520000,60.0,23040488,G048,2022-04-03 06:00:00,60000,G048,06
/Volumes/PAPAYA/anh_aguas_bajas/G048/G048_20220421_053000.WAV,G048_20220421_053000.WAV,192000,1,16,11520000,60.0,23040488,G048,2022-04-21 05:30:00,53000,G048,05
/Volumes/PAPAYA/anh_aguas_bajas/G048/G048_20220329_193000.WAV,G048_20220329_193000.WAV,192000,1,16,11520000,60.0,23040488,G048,2022-03-29 19:30:00,193000,G048,19
/Volumes/PAPAYA/anh_aguas_bajas/G049/G049_20220424_173000.WAV,G049_20220424_173000.WAV,192000,1,16,11520000,60.0,23040488,G049,2022-04-24 17:30:00,173000,G049,17
/Volumes/PAPAYA/anh_aguas_bajas/G049/G049_20220424_063000.WAV,G049_20220424_063000.WAV,192000,1,16,11520000,60.0,23040488,G049,2022-04-24 06:30:00,63000,G049,06
/Volumes/PAPAYA/anh_aguas_bajas/G049/G049_20220405_200000.WAV,G049_20220405_200000.WAV,192000,1,16,11520000,60.0,23040488,G049,2022-04-05 20:00:00,200000,G049,20
/Volumes/PAPAYA/anh_aguas_bajas/G049/G049_20220403_060000.WAV,G049_20220403_060000.WAV,192000,1,16,11520000,60.0,23040488,G049,2022-04-03 06:00:00,60000,G049,06
/Volumes/PAPAYA/anh_aguas_bajas/G049/G049_20220421_053000.WAV,G049_20220421_053000.WAV,192000,1,16,11520000,60.0,23040488,G049,2022-04-21 05:30:00,53000,G049,05
/Volumes/PAPAYA/anh_aguas_bajas/G049/G049_20220329_193000.WAV,G049_20220329_193000.WAV,192000,1,16,11520000,60.0,23040488,G049,2022-03-29 19:30:00,193000,G049,19
/Volumes/PAPAYA/anh_aguas_bajas/G050/G050_20220418_173000.WAV,G050_20220418_173000.WAV,192000,1,16,11520000,60.0,23040488,G050,2022-04-18 17:30:00,173000,G050,17
/Volumes/PAPAYA/anh_aguas_bajas/G050/G050_20220418_063000.WAV,G050_20220418_063000.WAV,192000,1,16,11520000,60.0,23040488,G050,2022-04-18 06:30:00,63000,G050,06
/Volumes/PAPAYA/anh_aguas_bajas/G050/G050_20220330_200000.WAV,G050_20220330_200000.WAV,192000,1,16,11520000,60.0,23040488,G050,2022-03-30 20:00:00,200000,G050,20
/Volumes/PAPAYA/anh_aguas_bajas/G050/G050_20220328_060000.WAV,G050_20220328_060000.WAV,192000,1,16,11520000,60.0,23040488,G050,2022-03-28 06:00:00,60000,G050,06
/Volumes/PAPAYA/anh_aguas_bajas/G050/G050_20220415_053000.WAV,G050_20220415_053000.WAV,192000,1,16,11520000,60.0,23040488,G050,2022-04-15 05:30:00,53000,G050,05
/Volumes/PAPAYA/anh_aguas_bajas/G050/G050_20220323_193000.WAV,G050_20220323_193000.WAV,192000,1,16,11520000,60.0,23040488,G050,2022-03-23 19:30:00,193000,G050,19
/Volumes/PAPAYA/anh_aguas_bajas/G051/G051_20220330_173000.WAV,G051_20220330_173000.WAV,192000,1,16,11520000,60.0,23040488,G051,2022-03-30 17:30:00,173000,G051,17
/Volumes/PAPAYA/anh_aguas_bajas/G051/G051_20220324_193000.WAV,G051_20220324_193000.WAV,192000,1,16,11520000,60.0,23040488,G051,2022-03-24 19:30:00,193000,G051,19
/Volumes/PAPAYA/anh_aguas_bajas/G051/G051_20220328_080000.WAV,G051_20220328_080000.WAV,192000,1,16,11520000,60.0,23040488,G051,2022-03-28 08:00:00,80000,G051,08
/Volumes/PAPAYA/anh_aguas_bajas/G051/G051_20220330_200000.WAV,G051_20220330_200000.WAV,192000,1,16,11520000,60.0,23040488,G051,2022-03-30 20:00:00,200000,G051,20
/Volumes/PAPAYA/anh_aguas_bajas/G051/G051_20220406_173000.WAV,G051_20220406_173000.WAV,192000,1,16,11520000,60.0,23040488,G051,2022-04-06 17:30:00,173000,G051,17
/Volumes/PAPAYA/anh_aguas_bajas/G051/G051_20220419_050000.WAV,G051_20220419_050000.WAV,192000,1,16,11520000,60.0,23040488,G051,2022-04-19 05:00:00,50000,G051,05
/Volumes/PAPAYA/anh_aguas_bajas/G053/G053_20220425_173000.WAV,G053_20220425_173000.WAV,192000,1,16,11520000,60.0,23040488,G053,2022-04-25 17:30:00,173000,G053,17
/Volumes/PAPAYA/anh_aguas_bajas/G053/G053_20220425_063000.WAV,G053_20220425_063000.WAV,192000,1,16,11520000,60.0,23040488,G053,2022-04-25 06:30:00,63000,G053,06
/Volumes/PAPAYA/anh_aguas_bajas/G053/G053_20220406_200000.WAV,G053_20220406_200000.WAV,192000,1,16,11520000,60.0,23040488,G053,2022-04-06 20:00:00,200000,G053,20
/Volumes/PAPAYA/anh_aguas_bajas/G053/G053_20220404_060000.WAV,G053_20220404_060000.WAV,192000,1,16,11520000,60.0,23040488,G053,2022-04-04 06:00:00,60000,G053,06
/Volumes/PAPAYA/anh_aguas_bajas/G053/G053_20220422_053000.WAV,G053_20220422_053000.WAV,192000,1,16,11520000,60.0,23040488,G053,2022-04-22 05:30:00,53000,G053,05
/Volumes/PAPAYA/anh_aguas_bajas/G053/G053_20220330_193000.WAV,G053_20220330_193000.WAV,192000,1,16,11520000,60.0,23040488,G053,2022-03-30 19:30:00,193000,G053,19
/Volumes/PAPAYA/anh_aguas_bajas/G054/G054_20220423_173000.WAV,G054_20220423_173000.WAV,192000,1,16,11520000,60.0,23040488,G054,2022-04-23 17:30:00,173000,G054,17
/Volumes/PAPAYA/anh_aguas_bajas/G054/G054_20220423_063000.WAV,G054_20220423_063000.WAV,192000,1,16,11520000,60.0,23040488,G054,2022-04-23 06:30:00,63000,G054,06
/Volumes/PAPAYA/anh_aguas_bajas/G054/G054_20220404_200000.WAV,G054_20220404_200000.WAV,192000,1,16,11520000,60.0,23040488,G054,2022-04-04 20:00:00,200000,G054,20
/Volumes/PAPAYA/anh_aguas_bajas/G054/G054_20220402_060000.WAV,G054_20220402_060000.WAV,192000,1,16,11520000,60.0,23040488,G054,2022-04-02 06:00:00,60000,G054,06
/Volumes/PAPAYA/anh_aguas_bajas/G054/G054_20220420_053000.WAV,G054_20220420_053000.WAV,192000,1,16,11520000,60.0,23040488,G054,2022-04-20 05:30:00,53000,G054,05
/Volumes/PAPAYA/anh_aguas_bajas/G054/G054_20220328_193000.WAV,G054_20220328_193000.WAV,192000,1,16,11520000,60.0,23040488,G054,2022-03-28 19:30:00,193000,G054,19
/Volumes/PAPAYA/anh_aguas_bajas/G055/G055_20220418_173000.WAV,G055_20220418_173000.WAV,192000,1,16,11520000,60.0,23040488,G055,2022-04-18 17:30:00,173000,G055,17
/Volumes/PAPAYA/anh_aguas_bajas/G055/G055_20220418_063000.WAV,G055_20220418_063000.WAV,192000,1,16,11520000,60.0,23040488,G055,2022-04-18 06:30:00,63000,G055,06
/Volumes/PAPAYA/anh_aguas_bajas/G055/G055_20220330_200000.WAV,G055_20220330_200000.WAV,192000,1,16,11520000,60.0,23040488,G055,2022-03-30 20:00:00,200000,G055,20
/Volumes/PAPAYA/anh_aguas_bajas/G055/G055_20220328_060000.WAV,G055_20220328_060000.WAV,192000,1,16,11520000,60.0,23040488,G055,2022-03-28 06:00:00,60000,G055,06
/Volumes/PAPAYA/anh_aguas_bajas/G055/G055_20220415_053000.WAV,G055_20220415_053000.WAV,192000,1,16,11520000,60.0,23040488,G055,2022-04-15 05:30:00,53000,G055,05
/Volumes/PAPAYA/anh_aguas_bajas/G055/G055_20220323_193000.WAV,G055_20220323_193000.WAV,192000,1,16,11520000,60.0,23040488,G055,2022-03-23 19:30:00,193000,G055,19
/Volumes/PAPAYA/anh_aguas_bajas/G056/G056_20220410_080000.WAV,G056_20220410_080000.WAV,192000,1,16,11520000,60.0,23040488,G056,2022-04-10 08:00:00,80000,G056,08
/Volumes/PAPAYA/anh_aguas_bajas/G056/G056_20220405_190000.WAV,G056_20220405_190000.WAV,192000,1,16,11520000,60.0,23040488,G056,2022-04-05 19:00:00,190000,G056,19
/Volumes/PAPAYA/anh_aguas_bajas/G056/G056_20220419_053000.WAV,G056_20220419_053000.WAV,192000,1,16,11520000,60.0,23040488,G056,2022-04-19 05:30:00,53000,G056,05
/Volumes/PAPAYA/anh_aguas_bajas/G056/G056_20220417_190000.WAV,G056_20220417_190000.WAV,192000,1,16,11520000,60.0,23040488,G056,2022-04-17 19:00:00,190000,G056,19
/Volumes/PAPAYA/anh_aguas_bajas/G056/G056_20220401_193000.WAV,G056_20220401_193000.WAV,192000,1,16,11520000,60.0,23040488,G056,2022-04-01 19:30:00,193000,G056,19
/Volumes/PAPAYA/anh_aguas_bajas/G056/G056_20220413_173000.WAV,G056_20220413_173000.WAV,192000,1,16,11520000,60.0,23040488,G056,2022-04-13 17:30:00,173000,G056,17
/Volumes/PAPAYA/anh_aguas_bajas/G057/G057_20220420_173000.WAV,G057_20220420_173000.WAV,192000,1,16,11520000,60.0,23040488,G057,2022-04-20 17:30:00,173000,G057,17
/Volumes/PAPAYA/anh_aguas_bajas/G057/G057_20220420_063000.WAV,G057_20220420_063000.WAV,192000,1,16,11520000,60.0,23040488,G057,2022-04-20 06:30:00,63000,G057,06
/Volumes/PAPAYA/anh_aguas_bajas/G057/G057_20220401_200000.WAV,G057_20220401_200000.WAV,192000,1,16,11520000,60.0,23040488,G057,2022-04-01 20:00:00,200000,G057,20
/Volumes/PAPAYA/anh_aguas_bajas/G057/G057_20220330_060000.WAV,G057_20220330_060000.WAV,192000,1,16,11520000,60.0,23040488,G057,2022-03-30 06:00:00,60000,G057,06
/Volumes/PAPAYA/anh_aguas_bajas/G057/G057_20220417_053000.WAV,G057_20220417_053000.WAV,192000,1,16,11520000,60.0,23040488,G057,2022-04-17 05:30:00,53000,G057,05
/Volumes/PAPAYA/anh_aguas_bajas/G057/G057_20220325_193000.WAV,G057_20220325_193000.WAV,192000,1,16,11520000,60.0,23040488,G057,2022-03-25 19:30:00,193000,G057,19
/Volumes/PAPAYA/anh_aguas_bajas/G058/G058_20220415_173000.WAV,G058_20220415_173000.WAV,192000,1,16,11520000,60.0,23040488,G058,2022-04-15 17:30:00,173000,G058,17
/Volumes/PAPAYA/anh_aguas_bajas/G058/G058_20220415_063000.WAV,G058_20220415_063000.WAV,192000,1,16,11520000,60.0,23040488,G058,2022-04-15 06:30:00,63000,G058,06
/Volumes/PAPAYA/anh_aguas_bajas/G058/G058_20220327_200000.WAV,G058_20220327_200000.WAV,192000,1,16,11520000,60.0,23040488,G058,2022-03-27 20:00:00,200000,G058,20
/Volumes/PAPAYA/anh_aguas_bajas/G058/G058_20220325_060000.WAV,G058_20220325_060000.WAV,192000,1,16,11520000,60.0,23040488,G058,2022-03-25 06:00:00,60000,G058,06
/Volumes/PAPAYA/anh_aguas_bajas/G058/G058_20220412_053000.WAV,G058_20220412_053000.WAV,192000,1,16,11520000,60.0,23040488,G058,2022-04-12 05:30:00,53000,G058,05
/Volumes/PAPAYA/anh_aguas_bajas/G058/G058_20220320_193000.WAV,G058_20220320_193000.WAV,192000,1,16,11520000,60.0,23040488,G058,2022-03-20 19:30:00,193000,G058,19
/Volumes/PAPAYA/anh_aguas_bajas/G059/G059_20220415_173000.WAV,G059_20220415_173000.WAV,192000,1,16,11520000,60.0,23040488,G059,2022-04-15 17:30:00,173000,G059,17
/Volumes/PAPAYA/anh_aguas_bajas/G059/G059_20220415_063000.WAV,G059_20220415_063000.WAV,192000,1,16,11520000,60.0,23040488,G059,2022-04-15 06:30:00,63000,G059,06
/Volumes/PAPAYA/anh_aguas_bajas/G059/G059_20220327_200000.WAV,G059_20220327_200000.WAV,192000,1,16,11520000,60.0,23040488,G059,2022-03-27 20:00:00,200000,G059,20
/Volumes/PAPAYA/anh_aguas_bajas/G059/G059_20220325_060000.WAV,G059_20220325_060000.WAV,192000,1,16,11520000,60.0,23040488,G059,2022-03-25 06:00:00,60000,G059,06
/Volumes/PAPAYA/anh_aguas_bajas/G059/G059_20220412_053000.WAV,G059_20220412_053000.WAV,192000,1,16,11520000,60.0,23040488,G059,2022-04-12 05:30:00,53000,G059,05
/Volumes/PAPAYA/anh_aguas_bajas/G059/G059_20220320_193000.WAV,G059_20220320_193000.WAV,192000,1,16,11520000,60.0,23040488,G059,2022-03-20 19:30:00,193000,G059,19
/Volumes/PAPAYA/anh_aguas_bajas/G060/G060_20220419_173000.WAV,G060_20220419_173000.WAV,192000,1,16,11520000,60.0,23040488,G060,2022-04-19 17:30:00,173000,G060,17
/Volumes/PAPAYA/anh_aguas_bajas/G060/G060_20220413_183000.WAV,G060_20220413_183000.WAV,192000,1,16,11520000,60.0,23040488,G060,2022-04-13 18:30:00,183000,G060,18
/Volumes/PAPAYA/anh_aguas_bajas/G060/G060_20220331_193000.WAV,G060_20220331_193000.WAV,192000,1,16,11520000,60.0,23040488,G060,2022-03-31 19:30:00,193000,G060,19
/Volumes/PAPAYA/anh_aguas_bajas/G060/G060_20220329_053000.WAV,G060_20220329_053000.WAV,192000,1,16,11520000,60.0,23040488,G060,2022-03-29 05:30:00,53000,G060,05
/Volumes/PAPAYA/anh_aguas_bajas/G060/G060_20220416_053000.WAV,G060_20220416_053000.WAV,192000,1,16,11520000,60.0,23040488,G060,2022-04-16 05:30:00,53000,G060,05
/Volumes/PAPAYA/anh_aguas_bajas/G060/G060_20220324_190000.WAV,G060_20220324_190000.WAV,192000,1,16,11520000,60.0,23040488,G060,2022-03-24 19:00:00,190000,G060,19
/Volumes/PAPAYA/anh_aguas_bajas/G061/G061_20220427_080000.WAV,G061_20220427_080000.WAV,192000,1,16,11520000,60.0,23040488,G061,2022-04-27 08:00:00,80000,G061,08
/Volumes/PAPAYA/anh_aguas_bajas/G061/G061_20220427_050000.WAV,G061_20220427_050000.WAV,192000,1,16,11520000,60.0,23040488,G061,2022-04-27 05:00:00,50000,G061,05
/Volumes/PAPAYA/anh_aguas_bajas/G061/G061_20220408_183000.WAV,G061_20220408_183000.WAV,192000,1,16,11520000,60.0,23040488,G061,2022-04-08 18:30:00,183000,G061,18
/Volumes/PAPAYA/anh_aguas_bajas/G061/G061_20220405_203000.WAV,G061_20220405_203000.WAV,192000,1,16,11520000,60.0,23040488,G061,2022-04-05 20:30:00,203000,G061,20
/Volumes/PAPAYA/anh_aguas_bajas/G061/G061_20220423_200000.WAV,G061_20220423_200000.WAV,192000,1,16,11520000,60.0,23040488,G061,2022-04-23 20:00:00,200000,G061,20
/Volumes/PAPAYA/anh_aguas_bajas/G061/G061_20220401_180000.WAV,G061_20220401_180000.WAV,192000,1,16,11520000,60.0,23040488,G061,2022-04-01 18:00:00,180000,G061,18
/Volumes/PAPAYA/anh_aguas_bajas/G062/G062_20220418_173000.WAV,G062_20220418_173000.WAV,192000,1,16,11520000,60.0,23040488,G062,2022-04-18 17:30:00,173000,G062,17
/Volumes/PAPAYA/anh_aguas_bajas/G062/G062_20220418_063000.WAV,G062_20220418_063000.WAV,192000,1,16,11520000,60.0,23040488,G062,2022-04-18 06:30:00,63000,G062,06
/Volumes/PAPAYA/anh_aguas_bajas/G062/G062_20220330_200000.WAV,G062_20220330_200000.WAV,192000,1,16,11520000,60.0,23040488,G062,2022-03-30 20:00:00,200000,G062,20
/Volumes/PAPAYA/anh_aguas_bajas/G062/G062_20220328_060000.WAV,G062_20220328_060000.WAV,192000,1,16,11520000,60.0,23040488,G062,2022-03-28 06:00:00,60000,G062,06
/Volumes/PAPAYA/anh_aguas_bajas/G062/G062_20220415_053000.WAV,G062_20220415_053000.WAV,192000,1,16,11520000,60.0,23040488,G062,2022-04-15 05:30:00,53000,G062,05
/Volumes/PAPAYA/anh_aguas_bajas/G062/G062_20220323_193000.WAV,G062_20220323_193000.WAV,192000,1,16,11520000,60.0,23040488,G062,2022-03-23 19:30:00,193000,G062,19
/Volumes/PAPAYA/anh_aguas_bajas/G063/G063_20220422_173000.WAV,G063_20220422_173000.WAV,192000,1,16,11520000,60.0,23040488,G063,2022-04-22 17:30:00,173000,G063,17
/Volumes/PAPAYA/anh_aguas_bajas/G063/G063_20220422_063000.WAV,G063_20220422_063000.WAV,192000,1,16,11520000,60.0,23040488,G063,2022-04-22 06:30:00,63000,G063,06
/Volumes/PAPAYA/anh_aguas_bajas/G063/G063_20220403_200000.WAV,G063_20220403_200000.WAV,192000,1,16,11520000,60.0,23040488,G063,2022-04-03 20:00:00,200000,G063,20
/Volumes/PAPAYA/anh_aguas_bajas/G063/G063_20220401_060000.WAV,G063_20220401_060000.WAV,192000,1,16,11520000,60.0,23040488,G063,2022-04-01 06:00:00,60000,G063,06
/Volumes/PAPAYA/anh_aguas_bajas/G063/G063_20220419_053000.WAV,G063_20220419_053000.WAV,192000,1,16,11520000,60.0,23040488,G063,2022-04-19 05:30:00,53000,G063,05
/Volumes/PAPAYA/anh_aguas_bajas/G063/G063_20220327_193000.WAV,G063_20220327_193000.WAV,192000,1,16,11520000,60.0,23040488,G063,2022-03-27 19:30:00,193000,G063,19
/Volumes/PAPAYA/anh_aguas_bajas/G064/G064_20220421_173000.WAV,G064_20220421_173000.WAV,192000,1,16,11520000,60.0,23040488,G064,2022-04-21 17:30:00,173000,G064,17
/Volumes/PAPAYA/anh_aguas_bajas/G064/G064_20220421_063000.WAV,G064_20220421_063000.WAV,192000,1,16,11520000,60.0,23040488,G064,2022-04-21 06:30:00,63000,G064,06
/Volumes/PAPAYA/anh_aguas_bajas/G064/G064_20220402_200000.WAV,G064_20220402_200000.WAV,192000,1,16,11520000,60.0,23040488,G064,2022-04-02 20:00:00,200000,G064,20
/Volumes/PAPAYA/anh_aguas_bajas/G064/G064_20220331_060000.WAV,G064_20220331_060000.WAV,192000,1,16,11520000,60.0,23040488,G064,2022-03-31 06:00:00,60000,G064,06
/Volumes/PAPAYA/anh_aguas_bajas/G064/G064_20220418_053000.WAV,G064_20220418_053000.WAV,192000,1,16,11520000,60.0,23040488,G064,2022-04-18 05:30:00,53000,G064,05
/Volumes/PAPAYA/anh_aguas_bajas/G064/G064_20220326_193000.WAV,G064_20220326_193000.WAV,192000,1,16,11520000,60.0,23040488,G064,2022-03-26 19:30:00,193000,G064,19
/Volumes/PAPAYA/anh_aguas_bajas/G065/G065_20220427_173000.WAV,G065_20220427_173000.WAV,192000,1,16,11520000,60.0,23040488,G065,2022-04-27 17:30:00,173000,G065,17
/Volumes/PAPAYA/anh_aguas_bajas/G065/G065_20220427_063000.WAV,G065_20220427_063000.WAV,192000,1,16,11520000,60.0,23040488,G065,2022-04-27 06:30:00,63000,G065,06
/Volumes/PAPAYA/anh_aguas_bajas/G065/G065_20220408_200000.WAV,G065_20220408_200000.WAV,192000,1,16,11520000,60.0,23040488,G065,2022-04-08 20:00:00,200000,G065,20
/Volumes/PAPAYA/anh_aguas_bajas/G065/G065_20220406_060000.WAV,G065_20220406_060000.WAV,192000,1,16,11520000,60.0,23040488,G065,2022-04-06 06:00:00,60000,G065,06
/Volumes/PAPAYA/anh_aguas_bajas/G065/G065_20220424_053000.WAV,G065_20220424_053000.WAV,192000,1,16,11520000,60.0,23040488,G065,2022-04-24 05:30:00,53000,G065,05
/Volumes/PAPAYA/anh_aguas_bajas/G065/G065_20220401_193000.WAV,G065_20220401_193000.WAV,192000,1,16,11520000,60.0,23040488,G065,2022-04-01 19:30:00,193000,G065,19
/Volumes/PAPAYA/anh_aguas_bajas/G066/G066_20220418_173000.WAV,G066_20220418_173000.WAV,192000,1,16,11520000,60.0,23040488,G066,2022-04-18 17:30:00,173000,G066,17
/Volumes/PAPAYA/anh_aguas_bajas/G066/G066_20220418_063000.WAV,G066_20220418_063000.WAV,192000,1,16,11520000,60.0,23040488,G066,2022-04-18 06:30:00,63000,G066,06
/Volumes/PAPAYA/anh_aguas_bajas/G066/G066_20220330_200000.WAV,G066_20220330_200000.WAV,192000,1,16,11520000,60.0,23040488,G066,2022-03-30 20:00:00,200000,G066,20
/Volumes/PAPAYA/anh_aguas_bajas/G066/G066_20220328_060000.WAV,G066_20220328_060000.WAV,192000,1,16,11520000,60.0,23040488,G066,2022-03-28 06:00:00,60000,G066,06
/Volumes/PAPAYA/anh_aguas_bajas/G066/G066_20220415_053000.WAV,G066_20220415_053000.WAV,192000,1,16,11520000,60.0,23040488,G066,2022-04-15 05:30:00,53000,G066,05
/Volumes/PAPAYA/anh_aguas_bajas/G066/G066_20220323_193000.WAV,G066_20220323_193000.WAV,192000,1,16,11520000,60.0,23040488,G066,2022-03-23 19:30:00,193000,G066,19
/Volumes/PAPAYA/anh_aguas_bajas/G068/G068_20220420_173000.WAV,G068_20220420_173000.WAV,192000,1,16,11520000,60.0,23040488,G068,2022-04-20 17:30:00,173000,G068,17
/Volumes/PAPAYA/anh_aguas_bajas/G068/G068_20220420_063000.WAV,G068_20220420_063000.WAV,192000,1,16,11520000,60.0,23040488,G068,2022-04-20 06:30:00,63000,G068,06
/Volumes/PAPAYA/anh_aguas_bajas/G068/G068_20220401_200000.WAV,G068_20220401_200000.WAV,192000,1,16,11520000,60.0,23040488,G068,2022-04-01 20:00:00,200000,G068,20
/Volumes/PAPAYA/anh_aguas_bajas/G068/G068_20220330_060000.WAV,G068_20220330_060000.WAV,192000,1,16,11520000,60.0,23040488,G068,2022-03-30 06:00:00,60000,G068,06
/Volumes/PAPAYA/anh_aguas_bajas/G068/G068_20220417_053000.WAV,G068_20220417_053000.WAV,192000,1,16,11520000,60.0,23040488,G068,2022-04-17 05:30:00,53000,G068,05
/Volumes/PAPAYA/anh_aguas_bajas/G068/G068_20220325_193000.WAV,G068_20220325_193000.WAV,192000,1,16,11520000,60.0,23040488,G068,2022-03-25 19:30:00,193000,G068,19
/Volumes/PAPAYA/anh_aguas_bajas/G069/G069_20220419_173000.WAV,G069_20220419_173000.WAV,192000,1,16,11520000,60.0,23040488,G069,2022-04-19 17:30:00,173000,G069,17
/Volumes/PAPAYA/anh_aguas_bajas/G069/G069_20220419_063000.WAV,G069_20220419_063000.WAV,192000,1,16,11520000,60.0,23040488,G069,2022-04-19 06:30:00,63000,G069,06
/Volumes/PAPAYA/anh_aguas_bajas/G069/G069_20220331_200000.WAV,G069_20220331_200000.WAV,192000,1,16,11520000,60.0,23040488,G069,2022-03-31 20:00:00,200000,G069,20
/Volumes/PAPAYA/anh_aguas_bajas/G069/G069_20220329_060000.WAV,G069_20220329_060000.WAV,192000,1,16,11520000,60.0,23040488,G069,2022-03-29 06:00:00,60000,G069,06
/Volumes/PAPAYA/anh_aguas_bajas/G069/G069_20220416_053000.WAV,G069_20220416_053000.WAV,192000,1,16,11520000,60.0,23040488,G069,2022-04-16 05:30:00,53000,G069,05
/Volumes/PAPAYA/anh_aguas_bajas/G069/G069_20220324_193000.WAV,G069_20220324_193000.WAV,192000,1,16,11520000,60.0,23040488,G069,2022-03-24 19:30:00,193000,G069,19
/Volumes/PAPAYA/anh_aguas_bajas/G070/G070_20220415_173000.WAV,G070_20220415_173000.WAV,192000,1,16,11520000,60.0,23040488,G070,2022-04-15 17:30:00,173000,G070,17
/Volumes/PAPAYA/anh_aguas_bajas/G070/G070_20220415_063000.WAV,G070_20220415_063000.WAV,192000,1,16,11520000,60.0,23040488,G070,2022-04-15 06:30:00,63000,G070,06
/Volumes/PAPAYA/anh_aguas_bajas/G070/G070_20220327_200000.WAV,G070_20220327_200000.WAV,192000,1,16,11520000,60.0,23040488,G070,2022-03-27 20:00:00,200000,G070,20
/Volumes/PAPAYA/anh_aguas_bajas/G070/G070_20220325_060000.WAV,G070_20220325_060000.WAV,192000,1,16,11520000,60.0,23040488,G070,2022-03-25 06:00:00,60000,G070,06
/Volumes/PAPAYA/anh_aguas_bajas/G070/G070_20220412_053000.WAV,G070_20220412_053000.WAV,192000,1,16,11520000,60.0,23040488,G070,2022-04-12 05:30:00,53000,G070,05
/Volumes/PAPAYA/anh_aguas_bajas/G070/G070_20220320_193000.WAV,G070_20220320_193000.WAV,192000,1,16,11520000,60.0,23040488,G070,2022-03-20 19:30:00,193000,G070,19
/Volumes/PAPAYA/anh_aguas_bajas/G071/G071_20220415_173000.WAV,G071_20220415_173000.WAV,192000,1,16,11520000,60.0,23040488,G071,2022-04-15 17:30:00,173000,G071,17
/Volumes/PAPAYA/anh_aguas_bajas/G071/G071_20220415_063000.WAV,G071_20220415_063000.WAV,192000,1,16,11520000,60.0,23040488,G071,2022-04-15 06:30:00,63000,G071,06
/Volumes/PAPAYA/anh_aguas_bajas/G071/G071_20220327_200000.WAV,G071_20220327_200000.WAV,192000,1,16,11520000,60.0,23040488,G071,2022-03-27 20:00:00,200000,G071,20
/Volumes/PAPAYA/anh_aguas_bajas/G071/G071_20220325_060000.WAV,G071_20220325_060000.WAV,192000,1,16,11520000,60.0,23040488,G071,2022-03-25 06:00:00,60000,G071,06
/Volumes/PAPAYA/anh_aguas_bajas/G071/G071_20220412_053000.WAV,G071_20220412_053000.WAV,192000,1,16,11520000,60.0,23040488,G071,2022-04-12 05:30:00,53000,G071,05
/Volumes/PAPAYA/anh_aguas_bajas/G071/G071_20220320_193000.WAV,G071_20220320_193000.WAV,192000,1,16,11520000,60.0,23040488,G071,2022-03-20 19:30:00,193000,G071,19
/Volumes/PAPAYA/anh_aguas_bajas/G072/G072_20220417_173000.WAV,G072_20220417_173000.WAV,192000,1,16,11520000,60.0,23040488,G072,2022-04-17 17:30:00,173000,G072,17
/Volumes/PAPAYA/anh_aguas_bajas/G072/G072_20220417_063000.WAV,G072_20220417_063000.WAV,192000,1,16,11520000,60.0,23040488,G072,2022-04-17 06:30:00,63000,G072,06
/Volumes/PAPAYA/anh_aguas_bajas/G072/G072_20220329_200000.WAV,G072_20220329_200000.WAV,192000,1,16,11520000,60.0,23040488,G072,2022-03-29 20:00:00,200000,G072,20
/Volumes/PAPAYA/anh_aguas_bajas/G072/G072_20220327_060000.WAV,G072_20220327_060000.WAV,192000,1,16,11520000,60.0,23040488,G072,2022-03-27 06:00:00,60000,G072,06
/Volumes/PAPAYA/anh_aguas_bajas/G072/G072_20220414_053000.WAV,G072_20220414_053000.WAV,192000,1,16,11520000,60.0,23040488,G072,2022-04-14 05:30:00,53000,G072,05
/Volumes/PAPAYA/anh_aguas_bajas/G072/G072_20220322_193000.WAV,G072_20220322_193000.WAV,192000,1,16,11520000,60.0,23040488,G072,2022-03-22 19:30:00,193000,G072,19
/Volumes/PAPAYA/anh_aguas_bajas/G074/G074_20220427_173000.WAV,G074_20220427_173000.WAV,192000,1,16,11520000,60.0,23040488,G074,2022-04-27 17:30:00,173000,G074,17
/Volumes/PAPAYA/anh_aguas_bajas/G074/G074_20220427_063000.WAV,G074_20220427_063000.WAV,192000,1,16,11520000,60.0,23040488,G074,2022-04-27 06:30:00,63000,G074,06
/Volumes/PAPAYA/anh_aguas_bajas/G074/G074_20220408_200000.WAV,G074_20220408_200000.WAV,192000,1,16,11520000,60.0,23040488,G074,2022-04-08 20:00:00,200000,G074,20
/Volumes/PAPAYA/anh_aguas_bajas/G074/G074_20220406_060000.WAV,G074_20220406_060000.WAV,192000,1,16,11520000,60.0,23040488,G074,2022-04-06 06:00:00,60000,G074,06
/Volumes/PAPAYA/anh_aguas_bajas/G074/G074_20220424_053000.WAV,G074_20220424_053000.WAV,192000,1,16,11520000,60.0,23040488,G074,2022-04-24 05:30:00,53000,G074,05
/Volumes/PAPAYA/anh_aguas_bajas/G074/G074_20220401_193000.WAV,G074_20220401_193000.WAV,192000,1,16,11520000,60.0,23040488,G074,2022-04-01 19:30:00,193000,G074,19
/Volumes/PAPAYA/anh_aguas_bajas/G075/G075_20220410_190000.WAV,G075_20220410_190000.WAV,192000,1,16,11520000,60.0,23040488,G075,2022-04-10 19:00:00,190000,G075,19
/Volumes/PAPAYA/anh_aguas_bajas/G075/G075_20220414_193000.WAV,G075_20220414_193000.WAV,192000,1,16,11520000,60.0,23040488,G075,2022-04-14 19:30:00,193000,G075,19
/Volumes/PAPAYA/anh_aguas_bajas/G075/G075_20220419_203000.WAV,G075_20220419_203000.WAV,192000,1,16,11520000,60.0,23040488,G075,2022-04-19 20:30:00,203000,G075,20
/Volumes/PAPAYA/anh_aguas_bajas/G075/G075_20220414_073000.WAV,G075_20220414_073000.WAV,192000,1,16,11520000,60.0,23040488,G075,2022-04-14 07:30:00,73000,G075,07
/Volumes/PAPAYA/anh_aguas_bajas/G075/G075_20220408_060000.WAV,G075_20220408_060000.WAV,192000,1,16,11520000,60.0,23040488,G075,2022-04-08 06:00:00,60000,G075,06
/Volumes/PAPAYA/anh_aguas_bajas/G075/G075_20220416_073000.WAV,G075_20220416_073000.WAV,192000,1,16,11520000,60.0,23040488,G075,2022-04-16 07:30:00,73000,G075,07
/Volumes/PAPAYA/anh_aguas_bajas/G076/G076_20220329_173000.WAV,G076_20220329_173000.WAV,192000,1,16,11520000,60.0,23040488,G076,2022-03-29 17:30:00,173000,G076,17
/Volumes/PAPAYA/anh_aguas_bajas/G076/G076_20220323_193000.WAV,G076_20220323_193000.WAV,192000,1,16,11520000,60.0,23040488,G076,2022-03-23 19:30:00,193000,G076,19
/Volumes/PAPAYA/anh_aguas_bajas/G076/G076_20220327_080000.WAV,G076_20220327_080000.WAV,192000,1,16,11520000,60.0,23040488,G076,2022-03-27 08:00:00,80000,G076,08
/Volumes/PAPAYA/anh_aguas_bajas/G076/G076_20220329_200000.WAV,G076_20220329_200000.WAV,192000,1,16,11520000,60.0,23040488,G076,2022-03-29 20:00:00,200000,G076,20
/Volumes/PAPAYA/anh_aguas_bajas/G076/G076_20220405_173000.WAV,G076_20220405_173000.WAV,192000,1,16,11520000,60.0,23040488,G076,2022-04-05 17:30:00,173000,G076,17
/Volumes/PAPAYA/anh_aguas_bajas/G076/G076_20220418_050000.WAV,G076_20220418_050000.WAV,192000,1,16,11520000,60.0,23040488,G076,2022-04-18 05:00:00,50000,G076,05
/Volumes/PAPAYA/anh_aguas_bajas/G077/G077_20220331_173000.WAV,G077_20220331_173000.WAV,192000,1,16,11520000,60.0,23040488,G077,2022-03-31 17:30:00,173000,G077,17
/Volumes/PAPAYA/anh_aguas_bajas/G077/G077_20220325_193000.WAV,G077_20220325_193000.WAV,192000,1,16,11520000,60.0,23040488,G077,2022-03-25 19:30:00,193000,G077,19
/Volumes/PAPAYA/anh_aguas_bajas/G077/G077_20220329_080000.WAV,G077_20220329_080000.WAV,192000,1,16,11520000,60.0,23040488,G077,2022-03-29 08:00:00,80000,G077,08
/Volumes/PAPAYA/anh_aguas_bajas/G077/G077_20220331_200000.WAV,G077_20220331_200000.WAV,192000,1,16,11520000,60.0,23040488,G077,2022-03-31 20:00:00,200000,G077,20
/Volumes/PAPAYA/anh_aguas_bajas/G077/G077_20220407_173000.WAV,G077_20220407_173000.WAV,192000,1,16,11520000,60.0,23040488,G077,2022-04-07 17:30:00,173000,G077,17
/Volumes/PAPAYA/anh_aguas_bajas/G077/G077_20220420_050000.WAV,G077_20220420_050000.WAV,192000,1,16,11520000,60.0,23040488,G077,2022-04-20 05:00:00,50000,G077,05
/Volumes/PAPAYA/anh_aguas_bajas/G078/G078_20220422_173000.WAV,G078_20220422_173000.WAV,192000,1,16,11520000,60.0,23040488,G078,2022-04-22 17:30:00,173000,G078,17
/Volumes/PAPAYA/anh_aguas_bajas/G078/G078_20220422_063000.WAV,G078_20220422_063000.WAV,192000,1,16,11520000,60.0,23040488,G078,2022-04-22 06:30:00,63000,G078,06
/Volumes/PAPAYA/anh_aguas_bajas/G078/G078_20220403_200000.WAV,G078_20220403_200000.WAV,192000,1,16,11520000,60.0,23040488,G078,2022-04-03 20:00:00,200000,G078,20
/Volumes/PAPAYA/anh_aguas_bajas/G078/G078_20220401_060000.WAV,G078_20220401_060000.WAV,192000,1,16,11520000,60.0,23040488,G078,2022-04-01 06:00:00,60000,G078,06
/Volumes/PAPAYA/anh_aguas_bajas/G078/G078_20220419_053000.WAV,G078_20220419_053000.WAV,192000,1,16,11520000,60.0,23040488,G078,2022-04-19 05:30:00,53000,G078,05
/Volumes/PAPAYA/anh_aguas_bajas/G078/G078_20220327_193000.WAV,G078_20220327_193000.WAV,192000,1,16,11520000,60.0,23040488,G078,2022-03-27 19:30:00,193000,G078,19
/Volumes/PAPAYA/anh_aguas_bajas/G079/G079_20220422_173000.WAV,G079_20220422_173000.WAV,192000,1,16,11520000,60.0,23040488,G079,2022-04-22 17:30:00,173000,G079,17
/Volumes/PAPAYA/anh_aguas_bajas/G079/G079_20220422_063000.WAV,G079_20220422_063000.WAV,192000,1,16,11520000,60.0,23040488,G079,2022-04-22 06:30:00,63000,G079,06
/Volumes/PAPAYA/anh_aguas_bajas/G079/G079_20220403_200000.WAV,G079_20220403_200000.WAV,192000,1,16,11520000,60.0,23040488,G079,2022-04-03 20:00:00,200000,G079,20
/Volumes/PAPAYA/anh_aguas_bajas/G079/G079_20220401_060000.WAV,G079_20220401_060000.WAV,192000,1,16,11520000,60.0,23040488,G079,2022-04-01 06:00:00,60000,G079,06
/Volumes/PAPAYA/anh_aguas_bajas/G079/G079_20220419_053000.WAV,G079_20220419_053000.WAV,192000,1,16,11520000,60.0,23040488,G079,2022-04-19 05:30:00,53000,G079,05
/Volumes/PAPAYA/anh_aguas_bajas/G079/G079_20220327_193000.WAV,G079_20220327_193000.WAV,192000,1,16,11520000,60.0,23040488,G079,2022-03-27 19:30:00,193000,G079,19
/Volumes/PAPAYA/anh_aguas_bajas/G080/G080_20220418_173000.WAV,G080_20220418_173000.WAV,192000,1,16,11520000,60.0,23040488,G080,2022-04-18 17:30:00,173000,G080,17
/Volumes/PAPAYA/anh_aguas_bajas/G080/G080_20220418_063000.WAV,G080_20220418_063000.WAV,192000,1,16,11520000,60.0,23040488,G080,2022-04-18 06:30:00,63000,G080,06
/Volumes/PAPAYA/anh_aguas_bajas/G080/G080_20220330_200000.WAV,G080_20220330_200000.WAV,192000,1,16,11520000,60.0,23040488,G080,2022-03-30 20:00:00,200000,G080,20
/Volumes/PAPAYA/anh_aguas_bajas/G080/G080_20220328_060000.WAV,G080_20220328_060000.WAV,192000,1,16,11520000,60.0,23040488,G080,2022-03-28 06:00:00,60000,G080,06
/Volumes/PAPAYA/anh_aguas_bajas/G080/G080_20220415_053000.WAV,G080_20220415_053000.WAV,192000,1,16,11520000,60.0,23040488,G080,2022-04-15 05:30:00,53000,G080,05
/Volumes/PAPAYA/anh_aguas_bajas/G080/G080_20220323_193000.WAV,G080_20220323_193000.WAV,192000,1,16,11520000,60.0,23040488,G080,2022-03-23 19:30:00,193000,G080,19
/Volumes/PAPAYA/anh_aguas_bajas/G081/G081_20220423_173000.WAV,G081_20220423_173000.WAV,192000,1,16,11520000,60.0,23040488,G081,2022-04-23 17:30:00,173000,G081,17
/Volumes/PAPAYA/anh_aguas_bajas/G081/G081_20220423_063000.WAV,G081_20220423_063000.WAV,192000,1,16,11520000,60.0,23040488,G081,2022-04-23 06:30:00,63000,G081,06
/Volumes/PAPAYA/anh_aguas_bajas/G081/G081_20220404_200000.WAV,G081_20220404_200000.WAV,192000,1,16,11520000,60.0,23040488,G081,2022-04-04 20:00:00,200000,G081,20
/Volumes/PAPAYA/anh_aguas_bajas/G081/G081_20220402_060000.WAV,G081_20220402_060000.WAV,192000,1,16,11520000,60.0,23040488,G081,2022-04-02 06:00:00,60000,G081,06
/Volumes/PAPAYA/anh_aguas_bajas/G081/G081_20220420_053000.WAV,G081_20220420_053000.WAV,192000,1,16,11520000,60.0,23040488,G081,2022-04-20 05:30:00,53000,G081,05
/Volumes/PAPAYA/anh_aguas_bajas/G081/G081_20220328_193000.WAV,G081_20220328_193000.WAV,192000,1,16,11520000,60.0,23040488,G081,2022-03-28 19:30:00,193000,G081,19
/Volumes/PAPAYA/anh_aguas_bajas/G082/G082_20220420_173000.WAV,G082_20220420_173000.WAV,192000,1,16,11520000,60.0,23040488,G082,2022-04-20 17:30:00,173000,G082,17
/Volumes/PAPAYA/anh_aguas_bajas/G082/G082_20220420_063000.WAV,G082_20220420_063000.WAV,192000,1,16,11520000,60.0,23040488,G082,2022-04-20 06:30:00,63000,G082,06
/Volumes/PAPAYA/anh_aguas_bajas/G082/G082_20220401_200000.WAV,G082_20220401_200000.WAV,192000,1,16,11520000,60.0,23040488,G082,2022-04-01 20:00:00,200000,G082,20
/Volumes/PAPAYA/anh_aguas_bajas/G082/G082_20220330_060000.WAV,G082_20220330_060000.WAV,192000,1,16,11520000,60.0,23040488,G082,2022-03-30 06:00:00,60000,G082,06
/Volumes/PAPAYA/anh_aguas_bajas/G082/G082_20220417_053000.WAV,G082_20220417_053000.WAV,192000,1,16,11520000,60.0,23040488,G082,2022-04-17 05:30:00,53000,G082,05
/Volumes/PAPAYA/anh_aguas_bajas/G082/G082_20220325_193000.WAV,G082_20220325_193000.WAV,192000,1,16,11520000,60.0,23040488,G082,2022-03-25 19:30:00,193000,G082,19
/Volumes/PAPAYA/anh_aguas_bajas/G083/G083_20220422_173000.WAV,G083_20220422_173000.WAV,192000,1,16,11520000,60.0,23040488,G083,2022-04-22 17:30:00,173000,G083,17
/Volumes/PAPAYA/anh_aguas_bajas/G083/G083_20220422_063000.WAV,G083_20220422_063000.WAV,192000,1,16,11520000,60.0,23040488,G083,2022-04-22 06:30:00,63000,G083,06
/Volumes/PAPAYA/anh_aguas_bajas/G083/G083_20220403_200000.WAV,G083_20220403_200000.WAV,192000,1,16,11520000,60.0,23040488,G083,2022-04-03 20:00:00,200000,G083,20
/Volumes/PAPAYA/anh_aguas_bajas/G083/G083_20220401_060000.WAV,G083_20220401_060000.WAV,192000,1,16,11520000,60.0,23040488,G083,2022-04-01 06:00:00,60000,G083,06
/Volumes/PAPAYA/anh_aguas_bajas/G083/G083_20220419_053000.WAV,G083_20220419_053000.WAV,192000,1,16,11520000,60.0,23040488,G083,2022-04-19 05:30:00,53000,G083,05
/Volumes/PAPAYA/anh_aguas_bajas/G083/G083_20220327_193000.WAV,G083_20220327_193000.WAV,192000,1,16,11520000,60.0,23040488,G083,2022-03-27 19:30:00,193000,G083,19
/Volumes/PAPAYA/anh_aguas_bajas/G084/G084_20220426_173000.WAV,G084_20220426_173000.WAV,192000,1,16,11520000,60.0,23040488,G084,2022-04-26 17:30:00,173000,G084,17
/Volumes/PAPAYA/anh_aguas_bajas/G084/G084_20220426_063000.WAV,G084_20220426_063000.WAV,192000,1,16,11520000,60.0,23040488,G084,2022-04-26 06:30:00,63000,G084,06
/Volumes/PAPAYA/anh_aguas_bajas/G084/G084_20220407_200000.WAV,G084_20220407_200000.WAV,192000,1,16,11520000,60.0,23040488,G084,2022-04-07 20:00:00,200000,G084,20
/Volumes/PAPAYA/anh_aguas_bajas/G084/G084_20220405_060000.WAV,G084_20220405_060000.WAV,192000,1,16,11520000,60.0,23040488,G084,2022-04-05 06:00:00,60000,G084,06
/Volumes/PAPAYA/anh_aguas_bajas/G084/G084_20220423_053000.WAV,G084_20220423_053000.WAV,192000,1,16,11520000,60.0,23040488,G084,2022-04-23 05:30:00,53000,G084,05
/Volumes/PAPAYA/anh_aguas_bajas/G084/G084_20220331_193000.WAV,G084_20220331_193000.WAV,192000,1,16,11520000,60.0,23040488,G084,2022-03-31 19:30:00,193000,G084,19
/Volumes/PAPAYA/anh_aguas_bajas/G086/G086_20220421_173000.WAV,G086_20220421_173000.WAV,192000,1,16,11520000,60.0,23040488,G086,2022-04-21 17:30:00,173000,G086,17
/Volumes/PAPAYA/anh_aguas_bajas/G086/G086_20220421_063000.WAV,G086_20220421_063000.WAV,192000,1,16,11520000,60.0,23040488,G086,2022-04-21 06:30:00,63000,G086,06
/Volumes/PAPAYA/anh_aguas_bajas/G086/G086_20220402_200000.WAV,G086_20220402_200000.WAV,192000,1,16,11520000,60.0,23040488,G086,2022-04-02 20:00:00,200000,G086,20
/Volumes/PAPAYA/anh_aguas_bajas/G086/G086_20220331_060000.WAV,G086_20220331_060000.WAV,192000,1,16,11520000,60.0,23040488,G086,2022-03-31 06:00:00,60000,G086,06
/Volumes/PAPAYA/anh_aguas_bajas/G086/G086_20220418_053000.WAV,G086_20220418_053000.WAV,192000,1,16,11520000,60.0,23040488,G086,2022-04-18 05:30:00,53000,G086,05
/Volumes/PAPAYA/anh_aguas_bajas/G086/G086_20220326_193000.WAV,G086_20220326_193000.WAV,192000,1,16,11520000,60.0,23040488,G086,2022-03-26 19:30:00,193000,G086,19
/Volumes/PAPAYA/anh_aguas_bajas/G087/G087_20220403_200000.WAV,G087_20220403_200000.WAV,192000,1,16,11520000,60.0,23040488,G087,2022-04-03 20:00:00,200000,G087,20
/Volumes/PAPAYA/anh_aguas_bajas/G087/G087_20220403_190000.WAV,G087_20220403_190000.WAV,192000,1,16,11520000,60.0,23040488,G087,2022-04-03 19:00:00,190000,G087,19
/Volumes/PAPAYA/anh_aguas_bajas/G087/G087_20220417_183000.WAV,G087_20220417_183000.WAV,192000,1,16,11520000,60.0,23040488,G087,2022-04-17 18:30:00,183000,G087,18
/Volumes/PAPAYA/anh_aguas_bajas/G087/G087_20220417_083000.WAV,G087_20220417_083000.WAV,192000,1,16,11520000,60.0,23040488,G087,2022-04-17 08:30:00,83000,G087,08
/Volumes/PAPAYA/anh_aguas_bajas/G087/G087_20220412_203000.WAV,G087_20220412_203000.WAV,192000,1,16,11520000,60.0,23040488,G087,2022-04-12 20:30:00,203000,G087,20
/Volumes/PAPAYA/anh_aguas_bajas/G087/G087_20220415_063000.WAV,G087_20220415_063000.WAV,192000,1,16,11520000,60.0,23040488,G087,2022-04-15 06:30:00,63000,G087,06
/Volumes/PAPAYA/anh_aguas_bajas/G088/G088_20220414_173000.WAV,G088_20220414_173000.WAV,192000,1,16,11520000,60.0,23040488,G088,2022-04-14 17:30:00,173000,G088,17
/Volumes/PAPAYA/anh_aguas_bajas/G088/G088_20220414_063000.WAV,G088_20220414_063000.WAV,192000,1,16,11520000,60.0,23040488,G088,2022-04-14 06:30:00,63000,G088,06
/Volumes/PAPAYA/anh_aguas_bajas/G088/G088_20220326_200000.WAV,G088_20220326_200000.WAV,192000,1,16,11520000,60.0,23040488,G088,2022-03-26 20:00:00,200000,G088,20
/Volumes/PAPAYA/anh_aguas_bajas/G088/G088_20220324_060000.WAV,G088_20220324_060000.WAV,192000,1,16,11520000,60.0,23040488,G088,2022-03-24 06:00:00,60000,G088,06
/Volumes/PAPAYA/anh_aguas_bajas/G088/G088_20220411_053000.WAV,G088_20220411_053000.WAV,192000,1,16,11520000,60.0,23040488,G088,2022-04-11 05:30:00,53000,G088,05
/Volumes/PAPAYA/anh_aguas_bajas/G088/G088_20220319_193000.WAV,G088_20220319_193000.WAV,192000,1,16,11520000,60.0,23040488,G088,2022-03-19 19:30:00,193000,G088,19
/Volumes/PAPAYA/anh_aguas_bajas/G089/G089_20220420_173000.WAV,G089_20220420_173000.WAV,192000,1,16,11520000,60.0,23040488,G089,2022-04-20 17:30:00,173000,G089,17
/Volumes/PAPAYA/anh_aguas_bajas/G089/G089_20220420_063000.WAV,G089_20220420_063000.WAV,192000,1,16,11520000,60.0,23040488,G089,2022-04-20 06:30:00,63000,G089,06
/Volumes/PAPAYA/anh_aguas_bajas/G089/G089_20220401_200000.WAV,G089_20220401_200000.WAV,192000,1,16,11520000,60.0,23040488,G089,2022-04-01 20:00:00,200000,G089,20
/Volumes/PAPAYA/anh_aguas_bajas/G089/G089_20220330_060000.WAV,G089_20220330_060000.WAV,192000,1,16,11520000,60.0,23040488,G089,2022-03-30 06:00:00,60000,G089,06
/Volumes/PAPAYA/anh_aguas_bajas/G089/G089_20220417_053000.WAV,G089_20220417_053000.WAV,192000,1,16,11520000,60.0,23040488,G089,2022-04-17 05:30:00,53000,G089,05
/Volumes/PAPAYA/anh_aguas_bajas/G089/G089_20220325_193000.WAV,G089_20220325_193000.WAV,192000,1,16,11520000,60.0,23040488,G089,2022-03-25 19:30:00,193000,G089,19
/Volumes/PAPAYA/anh_aguas_bajas/G090/G090_20220419_173000.WAV,G090_20220419_173000.WAV,192000,1,16,11520000,60.0,23040488,G090,2022-04-19 17:30:00,173000,G090,17
/Volumes/PAPAYA/anh_aguas_bajas/G090/G090_20220419_063000.WAV,G090_20220419_063000.WAV,192000,1,16,11520000,60.0,23040488,G090,2022-04-19 06:30:00,63000,G090,06
/Volumes/PAPAYA/anh_aguas_bajas/G090/G090_20220331_200000.WAV,G090_20220331_200000.WAV,192000,1,16,11520000,60.0,23040488,G090,2022-03-31 20:00:00,200000,G090,20
/Volumes/PAPAYA/anh_aguas_bajas/G090/G090_20220329_060000.WAV,G090_20220329_060000.WAV,192000,1,16,11520000,60.0,23040488,G090,2022-03-29 06:00:00,60000,G090,06
/Volumes/PAPAYA/anh_aguas_bajas/G090/G090_20220416_053000.WAV,G090_20220416_053000.WAV,192000,1,16,11520000,60.0,23040488,G090,2022-04-16 05:30:00,53000,G090,05
/Volumes/PAPAYA/anh_aguas_bajas/G090/G090_20220324_193000.WAV,G090_20220324_193000.WAV,192000,1,16,11520000,60.0,23040488,G090,2022-03-24 19:30:00,193000,G090,19
/Volumes/PAPAYA/anh_aguas_bajas/G091/G091_20220422_173000.WAV,G091_20220422_173000.WAV,192000,1,16,11520000,60.0,23040488,G091,2022-04-22 17:30:00,173000,G091,17
/Volumes/PAPAYA/anh_aguas_bajas/G091/G091_20220416_180000.WAV,G091_20220416_180000.WAV,192000,1,16,11520000,60.0,23040488,G091,2022-04-16 18:00:00,180000,G091,18
/Volumes/PAPAYA/anh_aguas_bajas/G091/G091_20220403_190000.WAV,G091_20220403_190000.WAV,192000,1,16,11520000,60.0,23040488,G091,2022-04-03 19:00:00,190000,G091,19
/Volumes/PAPAYA/anh_aguas_bajas/G091/G091_20220401_050000.WAV,G091_20220401_050000.WAV,192000,1,16,11520000,60.0,23040488,G091,2022-04-01 05:00:00,50000,G091,05
/Volumes/PAPAYA/anh_aguas_bajas/G091/G091_20220419_050000.WAV,G091_20220419_050000.WAV,192000,1,16,11520000,60.0,23040488,G091,2022-04-19 05:00:00,50000,G091,05
/Volumes/PAPAYA/anh_aguas_bajas/G091/G091_20220327_183000.WAV,G091_20220327_183000.WAV,192000,1,16,11520000,60.0,23040488,G091,2022-03-27 18:30:00,183000,G091,18
/Volumes/PAPAYA/anh_aguas_bajas/G092/G092_20220417_050000.WAV,G092_20220417_050000.WAV,192000,1,16,11520000,60.0,23040488,G092,2022-04-17 05:00:00,50000,G092,05
/Volumes/PAPAYA/anh_aguas_bajas/G092/G092_20220403_070000.WAV,G092_20220403_070000.WAV,192000,1,16,11520000,60.0,23040488,G092,2022-04-03 07:00:00,70000,G092,07
/Volumes/PAPAYA/anh_aguas_bajas/G092/G092_20220419_080000.WAV,G092_20220419_080000.WAV,192000,1,16,11520000,60.0,23040488,G092,2022-04-19 08:00:00,80000,G092,08
/Volumes/PAPAYA/anh_aguas_bajas/G092/G092_20220420_180000.WAV,G092_20220420_180000.WAV,192000,1,16,11520000,60.0,23040488,G092,2022-04-20 18:00:00,180000,G092,18
/Volumes/PAPAYA/anh_aguas_bajas/G092/G092_20220417_070000.WAV,G092_20220417_070000.WAV,192000,1,16,11520000,60.0,23040488,G092,2022-04-17 07:00:00,70000,G092,07
/Volumes/PAPAYA/anh_aguas_bajas/G092/G092_20220407_173000.WAV,G092_20220407_173000.WAV,192000,1,16,11520000,60.0,23040488,G092,2022-04-07 17:30:00,173000,G092,17
/Volumes/PAPAYA/anh_aguas_bajas/G094/G094_20220425_173000.WAV,G094_20220425_173000.WAV,192000,1,16,11520000,60.0,23040488,G094,2022-04-25 17:30:00,173000,G094,17
/Volumes/PAPAYA/anh_aguas_bajas/G094/G094_20220425_063000.WAV,G094_20220425_063000.WAV,192000,1,16,11520000,60.0,23040488,G094,2022-04-25 06:30:00,63000,G094,06
/Volumes/PAPAYA/anh_aguas_bajas/G094/G094_20220406_200000.WAV,G094_20220406_200000.WAV,192000,1,16,11520000,60.0,23040488,G094,2022-04-06 20:00:00,200000,G094,20
/Volumes/PAPAYA/anh_aguas_bajas/G094/G094_20220404_060000.WAV,G094_20220404_060000.WAV,192000,1,16,11520000,60.0,23040488,G094,2022-04-04 06:00:00,60000,G094,06
/Volumes/PAPAYA/anh_aguas_bajas/G094/G094_20220422_053000.WAV,G094_20220422_053000.WAV,192000,1,16,11520000,60.0,23040488,G094,2022-04-22 05:30:00,53000,G094,05
/Volumes/PAPAYA/anh_aguas_bajas/G094/G094_20220330_193000.WAV,G094_20220330_193000.WAV,192000,1,16,11520000,60.0,23040488,G094,2022-03-30 19:30:00,193000,G094,19
/Volumes/PAPAYA/anh_aguas_bajas/G095/G095_20220424_173000.WAV,G095_20220424_173000.WAV,192000,1,16,11520000,60.0,23040488,G095,2022-04-24 17:30:00,173000,G095,17
/Volumes/PAPAYA/anh_aguas_bajas/G095/G095_20220424_063000.WAV,G095_20220424_063000.WAV,192000,1,16,11520000,60.0,23040488,G095,2022-04-24 06:30:00,63000,G095,06
/Volumes/PAPAYA/anh_aguas_bajas/G095/G095_20220405_200000.WAV,G095_20220405_200000.WAV,192000,1,16,11520000,60.0,23040488,G095,2022-04-05 20:00:00,200000,G095,20
/Volumes/PAPAYA/anh_aguas_bajas/G095/G095_20220403_060000.WAV,G095_20220403_060000.WAV,192000,1,16,11520000,60.0,23040488,G095,2022-04-03 06:00:00,60000,G095,06
/Volumes/PAPAYA/anh_aguas_bajas/G095/G095_20220421_053000.WAV,G095_20220421_053000.WAV,192000,1,16,11520000,60.0,23040488,G095,2022-04-21 05:30:00,53000,G095,05
/Volumes/PAPAYA/anh_aguas_bajas/G095/G095_20220329_193000.WAV,G095_20220329_193000.WAV,192000,1,16,11520000,60.0,23040488,G095,2022-03-29 19:30:00,193000,G095,19
/Volumes/PAPAYA/anh_aguas_bajas/G096/G096_20220426_173000.WAV,G096_20220426_173000.WAV,192000,1,16,11520000,60.0,23040488,G096,2022-04-26 17:30:00,173000,G096,17
/Volumes/PAPAYA/anh_aguas_bajas/G096/G096_20220426_063000.WAV,G096_20220426_063000.WAV,192000,1,16,11520000,60.0,23040488,G096,2022-04-26 06:30:00,63000,G096,06
/Volumes/PAPAYA/anh_aguas_bajas/G096/G096_20220407_200000.WAV,G096_20220407_200000.WAV,192000,1,16,11520000,60.0,23040488,G096,2022-04-07 20:00:00,200000,G096,20
/Volumes/PAPAYA/anh_aguas_bajas/G096/G096_20220405_060000.WAV,G096_20220405_060000.WAV,192000,1,16,11520000,60.0,23040488,G096,2022-04-05 06:00:00,60000,G096,06
/Volumes/PAPAYA/anh_aguas_bajas/G096/G096_20220423_053000.WAV,G096_20220423_053000.WAV,192000,1,16,11520000,60.0,23040488,G096,2022-04-23 05:30:00,53000,G096,05
/Volumes/PAPAYA/anh_aguas_bajas/G096/G096_20220331_193000.WAV,G096_20220331_193000.WAV,192000,1,16,11520000,60.0,23040488,G096,2022-03-31 19:30:00,193000,G096,19
/Volumes/PAPAYA/anh_aguas_bajas/G097/G097_20220328_170000.WAV,G097_20220328_170000.WAV,192000,1,16,11520000,60.0,23040488,G097,2022-03-28 17:00:00,170000,G097,17
/Volumes/PAPAYA/anh_aguas_bajas/G097/G097_20220322_190000.WAV,G097_20220322_190000.WAV,192000,1,16,11520000,60.0,23040488,G097,2022-03-22 19:00:00,190000,G097,19
/Volumes/PAPAYA/anh_aguas_bajas/G097/G097_20220326_073000.WAV,G097_20220326_073000.WAV,192000,1,16,11520000,60.0,23040488,G097,2022-03-26 07:30:00,73000,G097,07
/Volumes/PAPAYA/anh_aguas_bajas/G097/G097_20220328_193000.WAV,G097_20220328_193000.WAV,192000,1,16,11520000,60.0,23040488,G097,2022-03-28 19:30:00,193000,G097,19
/Volumes/PAPAYA/anh_aguas_bajas/G097/G097_20220404_170000.WAV,G097_20220404_170000.WAV,192000,1,16,11520000,60.0,23040488,G097,2022-04-04 17:00:00,170000,G097,17
/Volumes/PAPAYA/anh_aguas_bajas/G097/G097_20220416_203000.WAV,G097_20220416_203000.WAV,192000,1,16,11520000,60.0,23040488,G097,2022-04-16 20:30:00,203000,G097,20
/Volumes/PAPAYA/anh_aguas_bajas/G098/G098_20220418_173000.WAV,G098_20220418_173000.WAV,192000,1,16,11520000,60.0,23040488,G098,2022-04-18 17:30:00,173000,G098,17
/Volumes/PAPAYA/anh_aguas_bajas/G098/G098_20220418_063000.WAV,G098_20220418_063000.WAV,192000,1,16,11520000,60.0,23040488,G098,2022-04-18 06:30:00,63000,G098,06
/Volumes/PAPAYA/anh_aguas_bajas/G098/G098_20220330_200000.WAV,G098_20220330_200000.WAV,192000,1,16,11520000,60.0,23040488,G098,2022-03-30 20:00:00,200000,G098,20
/Volumes/PAPAYA/anh_aguas_bajas/G098/G098_20220328_060000.WAV,G098_20220328_060000.WAV,192000,1,16,11520000,60.0,23040488,G098,2022-03-28 06:00:00,60000,G098,06
/Volumes/PAPAYA/anh_aguas_bajas/G098/G098_20220415_053000.WAV,G098_20220415_053000.WAV,192000,1,16,11520000,60.0,23040488,G098,2022-04-15 05:30:00,53000,G098,05
/Volumes/PAPAYA/anh_aguas_bajas/G098/G098_20220323_193000.WAV,G098_20220323_193000.WAV,192000,1,16,11520000,60.0,23040488,G098,2022-03-23 19:30:00,193000,G098,19
/Volumes/PAPAYA/anh_aguas_bajas/G099/G099_20220418_173000.WAV,G099_20220418_173000.WAV,192000,1,16,11520000,60.0,23040488,G099,2022-04-18 17:30:00,173000,G099,17
/Volumes/PAPAYA/anh_aguas_bajas/G099/G099_20220418_063000.WAV,G099_20220418_063000.WAV,192000,1,16,11520000,60.0,23040488,G099,2022-04-18 06:30:00,63000,G099,06
/Volumes/PAPAYA/anh_aguas_bajas/G099/G099_20220330_200000.WAV,G099_20220330_200000.WAV,192000,1,16,11520000,60.0,23040488,G099,2022-03-30 20:00:00,200000,G099,20
/Volumes/PAPAYA/anh_aguas_bajas/G099/G099_20220328_060000.WAV,G099_20220328_060000.WAV,192000,1,16,11520000,60.0,23040488,G099,2022-03-28 06:00:00,60000,G099,06
/Volumes/PAPAYA/anh_aguas_bajas/G099/G099_20220415_053000.WAV,G099_20220415_053000.WAV,192000,1,16,11520000,60.0,23040488,G099,2022-04-15 05:30:00,53000,G099,05
/Volumes/PAPAYA/anh_aguas_bajas/G099/G099_20220323_193000.WAV,G099_20220323_193000.WAV,192000,1,16,11520000,60.0,23040488,G099,2022-03-23 19:30:00,193000,G099,19
/Volumes/PAPAYA/anh_aguas_bajas/G100/G100_20220427_173000.WAV,G100_20220427_173000.WAV,192000,1,16,11520000,60.0,23040488,G100,2022-04-27 17:30:00,173000,G100,17
/Volumes/PAPAYA/anh_aguas_bajas/G100/G100_20220427_063000.WAV,G100_20220427_063000.WAV,192000,1,16,11520000,60.0,23040488,G100,2022-04-27 06:30:00,63000,G100,06
/Volumes/PAPAYA/anh_aguas_bajas/G100/G100_20220408_200000.WAV,G100_20220408_200000.WAV,192000,1,16,11520000,60.0,23040488,G100,2022-04-08 20:00:00,200000,G100,20
/Volumes/PAPAYA/anh_aguas_bajas/G100/G100_20220406_060000.WAV,G100_20220406_060000.WAV,192000,1,16,11520000,60.0,23040488,G100,2022-04-06 06:00:00,60000,G100,06
/Volumes/PAPAYA/anh_aguas_bajas/G100/G100_20220424_053000.WAV,G100_20220424_053000.WAV,192000,1,16,11520000,60.0,23040488,G100,2022-04-24 05:30:00,53000,G100,05
/Volumes/PAPAYA/anh_aguas_bajas/G100/G100_20220401_193000.WAV,G100_20220401_193000.WAV,192000,1,16,11520000,60.0,23040488,G100,2022-04-01 19:30:00,193000,G100,19
