fname_pkl,label,min_t,min_f,max_t,max_f,fname,length
G001_21-11-12.wav,SENSAT,0.0,47297.562,5.0,47297.562,G001_20211112_030000.WAV,5.0
G001_21-11-12.wav,MURCIE,0.0,24819.512,5.0,44956.098,G001_20211112_180000.WAV,5.0
G001_21-11-12.wav,INSECT,0.0,3721.417,5.0,51980.49,G001_20211112_183000.WAV,5.0
G001_21-11-12.wav,MURCIE,0.0,16776.25,5.0,33482.926,G001_20211112_203000.WAV,5.0
G001_21-11-12.wav,SENSAT,0.0,24585.365,5.0,24585.365,G001_20211112_220000.WAV,5.0
G001_21-11-13.wav,MURCIE,0.0,26648.83,5.0,43023.41,G001_20211113_000000.WAV,5.0
G001_21-11-13.wav,MURCIE,0.0,23646.717,5.0,45320.39,G001_20211113_053000.WAV,5.0
G001_21-11-13.wav,SENSAT,0.0,23646.717,5.0,45320.39,G001_20211113_193000.WAV,5.0
G001_21-11-13.wav,INSECT,0.0,3531.7727,5.0,30501.672,G001_20211113_200000.WAV,5.0
G001_21-11-13.wav,MURCIE,0.0,51371.234,5.0,68709.03,G001_20211113_230000.WAV,5.0
G001_21-11-13.wav,MURCIE,0.0,26006.69,5.0,42702.34,G001_20211113_233000.WAV,5.0
G002_21-11-14.wav,LLUVIA,0.0,-1.0,5.0,49371.43,G002_20211114_000000.WAV,5.0
G002_21-11-14.wav,LLUVIA,0.0,-1.0,5.0,49371.43,G002_20211114_003000.WAV,5.0
G002_21-11-14.wav,LLUVIA,0.0,-1.0,5.0,49371.43,G002_20211114_010000.WAV,5.0
G002_21-11-14.wav,LLUVIA,0.0,-1.0,5.0,49371.43,G002_20211114_013000.WAV,5.0
G002_21-11-14.wav,MURCIE,0.0,25508.572,5.0,63360.004,G002_20211114_053000.WAV,5.0
G002_21-11-14.wav,PULSOS,0.0,25508.572,5.0,63360.004,G002_20211114_090000.WAV,5.0
G002_21-11-14.wav,PULSOS,0.0,25508.572,5.0,63360.004,G002_20211114_093000.WAV,5.0
G002_21-11-14.wav,MURCIE,0.0,27380.29,5.0,50194.285,G002_20211114_180000.WAV,5.0
G002_21-11-14.wav,MURCIE,0.0,47451.426,5.0,60891.426,G002_20211114_183000.WAV,5.0
G002_21-11-14.wav,ENGPOS,0.0,-1.0,5.0,4937.143,G002_20211114_193000.WAV,5.0
G002_21-11-14.wav,INSECT,0.0,3914.107,5.0,50194.285,G002_20211114_200000.WAV,5.0
G002_21-11-14.wav,ENGPOS,0.0,-1.0,5.0,6034.2856,G002_20211114_220000.WAV,5.0
G002_21-11-14.wav,INSECT,0.0,4114.2856,5.0,46080.0,G002_20211114_230000.WAV,5.0
G002_21-11-15.wav,ENGPOS,0.0,-1.0,5.0,4559.3667,G002_20211115_010000.WAV,5.0
G002_21-11-15.wav,MURCIE,0.0,37488.125,5.0,45593.668,G002_20211115_180000.WAV,5.0
G002_21-11-15.wav,MURCIE,0.0,20770.45,5.0,43869.145,G002_20211115_193000.WAV,5.0
G002_21-11-15.wav,MURCIE,0.0,24142.752,5.0,37741.426,G002_20211115_220000.WAV,5.0
G002_21-11-16.wav,MURCIE,0.0,51941.055,3.1,67301.05,G002_20211116_010000.WAV,3.1
G002_21-11-16.wav,MURCIE,0.0,41431.58,5.0,53962.1,G002_20211116_050000.WAV,5.0
G002_21-11-16.wav,MURCIE,0.0,25702.895,5.0,51941.055,G002_20211116_053000.WAV,5.0
G003_21-11-12.wav,INSECT,0.0,3121.9111,5.0,45016.95,G003_20211112_000000.WAV,5.0
G003_21-11-12.wav,INDETE,4.0,8135.5933,5.0,51389.832,G003_20211112_040000.WAV,1.0
G003_21-11-12.wav,INDETE,4.0,5557.979,5.0,54779.664,G003_20211112_043000.WAV,1.0
G003_21-11-12.wav,INSECT,0.0,2711.8645,5.0,47728.812,G003_20211112_050000.WAV,5.0
G003_21-11-12.wav,INSECT,0.0,2169.4915,5.0,33355.93,G003_20211112_080000.WAV,5.0
G003_21-11-12.wav,INSECT,0.0,2847.4575,5.0,39457.625,G003_20211112_183000.WAV,5.0
G003_21-11-12.wav,TRAMOT,0.0,67.43268,5.0,974.40216,G003_20211112_183000.WAV,5.0
G003_21-11-15.wav,LLUVIA,0.0,-1.0,5.0,14876.514,G003_20211115_113000.WAV,5.0
G003_21-11-15.wav,INSECT,0.0,2789.3462,5.0,51602.902,G003_20211115_203000.WAV,5.0
G003_21-11-15.wav,INSECT,0.0,2789.3462,5.0,51602.902,G003_20211115_213000.WAV,5.0
G003_21-11-15.wav,INSECT,0.0,2789.3462,5.0,51602.902,G003_20211115_230000.WAV,5.0
G003_21-11-15.wav,INSECT,0.0,2789.3462,5.0,51602.902,G003_20211115_233000.WAV,5.0
G004_21-11-11.wav,INSECT,0.0,2672.8538,5.0,45215.777,G004_20211111_023000.WAV,5.0
G004_21-11-11.wav,INSECT,0.0,2672.8538,5.0,45215.777,G004_20211111_063000.WAV,5.0
G004_21-11-13.wav,INSECT,0.0,2508.1135,5.0,47069.766,G004_20211113_170000.WAV,5.0
G004_21-11-13.wav,INSECT,0.0,2508.1135,5.0,47069.766,G004_20211113_193000.WAV,5.0
G004_21-11-13.wav,MURCIE,0.0,17302.326,5.0,27162.79,G004_20211113_223000.WAV,5.0
G006_21-11-11.wav,MURCIE,0.0,28144.578,5.0,39710.844,G006_20211111_180000.WAV,5.0
G006_21-11-11.wav,INSECT,0.0,3288.6843,5.0,40096.387,G006_20211111_200000.WAV,5.0
G006_21-11-11.wav,INSECT,0.0,3288.6843,5.0,40096.387,G006_20211111_203000.WAV,5.0
G006_21-11-11.wav,INSECT,0.0,3288.6843,5.0,40096.387,G006_20211111_210000.WAV,5.0
G007_21-11-11.wav,INSECT,0.0,2092.1843,6.0,52328.66,G007_20211111_000000.WAV,6.0
G007_21-11-11.wav,INSECT,0.0,3655.3105,5.0,44825.652,G007_20211111_060000.WAV,5.0
G007_21-11-11.wav,AVEVOC,0.0,1923.8477,5.0,26741.484,G007_20211111_060000.WAV,5.0
G007_21-11-11.wav,INSECT,0.0,6348.6973,5.0,54060.12,G007_20211111_110000.WAV,5.0
G007_21-11-11.wav,INSECT,0.0,6541.0825,5.0,46749.5,G007_20211111_143000.WAV,5.0
G007_21-11-11.wav,AVEVOC,0.0,2308.6172,5.0,15006.013,G007_20211111_143000.WAV,5.0
G007_21-11-11.wav,PITSULF,0.0,741.91254,2.0,24432.867,G007_20211111_170000.WAV,2.0
G007_21-11-11.wav,NYCALB,4.0,1083.7305,10.0,5386.774,G007_20211111_203000.WAV,6.0
G007_21-11-11.wav,INSECT,4.0,2501.002,10.0,43863.727,G007_20211111_203000.WAV,6.0
G007_21-11-11.wav,INSECT,0.0,2116.2324,5.0,40593.188,G007_20211111_213000.WAV,5.0
G010_21-11-05.wav,LLUVIA,0.0,762.82263,5.0,41642.383,G010_20211105_003000.WAV,5.0
G010_21-11-05.wav,LLUVIA,0.0,762.82263,5.0,41642.383,G010_20211105_010000.WAV,5.0
G010_21-11-05.wav,LLUVIA,0.0,762.82263,5.0,41642.383,G010_20211105_033000.WAV,5.0
G010_21-11-05.wav,PULSOS,0.0,762.82263,5.0,41642.383,G010_20211105_110000.WAV,5.0
G010_21-11-05.wav,PULSOS,0.0,762.82263,5.0,41642.383,G010_20211105_113000.WAV,5.0
G010_21-11-05.wav,MURCIE,0.0,25075.725,5.0,47046.36,G010_20211105_180000.WAV,5.0
G010_21-11-05.wav,MURCIE,0.0,27270.49,5.0,51164.117,G010_20211105_183000.WAV,5.0
G010_21-11-06.wav,MURCIE,0.0,12902.051,5.0,24710.707,G010_20211106_033000.WAV,5.0
G010_21-11-06.wav,MURCIE,0.0,12902.051,5.0,24710.707,G010_20211106_040000.WAV,5.0
G010_21-11-06.wav,MURCIE,0.0,12902.051,5.0,24710.707,G010_20211106_043000.WAV,5.0
G010_21-11-06.wav,MURCIE,0.0,11347.9375,5.0,21734.186,G010_20211106_050000.WAV,5.0
G010_21-11-06.wav,MURCIE,0.0,24944.266,5.0,48881.883,G010_20211106_183000.WAV,5.0
G010_21-11-06.wav,MURCIE,0.0,28646.926,5.0,48328.016,G010_20211106_190000.WAV,5.0
G010_21-11-06.wav,MURCIE,0.0,28646.926,5.0,48328.016,G010_20211106_210000.WAV,5.0
G010_21-11-06.wav,INSECT,0.0,3717.5398,5.0,41986.332,G010_20211106_220000.WAV,5.0
G010_21-11-06.wav,INSECT,0.0,3717.5398,5.0,41986.332,G010_20211106_223000.WAV,5.0
G010_21-11-07.wav,MURCIE,0.0,19065.42,5.0,42168.227,G010_20211107_180000.WAV,5.0
G010_21-11-07.wav,MURCIE,0.0,27051.057,5.0,59830.574,G010_20211107_183000.WAV,5.0
G010_21-11-07.wav,MURCIE,0.0,29726.344,5.0,48881.52,G010_20211107_190000.WAV,5.0
G010_21-11-07.wav,INSECT,0.0,1905.5929,5.0,25121.496,G010_20211107_193000.WAV,5.0
G010_21-11-07.wav,MURCIE,0.0,28515.834,5.0,48946.74,G010_20211107_200000.WAV,5.0
G010_21-11-07.wav,INSECT,0.0,2024.1179,5.0,27588.785,G010_20211107_213000.WAV,5.0
G010_21-11-08.wav,MURCIE,0.0,26394.162,5.0,45313.867,G010_20211108_180000.WAV,5.0
G010_21-11-08.wav,MURCIE,0.0,14970.772,5.0,25702.031,G010_20211108_200000.WAV,5.0
G010_21-11-08.wav,MURCIE,0.0,21255.475,5.0,44846.715,G010_20211108_203000.WAV,5.0
G010_21-11-08.wav,MURCIE?,0.0,17284.672,5.0,32700.73,G010_20211108_220000.WAV,5.0
G010_21-11-08.wav,MURCIE,2.0,15312.848,5.0,32308.426,G010_20211108_233000.WAV,3.0
G010_21-11-09.wav,MURCIE,0.0,24372.094,5.0,47069.766,G010_20211109_180000.WAV,5.0
G010_21-11-09.wav,MURCIE,0.0,20651.162,5.0,30184.11,G010_20211109_200000.WAV,5.0
G019_21-11-14.wav,LLUVIA,0.0,4145.4546,5.0,58909.094,G019_20211114_003000.WAV,5.0
G019_21-11-14.wav,LLUVIA,0.0,3490.909,5.0,75054.55,G019_20211114_013000.WAV,5.0
G019_21-11-14.wav,MURCIE,0.0,23497.352,5.0,46036.363,G019_20211114_053000.WAV,5.0
G019_21-11-14.wav,INSECT,0.0,4363.6367,5.0,12436.363,G019_20211114_060000.WAV,5.0
G019_21-11-14.wav,AVEVOC,0.0,298.33914,5.0,12000.0,G019_20211114_060000.WAV,5.0
G019_21-11-14.wav,PULSOS,0.0,2400.0,5.0,34472.727,G019_20211114_080000.WAV,5.0
G019_21-11-14.wav,INSECT,0.0,3272.7273,5.0,47781.82,G019_20211114_180000.WAV,5.0
G019_21-11-14.wav,NYCALB,0.0,468.74957,5.0,5108.8535,G019_20211114_180000.WAV,5.0
G035_21-11-11.wav,INSECT,0.0,2294.1177,5.0,41470.586,G035_20211111_040000.WAV,5.0
G035_21-11-11.wav,MURCIE,0.0,25988.012,5.0,37235.297,G035_20211111_050000.WAV,5.0
G035_21-11-11.wav,MILCHI,0.0,1764.7059,5.0,14470.588,G035_20211111_063000.WAV,5.0
G035_21-11-11.wav,PULSOS,0.0,-1.0,5.0,36529.414,G035_20211111_083000.WAV,5.0
G035_21-11-11.wav,INSECT,0.0,6529.4116,5.0,36352.94,G035_20211111_120000.WAV,5.0
G035_21-11-11.wav,TRAMOT,0.0,430.94064,5.0,682.32263,G035_20211111_200000.WAV,5.0
G035_21-11-11.wav,INSECT,0.0,4235.2944,5.0,54882.35,G035_20211111_200000.WAV,5.0
G035_21-11-11.wav,INSECT,0.0,4235.2944,5.0,60529.41,G035_20211111_220000.WAV,5.0
G035_21-11-11.wav,HERPET,0.0,1941.1765,5.0,9529.411,G035_20211111_220000.WAV,5.0
G035_21-11-11.wav,MURCIE,0.0,15176.471,5.0,27705.883,G035_20211111_220000.WAV,5.0
G056_21-11-13.wav,INSECT,0.0,8289.156,5.0,78457.836,G056_20211113_040000.WAV,5.0
G056_21-11-13.wav,TRAMOT,0.0,36.80112,5.0,2600.9854,G056_20211113_090000.WAV,5.0
G056_21-11-13.wav,NYCALB,0.0,541.8719,5.0,2817.734,G056_20211113_180000.WAV,5.0
G056_21-11-13.wav,NYCALB,4.6,605.3725,10.0,3467.9802,G056_20211113_193000.WAV,5.4
G057_21-11-08.wav,LLUVIA,0.0,545.8911,5.0,83212.72,G057_20211108_020000.WAV,5.0
G057_21-11-08.wav,LLUVIA,0.0,16604.375,5.0,19658.05,G057_20211108_023000.WAV,5.0
G057_21-11-08.wav,LLUVIA,0.0,16986.084,5.0,18322.068,G057_20211108_030000.WAV,5.0
G057_21-11-08.wav,LLUVIA,0.0,20803.18,5.0,23856.86,G057_20211108_033000.WAV,5.0
G057_21-11-08.wav,LLUVIA,0.0,19276.342,5.0,20421.47,G057_20211108_050000.WAV,5.0
G057_21-11-08.wav,LLUVIA,0.0,19276.342,5.0,23093.44,G057_20211108_053000.WAV,5.0
G057_21-11-08.wav,LLUVIA,0.0,21566.6,5.0,21757.455,G057_20211108_060000.WAV,5.0
G057_21-11-08.wav,LLUVIA,0.0,14123.261,5.0,15840.955,G057_20211108_063000.WAV,5.0
G057_21-11-08.wav,MURCIE,0.0,33590.457,4.5,62218.688,G057_20211108_190000.WAV,4.5
G057_21-11-08.wav,SENSAT,0.0,8970.179,5.0,38170.973,G057_20211108_230000.WAV,5.0
G058_21-11-09.wav,LLUVIA,0.1,22914.572,5.1,29427.135,G058_20211109_050000.WAV,5.0
G058_21-11-09.wav,LLUVIA,0.1,12542.713,5.1,13989.95,G058_20211109_053000.WAV,5.0
G058_21-11-09.wav,LLUVIA,0.0,14713.567,5.0,17125.629,G058_20211109_060000.WAV,5.0
G058_21-11-09.wav,INSECT,0.0,2412.0603,5.1,53065.33,G058_20211109_140000.WAV,5.1
G058_21-11-09.wav,INSECT,0.0,3618.0903,5.0,50170.85,G058_20211109_183000.WAV,5.0
G058_21-11-09.wav,INSECT,5.0,2653.2664,9.9,48241.207,G058_20211109_220000.WAV,4.9
G058_21-11-13.wav,INSECT,0.0,4000.0,4.9,52500.0,G058_20211113_183000.WAV,4.9
G059_21-11-12.wav,INSECT,1.1,3469.8794,5.0,28722.89,G059_20211112_050000.WAV,3.9
G059_21-11-12.wav,NYCALB,1.1,585.76373,4.8,4240.964,G059_20211112_050000.WAV,3.7
G059_21-11-12.wav,INSECT,0.0,4240.964,5.0,10409.639,G059_20211112_053000.WAV,5.0
G059_21-11-12.wav,AVEVOC,0.1,1223.0529,4.9,2971.715,G059_20211112_053000.WAV,4.8
G059_21-11-12.wav,MURCIE,1.1,22939.76,4.3,49349.395,G059_20211112_053000.WAV,3.2
G059_21-11-12.wav,INSECT,5.0,6168.6743,10.0,30457.832,G059_20211112_083000.WAV,5.0
G059_21-11-12.wav,AVEVOC,5.0,629.26013,10.0,7325.301,G059_20211112_083000.WAV,5.0
G059_21-11-12.wav,SENSAT,0.0,53034.965,5.0,53034.965,G059_20211112_200000.WAV,5.0
G059_21-11-15.wav,INSECT,5.0,5787.234,10.0,21957.447,G059_20211115_080000.WAV,5.0
G059_21-11-15.wav,AVEVOC,5.0,2382.9788,10.0,6808.5107,G059_20211115_080000.WAV,5.0
G059_21-11-15.wav,NYCALB,5.0,510.79245,10.0,3574.468,G059_20211115_183000.WAV,5.0
G059_21-11-15.wav,INSECT,5.0,3063.8298,10.0,26893.615,G059_20211115_183000.WAV,5.0
G059_21-11-15.wav,MURCIE,5.0,30638.297,10.0,55829.785,G059_20211115_183000.WAV,5.0
G060_21-11-05.wav,PULSOS,1.5,-1.0,5.0,53818.184,G060_20211105_000000.WAV,3.5
G060_21-11-05.wav,LLUVIA,0.0,3393.9392,5.0,41939.395,G060_20211105_033000.WAV,5.0
G060_21-11-05.wav,LLUVIA,0.0,-1.0,5.0,40969.695,G060_20211105_040000.WAV,5.0
G060_21-11-05.wav,LLUVIA,0.1,-1.0,5.0,45090.91,G060_20211105_060000.WAV,4.9
G060_21-11-05.wav,LLUVIA,0.0,-1.0,5.0,41939.395,G060_20211105_063000.WAV,5.0
G060_21-11-05.wav,PULSOS,0.0,8000.0,5.0,87757.58,G060_20211105_113000.WAV,5.0
G060_21-11-05.wav,PULSOS,0.0,-1.0,5.0,41939.395,G060_20211105_120000.WAV,5.0
G060_21-11-05.wav,HERPET,0.0,-1.0,5.0,8969.696,G060_20211105_210000.WAV,5.0
G060_21-11-05.wav,SENSAT,0.0,3151.5151,5.0,53575.758,G060_20211105_230000.WAV,5.0
G060_21-11-09.wav,LLUVIA,0.0,-1.0,5.0,48511.727,G060_20211109_000000.WAV,5.0
G060_21-11-09.wav,LLUVIA,0.1,3889.1257,5.0,48921.105,G060_20211109_060000.WAV,4.9
G060_21-11-09.wav,HERPET,0.0,2444.8218,5.0,3096.7742,G060_20211109_183000.WAV,5.0
G060_21-11-09.wav,HERPET,0.0,955.7721,5.0,3364.708,G060_20211109_213000.WAV,5.0
G061_21-11-12.wav,SENSAT,0.0,11307.692,5.0,42692.31,G061_20211112_003000.WAV,5.0
G061_21-11-12.wav,CAMGRY,0.2,938.80646,5.0,4036.8677,G061_20211112_133000.WAV,4.8
G061_21-11-12.wav,MURCIE,0.1,28615.385,5.0,51000.0,G061_20211112_180000.WAV,4.9
G061_21-11-12.wav,SENSAT,0.1,6230.7695,5.1,30923.078,G061_20211112_203000.WAV,5.0
G062_21-11-09.wav,LLUVIA,0.0,22483.271,5.0,22483.271,G062_20211109_053000.WAV,5.0
G062_21-11-09.wav,MURCIE,5.0,40484.848,9.2,46787.88,G062_20211109_223000.WAV,4.2
G063_21-11-10.wav,INSECT,0.0,28732.395,5.0,28732.395,G063_20211110_003000.WAV,5.0
G063_21-11-10.wav,HERPET,0.0,375.3993,4.9,2351.5852,G063_20211110_023000.WAV,4.9
G063_21-11-10.wav,INSECT,0.0,19919.309,5.0,30017.293,G063_20211110_143000.WAV,5.0
G063_21-11-10.wav,INSECT,0.0,2119.9604,5.0,31953.89,G063_20211110_220000.WAV,5.0
G063_21-11-12.wav,INSECT,0.0,1470.2234,5.0,53661.54,G063_20211112_003000.WAV,5.0
G063_21-11-12.wav,INSECT,0.0,1621.6512,5.0,25600.002,G063_20211112_010000.WAV,5.0
G063_21-11-12.wav,MURCIE,2.0,31507.693,5.0,53253.844,G063_20211112_010000.WAV,3.0
G063_21-11-12.wav,INSECT,0.0,3048.5208,5.0,25600.002,G063_20211112_013000.WAV,5.0
G063_21-11-12.wav,MURCIE,0.0,45325.465,5.0,60307.69,G063_20211112_013000.WAV,5.0
G063_21-11-12.wav,INSECT,0.0,4676.9233,5.0,9107.692,G063_20211112_053000.WAV,5.0
G063_21-11-12.wav,AVEVOC,0.0,2020.116,5.0,24369.232,G063_20211112_053000.WAV,5.0
G063_21-11-12.wav,INSECT,0.0,5411.134,5.0,32255.73,G063_20211112_090000.WAV,5.0
G063_21-11-12.wav,AVEVOC,0.0,687.28314,5.0,5169.231,G063_20211112_090000.WAV,5.0
G063_21-11-12.wav,INSECT,0.0,2707.6924,4.0,30523.078,G063_20211112_203000.WAV,4.0
G063_21-11-12.wav,NYCALB,0.0,447.61713,4.0,4923.077,G063_20211112_203000.WAV,4.0
G064_21-11-06.wav,INSECT,0.0,1165.7926,5.0,49911.008,G064_20211106_003000.WAV,5.0
G064_21-11-06.wav,MAMIF,1.5,4832.541,2.9,39569.086,G064_20211106_020000.WAV,1.4
G064_21-11-06.wav,PULSOS,0.0,4980.247,5.0,65199.062,G064_20211106_130000.WAV,5.0
G064_21-11-06.wav,PULSOS,0.0,29227.166,5.0,32599.531,G064_20211106_133000.WAV,5.0
G064_21-11-06.wav,PULSOS,0.0,5170.9604,5.0,25629.977,G064_20211106_140000.WAV,5.0
G064_21-11-06.wav,INSECT,0.0,35522.25,5.0,49236.535,G064_20211106_183000.WAV,5.0
G064_21-11-06.wav,INSECT,0.0,2697.8923,5.0,44740.047,G064_20211106_210000.WAV,5.0
G064_21-11-08.wav,LLUVIA,0.0,6559.477,5.0,60427.55,G064_20211108_013000.WAV,5.0
G064_21-11-08.wav,LLUVIA,0.0,6156.7695,5.0,21434.68,G064_20211108_030000.WAV,5.0
G064_21-11-08.wav,LLUVIA,0.0,2508.3135,5.0,28959.621,G064_20211108_050000.WAV,5.0
G064_21-11-08.wav,LLUVIA,0.0,-1.0,5.0,51990.496,G064_20211108_063000.WAV,5.0
G064_21-11-08.wav,INSECT,0.0,2280.285,5.0,47657.957,G064_20211108_183000.WAV,5.0
G064_21-11-08.wav,INSECT,0.0,3511.143,5.0,45149.645,G064_20211108_223000.WAV,5.0
G065_21-11-12.wav,INSECT,0.0,1835.3579,5.0,42871.793,G065_20211112_020000.WAV,5.0
G065_21-11-12.wav,AVEVOC,0.0,1895.2429,5.0,13951.094,G065_20211112_063000.WAV,5.0
G065_21-11-12.wav,INSECT,0.0,2666.6667,5.0,48205.13,G065_20211112_130000.WAV,5.0
G065_21-11-12.wav,INSECT,0.0,2666.6667,5.0,50666.668,G065_20211112_173000.WAV,5.0
G065_21-11-12.wav,INSECT,0.0,3076.9233,5.0,51692.31,G065_20211112_180000.WAV,5.0
G065_21-11-15.wav,INSECT,0.0,1079.0237,5.0,45519.758,G065_20211115_013000.WAV,5.0
G065_21-11-15.wav,INSECT,0.0,3501.5198,5.0,42310.027,G065_20211115_100000.WAV,5.0
G065_21-11-15.wav,INSECT,0.0,29179.332,5.0,59234.043,G065_20211115_103000.WAV,5.0
G065_21-11-15.wav,INSECT,0.0,2917.933,5.0,47562.31,G065_20211115_213000.WAV,5.0
G066_21-11-08.wav,INSECT,0.0,2602.374,5.0,82804.12,G066_20211108_003000.WAV,5.0
G066_21-11-08.wav,LLUVIA,0.0,14916.335,5.0,17402.39,G066_20211108_020000.WAV,5.0
G066_21-11-08.wav,LLUVIA,0.0,-1.0,5.0,18358.566,G066_20211108_023000.WAV,5.0
G066_21-11-08.wav,LLUVIA,0.0,-1.0,5.0,24669.322,G066_20211108_050000.WAV,5.0
G066_21-11-08.wav,LLUVIA,0.0,-1.0,5.0,21227.092,G066_20211108_053000.WAV,5.0
G066_21-11-08.wav,INSECT,0.0,3317.9724,5.0,58396.312,G066_20211108_213000.WAV,5.0
G066_21-11-08.wav,INSECT,0.0,2875.5762,5.0,57511.523,G066_20211108_233000.WAV,5.0
G067_21-11-11.wav,INSECT,0.0,4944.206,5.0,43124.46,G067_20211111_070000.WAV,5.0
G067_21-11-11.wav,AVEVOC,0.0,1267.0635,5.0,8515.021,G067_20211111_070000.WAV,5.0
G067_21-11-11.wav,INSECT,0.0,5493.562,5.0,62489.273,G067_20211111_123000.WAV,5.0
G067_21-11-11.wav,AVEVOC,0.0,2060.086,5.0,11673.819,G067_20211111_123000.WAV,5.0
G067_21-11-11.wav,INSECT,0.0,6042.918,5.0,44772.53,G067_20211111_150000.WAV,5.0
G067_21-11-11.wav,TRAMOT,0.0,425.01483,5.0,4669.528,G067_20211111_150000.WAV,5.0
G067_21-11-11.wav,AVEVOC,2.0,3433.4766,5.0,20875.537,G067_20211111_150000.WAV,3.0
G067_21-11-11.wav,INSECT,0.0,2334.764,5.0,40515.02,G067_20211111_213000.WAV,5.0
G067_21-11-11.wav,HERPET,0.0,1785.4078,5.0,7416.3096,G067_20211111_213000.WAV,5.0
G068_21-11-12.wav,INSECT,0.0,2988.327,5.0,37354.086,G068_20211112_050000.WAV,5.0
G068_21-11-12.wav,NYCALB,0.0,345.54037,5.0,2765.3076,G068_20211112_050000.WAV,5.0
G068_21-11-12.wav,MURCIE,0.0,39968.87,5.0,53416.34,G068_20211112_053000.WAV,5.0
G068_21-11-12.wav,TRAMOT,0.0,260.36215,5.0,35486.38,G068_20211112_083000.WAV,5.0
G068_21-11-12.wav,MURCIE,0.0,40529.184,4.0,55470.816,G068_20211112_190000.WAV,4.0
G068_21-11-12.wav,HERPET,0.0,355.70703,5.0,4538.9697,G068_20211112_210000.WAV,5.0
G068_21-11-12.wav,INDETE,0.0,16622.568,5.0,73961.086,G068_20211112_220000.WAV,5.0
G068_21-11-12.wav,INSECT,0.0,2801.5564,5.0,39595.332,G068_20211112_233000.WAV,5.0
G068_21-11-15.wav,MURCIE,0.0,40179.37,5.0,53094.17,G068_20211115_053000.WAV,5.0
G068_21-11-15.wav,MURCIE,0.0,26977.578,5.0,50080.72,G068_20211115_180000.WAV,5.0
G068_21-11-15.wav,MURCIE,0.0,36304.934,5.0,51802.688,G068_20211115_183000.WAV,5.0
G068_21-11-15.wav,INSECT,0.0,3300.4485,5.0,55533.633,G068_20211115_190000.WAV,5.0
G069_21-11-12.wav,INSECT,0.0,2606.335,5.0,33013.574,G069_20211112_000000.WAV,5.0
G069_21-11-12.wav,MURCIE,0.0,37357.465,5.0,59076.926,G069_20211112_053000.WAV,5.0
G069_21-11-12.wav,INSECT,0.0,4343.8916,5.0,41701.36,G069_20211112_123000.WAV,5.0
G069_21-11-12.wav,INSECT,0.0,3475.1133,5.0,46479.637,G069_20211112_173000.WAV,5.0
G070_21-11-10.wav,INSECT,0.0,1505.8557,5.0,61757.96,G070_20211110_000000.WAV,5.0
G070_21-11-10.wav,TRAMOT,2.0,-1.0,5.0,28942.674,G070_20211110_103000.WAV,3.0
G070_21-11-10.wav,INSECT,0.0,3057.325,5.0,62573.25,G070_20211110_180000.WAV,5.0
G070_21-11-10.wav,MURCIE,0.0,21111.416,5.0,42210.844,G070_20211110_180000.WAV,5.0
G070_21-11-12.wav,MURCIE,0.0,50098.36,5.0,84196.73,G070_20211112_043000.WAV,5.0
G070_21-11-12.wav,INSECT,0.0,3672.131,5.0,13639.345,G070_20211112_073000.WAV,5.0
G070_21-11-12.wav,AVEVOC,0.0,1398.1334,5.0,12630.998,G070_20211112_073000.WAV,5.0
G070_21-11-12.wav,INSECT,0.0,3147.5408,5.0,75016.39,G070_20211112_170000.WAV,5.0
G070_21-11-12.wav,MURCIE,0.0,24164.748,5.0,45951.74,G070_20211112_180000.WAV,5.0
G070_21-11-12.wav,INSECT,0.0,3672.131,6.0,76327.87,G070_20211112_183000.WAV,6.0
G070_21-11-12.wav,INSECT,0.0,3409.8362,5.0,85245.9,G070_20211112_200000.WAV,5.0
G070_21-11-13.wav,INSECT,0.0,1530.2383,5.0,28574.412,G070_20211113_050000.WAV,5.0
G070_21-11-13.wav,MURCIE,3.0,28073.107,5.0,50882.508,G070_20211113_050000.WAV,2.0
G070_21-11-13.wav,MURCIE,0.0,26067.885,5.0,54642.3,G070_20211113_180000.WAV,5.0
G070_21-11-13.wav,INSECT,0.0,2757.1802,5.0,77201.04,G070_20211113_210000.WAV,5.0
G071_21-11-12.wav,MURCIE,0.0,23189.611,5.0,39896.105,G071_20211112_053000.WAV,5.0
G071_21-11-12.wav,MURCIE,0.0,12417.911,5.0,50626.867,G071_20211112_180000.WAV,5.0
G071_21-11-13.wav,INSECT,0.0,26880.0,5.0,57792.0,G071_20211113_160000.WAV,5.0
G071_21-11-13.wav,MURCIE,0.0,16896.0,5.0,49920.0,G071_20211113_180000.WAV,5.0
G071_21-11-13.wav,INSECT,0.0,3508.2344,5.0,28232.934,G071_20211113_210000.WAV,5.0
G071_21-11-14.wav,LLUVIA,0.0,-1.0,5.0,67132.87,G071_20211114_003000.WAV,5.0
G071_21-11-14.wav,LLUVIA,0.0,-1.0,5.0,77874.125,G071_20211114_010000.WAV,5.0
G071_21-11-14.wav,MURCIE,0.0,22305.238,5.0,51170.844,G071_20211114_053000.WAV,5.0
G071_21-11-14.wav,MURCIE,0.0,27990.889,5.0,48984.055,G071_20211114_180000.WAV,5.0
G071_21-11-15.wav,MURCIE,0.0,27257.143,5.0,48342.86,G071_20211115_180000.WAV,5.0
G071_21-11-15.wav,INSECT,0.0,20742.857,5.0,67200.0,G071_20211115_230000.WAV,5.0
G071_21-11-16.wav,MURCIE,0.0,17529.244,5.0,46699.0,G071_20211116_180000.WAV,5.0
G071_21-11-16.wav,INSECT,0.0,3560.628,5.0,39303.85,G071_20211116_183000.WAV,5.0
G071_21-11-16.wav,INSECT,0.0,3012.8389,5.0,40262.484,G071_20211116_190000.WAV,5.0
G071_21-11-16.wav,INSECT,0.0,3423.6804,5.0,35469.33,G071_20211116_200000.WAV,5.0
G071_21-11-16.wav,INSECT,0.0,2738.9443,5.0,37934.38,G071_20211116_230000.WAV,5.0
G072_21-11-08.wav,INSECT,0.0,3036.4963,5.0,52321.168,G072_20211108_010000.WAV,5.0
G072_21-11-08.wav,LLUVIA,0.0,-1.0,5.0,56525.547,G072_20211108_023000.WAV,5.0
G072_21-11-08.wav,LLUVIA,0.0,-1.0,5.0,56525.547,G072_20211108_030000.WAV,5.0
G072_21-11-08.wav,MURCIE,0.0,43474.15,5.0,50239.816,G072_20211108_060000.WAV,5.0
G072_21-11-08.wav,INSECT,0.0,2802.9197,5.0,56759.125,G072_20211108_160000.WAV,5.0
G072_21-11-08.wav,MURCIE,2.0,29897.81,5.0,51620.438,G072_20211108_180000.WAV,3.0
G072_21-11-08.wav,MURCIE,0.0,3270.073,5.0,72408.76,G072_20211108_223000.WAV,5.0
G072_21-11-09.wav,LLUVIA,0.0,-1.0,5.0,50258.824,G072_20211109_060000.WAV,5.0
G072_21-11-09.wav,LLUVIA,0.0,-1.0,5.0,71341.17,G072_20211109_073000.WAV,5.0
G072_21-11-09.wav,MURCIE,0.0,29552.941,5.0,47435.293,G072_20211109_180000.WAV,5.0
G072_21-11-09.wav,INSECT,0.0,25035.295,5.0,44611.766,G072_20211109_200000.WAV,5.0
G074_21-11-07.wav,INDETE,0.0,-1.0,5.0,4651.163,G074_20211107_003000.WAV,5.0
G074_21-11-07.wav,INSECT,0.0,36837.21,5.0,46697.67,G074_20211107_003000.WAV,5.0
G074_21-11-07.wav,MURCIE,0.0,17302.326,5.0,34790.695,G074_20211107_180000.WAV,5.0
G074_21-11-07.wav,MURCIE,0.0,32930.234,5.0,50418.605,G074_20211107_230000.WAV,5.0
G074_21-11-08.wav,LLUVIA,0.0,23.185629,5.0,88186.05,G074_20211108_030000.WAV,5.0
G074_21-11-08.wav,LLUVIA,0.0,-1.0,5.0,73227.91,G074_20211108_060000.WAV,5.0
G074_21-11-08.wav,MURCIE,0.0,12055.814,5.0,46213.953,G074_20211108_180000.WAV,5.0
G074_21-11-08.wav,MURCIE,0.0,16967.443,5.0,32818.605,G074_20211108_183000.WAV,5.0
G074_21-11-08.wav,INSECT,0.0,31925.58,5.0,53804.65,G074_20211108_190000.WAV,5.0
G074_21-11-08.wav,LLUVIA,0.0,-1.0,5.0,67423.26,G074_20211108_220000.WAV,5.0
G074_21-11-08.wav,LLUVIA,0.0,-1.0,5.0,65190.695,G074_20211108_223000.WAV,5.0
G074_21-11-11.wav,AVEVOC,0.0,267.49265,5.0,13469.934,G074_20211111_160000.WAV,5.0
G074_21-11-11.wav,INSECT,0.0,36129.168,5.0,49021.54,G074_20211111_220000.WAV,5.0
G074_21-11-11.wav,MURCIE,0.0,14325.168,5.0,29291.76,G074_20211111_223000.WAV,5.0
G074_21-11-11.wav,MURCIE,0.0,11759.465,5.0,27795.102,G074_20211111_230000.WAV,5.0
G075_21-11-14.wav,LLUVIA,0.0,-1.0,5.0,45425.29,G075_20211114_003000.WAV,5.0
G075_21-11-14.wav,LLUVIA,0.0,-1.0,5.0,47080.457,G075_20211114_013000.WAV,5.0
G075_21-11-15.wav,INSECT,0.0,3414.226,5.0,47397.49,G075_20211115_023000.WAV,5.0
G075_21-11-15.wav,MURCIE,0.0,15866.109,5.0,32133.89,G075_20211115_203000.WAV,5.0
G075_21-11-16.wav,LLUVIA,0.0,-1.0,5.0,50782.61,G075_20211116_030000.WAV,5.0
G075_21-11-16.wav,LLUVIA,0.0,-1.0,5.0,59826.086,G075_20211116_060000.WAV,5.0
G075_21-11-16.wav,MURCIE,0.0,14840.579,5.0,26434.781,G075_20211116_200000.WAV,5.0
G076_21-11-05.wav,LLUVIA,0.0,1.218134,5.0,73641.02,G076_20211105_003000.WAV,5.0
G076_21-11-05.wav,LLUVIA,0.0,-1.0,5.0,55794.875,G076_20211105_023000.WAV,5.0
G076_21-11-05.wav,LLUVIA,0.0,-1.0,5.0,55589.746,G076_20211105_030000.WAV,5.0
G076_21-11-05.wav,SENSAT,0.0,4512.821,5.0,60923.074,G076_20211105_190000.WAV,5.0
G076_21-11-05.wav,INSECT,0.0,3282.0515,5.0,56410.258,G076_20211105_193000.WAV,5.0
G076_21-11-05.wav,MURCIE,4.9,35894.63,10.0,41867.496,G076_20211105_220000.WAV,5.1
G076_21-11-05.wav,MURCIE,0.0,36102.566,5.0,45538.46,G076_20211105_233000.WAV,5.0
G076_21-11-08.wav,LLUVIA,0.0,-1.0,5.0,46844.64,G076_20211108_020000.WAV,5.0
G076_21-11-08.wav,LLUVIA,0.0,-1.0,5.0,41592.996,G076_20211108_050000.WAV,5.0
G076_21-11-08.wav,MURCIE,0.0,23527.352,5.0,44533.918,G076_20211108_180000.WAV,5.0
G076_21-11-08.wav,SENSAT,0.0,4411.3784,5.0,54196.938,G076_20211108_233000.WAV,5.0
G076_21-11-09.wav,LLUVIA,0.0,-1.0,-5.0,44945.453,G076_20211109_053000.WAV,-5.0
G076_21-11-09.wav,MURCIE,0.0,24519.482,5.0,41558.44,G076_20211109_180000.WAV,5.0
G077_21-11-09.wav,LLUVIA,0.0,-1.0,5.0,65503.355,G077_20211109_050000.WAV,5.0
G077_21-11-09.wav,LLUVIA,0.0,-1.0,5.0,73449.664,G077_20211109_060000.WAV,5.0
G077_21-11-09.wav,LLUVIA,0.0,-1.0,5.0,75812.08,G077_20211109_070000.WAV,5.0
G077_21-11-09.wav,INSECT,0.0,1834.0088,5.0,43382.55,G077_20211109_203000.WAV,5.0
G077_21-11-11.wav,INSECT,0.0,2638.4778,5.0,49725.156,G077_20211111_040000.WAV,5.0
G077_21-11-11.wav,MURCIE,0.0,23058.389,5.0,33954.33,G077_20211111_053000.WAV,5.0
G077_21-11-11.wav,MURCIE,0.0,40997.887,5.0,53987.312,G077_20211111_173000.WAV,5.0
G077_21-11-11.wav,INSECT,0.0,1865.7167,5.0,66976.74,G077_20211111_203000.WAV,5.0
G077_21-11-11.wav,INSECT,0.0,2841.4377,5.0,51957.715,G077_20211111_210000.WAV,5.0
G077_21-11-12.wav,MURCIE,0.0,40790.516,5.0,51415.02,G077_20211112_053000.WAV,5.0
G077_21-11-12.wav,PULSOS,0.0,-1.0,5.0,56347.824,G077_20211112_093000.WAV,5.0
G077_21-11-12.wav,PULSOS,0.0,-1.0,5.0,43636.363,G077_20211112_103000.WAV,5.0
G077_21-11-12.wav,PULSOS,0.0,-1.0,5.0,44584.98,G077_20211112_203000.WAV,5.0
G078_21-11-12.wav,INSECT,0.0,3490.909,5.0,35490.91,G078_20211112_033000.WAV,5.0
G078_21-11-12.wav,INSECT,0.0,10084.849,5.0,55272.727,G078_20211112_143000.WAV,5.0
G078_21-11-14.wav,LLUVIA,0.0,-1.0,5.0,72711.586,G078_20211114_003000.WAV,5.0
G078_21-11-14.wav,LLUVIA,0.0,-1.0,5.0,78663.07,G078_20211114_010000.WAV,5.0
G078_21-11-14.wav,LLUVIA,0.0,-1.0,5.0,72970.35,G078_20211114_013000.WAV,5.0
G078_21-11-14.wav,MURCIE,0.0,37778.977,5.0,54080.863,G078_20211114_053000.WAV,5.0
G078_21-11-14.wav,INSECT,0.0,5175.202,5.0,67018.87,G078_20211114_070000.WAV,5.0
G078_21-11-14.wav,INSECT,0.0,10867.925,5.0,77110.516,G078_20211114_130000.WAV,5.0
G078_21-11-14.wav,INSECT,0.0,7245.283,5.0,76592.99,G078_20211114_153000.WAV,5.0
G078_21-11-14.wav,MURCIE,0.0,17336.928,5.0,30016.174,G078_20211114_180000.WAV,5.0
G078_21-11-14.wav,MURCIE,0.0,36743.934,5.0,48388.137,G078_20211114_183000.WAV,5.0
G079_21-11-07.wav,ALTVOZ,0.0,-1.0,5.0,3742.3728,G079_20211107_020000.WAV,5.0
G079_21-11-07.wav,INSECT,0.0,3579.6611,5.0,47349.152,G079_20211107_020000.WAV,5.0
G079_21-11-07.wav,INSECT,0.0,6183.0513,5.0,43932.203,G079_20211107_083000.WAV,5.0
G079_21-11-07.wav,AVEVOC,0.0,1789.8306,5.0,11552.542,G079_20211107_083000.WAV,5.0
G079_21-11-07.wav,ALTVOZ,0.0,-1.0,5.0,7647.458,G079_20211107_083000.WAV,5.0
G079_21-11-07.wav,ALTVOZ,0.0,-1.0,5.0,4718.644,G079_20211107_103000.WAV,5.0
G079_21-11-07.wav,INSECT,0.0,4555.932,5.0,55972.883,G079_20211107_180000.WAV,5.0
G079_21-11-07.wav,ALTVOZ,0.0,-1.0,5.0,3416.949,G079_20211107_180000.WAV,5.0
G079_21-11-08.wav,LLUVIA,0.0,-1.0,5.0,53269.46,G079_20211108_020000.WAV,5.0
G079_21-11-08.wav,LLUVIA,0.0,-1.0,5.0,53269.46,G079_20211108_033000.WAV,5.0
G079_21-11-08.wav,MURCIE,0.0,50203.594,5.0,61508.984,G079_20211108_213000.WAV,5.0
G081_21-11-10.wav,MURCIE,0.0,28819.459,5.0,43550.543,G081_20211110_010000.WAV,5.0
G081_21-11-10.wav,INSECT,0.0,3354.8386,5.0,57032.26,G081_20211110_173000.WAV,5.0
G081_21-11-10.wav,MURCIE,0.0,34838.71,5.0,45677.418,G081_20211110_183000.WAV,5.0
G082_21-11-06.wav,INSECT,0.0,2685.3147,5.0,41286.71,G082_20211106_040000.WAV,5.0
G082_21-11-06.wav,MURCIE,0.0,36923.08,5.0,52363.637,G082_20211106_173000.WAV,5.0
G082_21-11-06.wav,MURCIE,0.0,25006.994,5.0,42965.035,G082_20211106_180000.WAV,5.0
G082_21-11-08.wav,LLUVIA,0.0,-1.0,5.0,60952.383,G082_20211108_020000.WAV,5.0
G082_21-11-08.wav,LLUVIA,0.0,-1.0,5.0,65777.78,G082_20211108_030000.WAV,5.0
G082_21-11-08.wav,LLUVIA,0.0,-1.0,5.0,67047.62,G082_20211108_053000.WAV,5.0
G082_21-11-08.wav,LLUVIA,0.0,-1.0,5.0,51301.586,G082_20211108_060000.WAV,5.0
G082_21-11-08.wav,MURCIE?,0.0,15306.759,5.0,25954.94,G082_20211108_200000.WAV,5.0
G082_21-11-08.wav,INSECT,0.0,2662.0452,5.0,43424.61,G082_20211108_200000.WAV,5.0
G083_21-11-09.wav,INSECT,0.0,2437.5,5.0,43312.5,G083_20211109_040000.WAV,5.0
G083_21-11-09.wav,LLUVIA,0.0,-1.0,5.0,43875.0,G083_20211109_050000.WAV,5.0
G083_21-11-09.wav,LLUVIA,0.0,-1.0,5.0,46125.0,G083_20211109_060000.WAV,5.0
G083_21-11-09.wav,LLUVIA,0.0,-1.0,5.0,47812.5,G083_20211109_070000.WAV,5.0
G083_21-11-09.wav,LLUVIA,0.0,-1.0,5.0,45375.0,G083_20211109_073000.WAV,5.0
G083_21-11-10.wav,INSECT,0.0,2688.6326,5.0,49344.316,G083_20211110_033000.WAV,5.0
G083_21-11-10.wav,LLUVIA,0.0,1739.7035,6.0,47604.613,G083_20211110_043000.WAV,6.0
G083_21-11-10.wav,AVEVOC,0.0,-1.0,5.0,15499.177,G083_20211110_083000.WAV,5.0
G083_21-11-10.wav,INSECT,0.0,3163.0972,5.0,30840.197,G083_20211110_200000.WAV,5.0
G083_21-11-13.wav,MURCIE,0.0,58316.023,5.0,63061.715,G083_20211113_003000.WAV,5.0
G083_21-11-13.wav,MURCIE,0.0,35728.695,5.0,46413.91,G083_20211113_053000.WAV,5.0
G083_21-11-13.wav,MURCIE,0.0,41906.086,5.0,50587.824,G083_20211113_173000.WAV,5.0
G083_21-11-13.wav,INSECT,0.0,2638.9536,5.0,51842.613,G083_20211113_220000.WAV,5.0
G084_21-11-11.wav,INSECT,0.0,1750.4585,5.0,54811.152,G084_20211111_023000.WAV,5.0
G084_21-11-11.wav,AVEVOC,0.0,14834.813,3.0,14834.813,G084_20211111_070000.WAV,3.0
G084_21-11-14.wav,LLUVIA,0.0,-1.0,5.0,63597.844,G084_20211114_003000.WAV,5.0
G084_21-11-14.wav,LLUVIA,0.0,-1.0,5.0,54118.492,G084_20211114_010000.WAV,5.0
G084_21-11-14.wav,LLUVIA,0.0,-1.0,5.0,63425.492,G084_20211114_013000.WAV,5.0
G084_21-11-14.wav,LLUVIA,0.0,-1.0,5.0,47224.418,G084_20211114_020000.WAV,5.0
G084_21-11-14.wav,AVEVOC,0.0,340.52225,5.0,39123.875,G084_20211114_070000.WAV,5.0
G084_21-11-14.wav,MURCIE,0.0,18259.387,5.0,26088.502,G084_20211114_213000.WAV,5.0
G084_21-11-14.wav,INSECT,0.0,2240.5745,5.0,43605.027,G084_20211114_233000.WAV,5.0
G085_21-11-06.wav,INSECT,0.0,2082.4294,5.0,41232.105,G085_20211106_003000.WAV,5.0
G085_21-11-06.wav,MURCIE,0.0,24989.152,5.0,46021.69,G085_20211106_183000.WAV,5.0
G085_21-11-08.wav,LLUVIA,0.0,-1.0,5.0,33059.605,G085_20211108_020000.WAV,5.0
G085_21-11-08.wav,TRAMOT,0.0,-1.0,5.0,5509.934,G085_20211108_150000.WAV,5.0
G085_21-11-08.wav,AVEVOC,0.0,790.99023,4.0,3391.952,G085_20211108_180000.WAV,4.0
G085_21-11-08.wav,INSECT,0.0,2331.126,5.0,37086.094,G085_20211108_183000.WAV,5.0
G085_21-11-09.wav,LLUVIA,0.0,-1.0,5.0,45254.438,G085_20211109_030000.WAV,5.0
G085_21-11-09.wav,LLUVIA,0.0,-1.0,5.0,45254.438,G085_20211109_053000.WAV,5.0
G085_21-11-09.wav,LLUVIA,0.0,-1.0,5.0,45254.438,G085_20211109_060000.WAV,5.0
G085_21-11-09.wav,LLUVIA,0.0,-1.0,5.0,45254.438,G085_20211109_063000.WAV,5.0
G085_21-11-09.wav,LLUVIA,0.0,-1.0,5.0,45254.438,G085_20211109_070000.WAV,5.0
G085_21-11-09.wav,LLUVIA,0.0,-1.0,5.0,45254.438,G085_20211109_073000.WAV,5.0
G085_21-11-09.wav,LLUVIA,0.0,-1.0,5.0,45254.438,G085_20211109_080000.WAV,5.0
G085_21-11-09.wav,AVEVOC,0.0,3597.633,5.0,23668.639,G085_20211109_113000.WAV,5.0
G085_21-11-09.wav,TYRMEL,0.0,2976.4092,5.0,16094.675,G085_20211109_150000.WAV,5.0
G085_21-11-09.wav,INSECT,0.0,1591.1621,5.0,30106.51,G085_20211109_183000.WAV,5.0
G085_21-11-10.wav,AVEVOC,0.0,-1.0,5.0,29052.633,G085_20211110_143000.WAV,5.0
G085_21-11-10.wav,LLUVIA,0.0,-1.0,5.0,29052.633,G085_20211110_163000.WAV,5.0
G086_21-11-13.wav,SENSAT,0.0,12083.917,5.0,12083.917,G086_20211113_033000.WAV,5.0
G086_21-11-13.wav,MURCIE,0.0,30605.941,5.0,63873.27,G086_20211113_180000.WAV,5.0
G086_21-11-13.wav,MURCIE,0.0,28134.652,5.0,53988.12,G086_20211113_210000.WAV,5.0
G086_21-11-13.wav,INDETE,0.0,14067.326,5.0,51897.027,G086_20211113_230000.WAV,5.0
G087_21-11-08.wav,LLUVIA,0.0,32833.88,5.0,32833.88,G087_20211108_023000.WAV,5.0
G087_21-11-08.wav,LLUVIA,0.0,32833.88,5.0,32833.88,G087_20211108_030000.WAV,5.0
G087_21-11-08.wav,LLUVIA,0.0,32833.88,5.0,32833.88,G087_20211108_033000.WAV,5.0
G087_21-11-08.wav,LLUVIA,0.0,32833.88,5.0,32833.88,G087_20211108_060000.WAV,5.0
G087_21-11-08.wav,LLUVIA,0.0,32833.88,5.0,32833.88,G087_20211108_063000.WAV,5.0
G087_21-11-08.wav,MURCIE,0.0,42943.723,6.0,52640.695,G087_20211108_173000.WAV,6.0
G087_21-11-08.wav,INSECT,0.0,3736.302,5.0,43636.363,G087_20211108_190000.WAV,5.0
G087_21-11-08.wav,LLUVIA,0.0,32833.88,5.0,32833.88,G087_20211108_220000.WAV,5.0
G087_21-11-08.wav,INSECT,0.0,2909.091,5.0,44606.06,G087_20211108_233000.WAV,5.0
G088_21-11-09.wav,SENSAT,0.0,23568.863,5.0,23568.863,G088_20211109_010000.WAV,5.0
G088_21-11-09.wav,LLUVIA,0.0,23568.863,5.0,23568.863,G088_20211109_060000.WAV,5.0
G088_21-11-09.wav,LLUVIA,0.0,23568.863,5.0,23568.863,G088_20211109_063000.WAV,5.0
G088_21-11-09.wav,LLUVIA,0.0,23568.863,5.0,23568.863,G088_20211109_070000.WAV,5.0
G088_21-11-09.wav,INSECT,0.0,6898.2036,5.0,58634.73,G088_20211109_130000.WAV,5.0
G088_21-11-09.wav,SENSAT,0.0,6898.2036,5.0,58634.73,G088_20211109_230000.WAV,5.0
G088_21-11-10.wav,PULSOS,0.0,20295.984,5.0,20295.984,G088_20211110_110000.WAV,5.0
G088_21-11-10.wav,PULSOS,0.0,20295.984,5.0,20295.984,G088_20211110_113000.WAV,5.0
G088_21-11-10.wav,PULSOS,0.0,20295.984,5.0,20295.984,G088_20211110_123000.WAV,5.0
G088_21-11-10.wav,INSECT,0.0,7509.5137,5.0,48710.36,G088_20211110_160000.WAV,5.0
G088_21-11-10.wav,MURCIE,0.0,28211.418,5.0,41606.766,G088_20211110_180000.WAV,5.0
G088_21-11-10.wav,MURCIE,0.0,30127.902,5.0,51348.84,G088_20211110_210000.WAV,5.0
G089_21-11-05.wav,LLUVIA,0.0,35109.977,5.0,35109.977,G089_20211105_003000.WAV,5.0
G089_21-11-05.wav,LLUVIA,0.0,35109.977,5.0,35109.977,G089_20211105_010000.WAV,5.0
G089_21-11-05.wav,LLUVIA,0.0,35109.977,5.0,35109.977,G089_20211105_030000.WAV,5.0
G089_21-11-05.wav,LLUVIA,0.0,35109.977,5.0,35109.977,G089_20211105_033000.WAV,5.0
G089_21-11-05.wav,LLUVIA,0.0,35109.977,5.0,35109.977,G089_20211105_040000.WAV,5.0
G089_21-11-05.wav,LLUVIA,0.0,35109.977,5.0,35109.977,G089_20211105_043000.WAV,5.0
G089_21-11-05.wav,LLUVIA,0.0,35109.977,5.0,35109.977,G089_20211105_050000.WAV,5.0
G089_21-11-05.wav,PULSOS,0.0,35109.977,5.0,35109.977,G089_20211105_123000.WAV,5.0
G089_21-11-05.wav,INSECT,0.0,3682.8643,5.0,37565.22,G089_20211105_173000.WAV,5.0
G089_21-11-06.wav,PULSOS,0.0,33625.668,5.0,33625.668,G089_20211106_090000.WAV,5.0
G089_21-11-06.wav,PULSOS,0.0,33625.668,5.0,33625.668,G089_20211106_093000.WAV,5.0
G089_21-11-06.wav,PULSOS,0.0,33625.668,5.0,33625.668,G089_20211106_100000.WAV,5.0
G089_21-11-06.wav,PULSOS,0.0,33625.668,5.0,33625.668,G089_20211106_103000.WAV,5.0
G089_21-11-06.wav,PULSOS,0.0,33625.668,5.0,33625.668,G089_20211106_110000.WAV,5.0
G089_21-11-06.wav,INSECT,0.0,3336.8984,5.0,48256.684,G089_20211106_150000.WAV,5.0
G089_21-11-06.wav,MURCIE,0.0,26681.744,5.0,57754.01,G089_20211106_180000.WAV,5.0
G089_21-11-06.wav,MURCIE?,0.0,24128.342,5.0,24128.342,G089_20211106_210000.WAV,5.0
G089_21-11-07.wav,INSECT,0.0,3517.2415,5.0,51931.035,G089_20211107_003000.WAV,5.0
G089_21-11-07.wav,MURCIE,0.0,29172.414,5.0,52551.723,G089_20211107_180000.WAV,5.0
G089_21-11-08.wav,LLUVIA,0.0,36742.965,5.0,36742.965,G089_20211108_023000.WAV,5.0
G089_21-11-08.wav,LLUVIA,0.0,36742.965,5.0,36742.965,G089_20211108_030000.WAV,5.0
G089_21-11-08.wav,LLUVIA,0.0,36742.965,5.0,36742.965,G089_20211108_033000.WAV,5.0
G089_21-11-08.wav,LLUVIA,0.0,36742.965,5.0,36742.965,G089_20211108_040000.WAV,5.0
G089_21-11-08.wav,LLUVIA,0.0,36742.965,5.0,36742.965,G089_20211108_043000.WAV,5.0
G089_21-11-08.wav,LLUVIA,0.0,36742.965,5.0,36742.965,G089_20211108_050000.WAV,5.0
G089_21-11-08.wav,LLUVIA,0.0,36742.965,5.0,36742.965,G089_20211108_053000.WAV,5.0
G089_21-11-08.wav,LLUVIA,0.0,36742.965,5.0,36742.965,G089_20211108_060000.WAV,5.0
G089_21-11-08.wav,INSECT,0.0,3061.9136,5.0,33681.05,G089_20211108_180000.WAV,5.0
G089_21-11-08.wav,INSECT,0.0,3061.9136,5.0,33681.05,G089_20211108_183000.WAV,5.0
G089_21-11-08.wav,INSECT,0.0,3061.9136,5.0,33681.05,G089_20211108_190000.WAV,5.0
G090_21-11-10.wav,MURCIE,0.0,23547.17,5.0,39486.793,G090_20211110_180000.WAV,5.0
G090_21-11-10.wav,MURCIE,0.0,14128.302,5.0,56332.08,G090_20211110_183000.WAV,5.0
G090_21-11-10.wav,INSECT,0.0,2354.717,5.0,55245.28,G090_20211110_200000.WAV,5.0
G090_21-11-14.wav,MURCIE,0.0,22553.016,5.0,40515.594,G090_20211114_053000.WAV,5.0
G090_21-11-14.wav,MURCIE,0.0,43708.94,5.0,64864.867,G090_20211114_183000.WAV,5.0
G090_21-11-14.wav,MURCIE,0.0,39717.254,5.0,54686.074,G090_20211114_190000.WAV,5.0
G090_21-11-14.wav,INSECT,0.0,2993.763,5.0,42112.266,G090_20211114_193000.WAV,5.0
G090_21-11-14.wav,INSECT,0.0,2395.0105,5.0,37322.246,G090_20211114_220000.WAV,5.0
G091_21-11-06.wav,SENSAT,0.0,6977.9736,5.0,43559.473,G091_20211106_010000.WAV,5.0
G091_21-11-06.wav,INSECT,0.0,6977.9736,5.0,43559.473,G091_20211106_143000.WAV,5.0
G091_21-11-06.wav,MURCIE,0.0,27066.078,5.0,45885.465,G091_20211106_180000.WAV,5.0
G091_21-11-06.wav,SENSAT,0.0,29814.979,5.0,29814.979,G091_20211106_190000.WAV,5.0
G091_21-11-06.wav,INSECT,0.0,2960.3525,5.0,34044.055,G091_20211106_213000.WAV,5.0
G091_21-11-07.wav,SENSAT,0.0,2027.1494,5.0,51547.516,G091_20211107_020000.WAV,5.0
G091_21-11-07.wav,INSECT,0.0,2027.1494,5.0,45610.86,G091_20211107_033000.WAV,5.0
G091_21-11-07.wav,CAMGRY,0.0,429.76038,5.0,4806.3643,G091_20211107_053000.WAV,5.0
G091_21-11-07.wav,INSECT,0.0,2751.1313,5.0,49375.57,G091_20211107_053000.WAV,5.0
G091_21-11-07.wav,HERPET,0.0,29.300776,5.0,1115.7772,G091_20211107_180000.WAV,5.0
G091_21-11-07.wav,MURCIE,0.0,25918.553,5.0,50099.55,G091_20211107_180000.WAV,5.0
G092_21-11-10.wav,AVEVOC,0.0,2307.0298,5.0,13457.676,G092_20211110_073000.WAV,5.0
G092_21-11-10.wav,SILENC,0.0,19744.68,5.0,19744.68,G092_20211110_140000.WAV,5.0
G092_21-11-10.wav,SILENC,0.0,19744.68,5.0,19744.68,G092_20211110_143000.WAV,5.0
G092_21-11-10.wav,MURCIE,0.0,14297.872,5.0,30865.248,G092_20211110_193000.WAV,5.0
G092_21-11-10.wav,MURCIE,0.0,14524.822,5.0,31092.2,G092_20211110_213000.WAV,5.0
G092_21-11-10.wav,MURCIE,0.0,14524.822,5.0,31092.2,G092_20211110_220000.WAV,5.0
G092_21-11-11.wav,MURCIE,0.0,13455.525,5.0,32603.773,G092_20211111_003000.WAV,5.0
G092_21-11-11.wav,MURCIE,0.0,13455.525,5.0,32603.773,G092_20211111_020000.WAV,5.0
G092_21-11-11.wav,INSECT,0.0,2702.8296,5.0,38555.258,G092_20211111_030000.WAV,5.0
G092_21-11-11.wav,MURCIE,0.0,24582.209,5.0,57962.266,G092_20211111_180000.WAV,5.0
G092_21-11-11.wav,MURCIE,0.0,26274.738,5.0,77169.7,G092_20211111_183000.WAV,5.0
G092_21-11-11.wav,MURCIE,0.0,13811.93,5.0,27428.572,G092_20211111_213000.WAV,5.0
G092_21-11-11.wav,MURCIE,0.0,30124.432,5.0,59822.934,G092_20211111_230000.WAV,5.0
G092_21-11-11.wav,INSECT,0.0,2511.48,5.0,52727.746,G092_20211111_233000.WAV,5.0
G092_21-11-12.wav,MURCIE,0.0,13974.684,5.0,37265.824,G092_20211112_000000.WAV,5.0
G092_21-11-12.wav,PULSOS,0.0,-1.0,5.0,38988.504,G092_20211112_073000.WAV,5.0
G092_21-11-12.wav,PULSOS,0.0,-1.0,5.0,38988.504,G092_20211112_080000.WAV,5.0
G092_21-11-12.wav,MURCIE,0.0,26482.758,5.0,60689.656,G092_20211112_190000.WAV,5.0
G092_21-11-12.wav,MURCIE?,0.0,18430.379,5.0,26329.113,G092_20211112_223000.WAV,5.0
G092_21-11-13.wav,INSECT,0.0,2051.026,5.0,50943.4,G092_20211113_173000.WAV,5.0
G092_21-11-13.wav,MURCIE,0.0,27410.646,5.0,55822.254,G092_20211113_180000.WAV,5.0
G092_21-11-13.wav,MURCIE,0.0,13854.51,5.0,28214.947,G092_20211113_213000.WAV,5.0
G092_21-11-13.wav,MURCIE,0.0,13132.075,5.0,40301.887,G092_20211113_220000.WAV,5.0
G092_21-11-14.wav,LLUVIA,0.0,-1.0,5.0,51750.0,G092_20211114_003000.WAV,5.0
G092_21-11-14.wav,LLUVIA,0.0,-1.0,5.0,51750.0,G092_20211114_010000.WAV,5.0
G092_21-11-14.wav,LLUVIA,0.0,-1.0,5.0,51750.0,G092_20211114_013000.WAV,5.0
G092_21-11-14.wav,LLUVIA,0.0,-1.0,5.0,51750.0,G092_20211114_023000.WAV,5.0
G092_21-11-14.wav,MURCIE,0.0,20000.0,5.0,44000.0,G092_20211114_053000.WAV,5.0
G092_21-11-14.wav,MURCIE,0.0,10250.0,5.0,59500.0,G092_20211114_180000.WAV,5.0
G092_21-11-14.wav,MURCIE,0.0,41171.133,5.0,64725.773,G092_20211114_193000.WAV,5.0
G092_21-11-14.wav,MURCIE?,0.0,17416.709,5.0,28305.156,G092_20211114_210000.WAV,5.0
G092_21-11-14.wav,MURCIE?,0.0,15439.176,5.0,29294.846,G092_20211114_230000.WAV,5.0
G092_21-11-14.wav,MURCIE,0.0,15439.176,5.0,29294.846,G092_20211114_233000.WAV,5.0
G093_21-11-06.wav,INSECT,0.0,3200.0002,5.0,51446.152,G093_20211106_040000.WAV,5.0
G093_21-11-06.wav,INSECT,0.0,2953.8462,5.0,50215.387,G093_20211106_210000.WAV,5.0
G093_21-11-08.wav,LLUVIA,0.0,-1.0,5.0,46010.363,G093_20211108_013000.WAV,5.0
G093_21-11-08.wav,LLUVIA,0.0,-1.0,5.0,46010.363,G093_20211108_023000.WAV,5.0
G093_21-11-08.wav,LLUVIA,0.0,-1.0,5.0,46010.363,G093_20211108_030000.WAV,5.0
G093_21-11-08.wav,LLUVIA,0.0,-1.0,5.0,46010.363,G093_20211108_043000.WAV,5.0
G093_21-11-08.wav,LLUVIA,0.0,-1.0,5.0,46010.363,G093_20211108_050000.WAV,5.0
G093_21-11-08.wav,LLUVIA,0.0,-1.0,5.0,46010.363,G093_20211108_063000.WAV,5.0
G093_21-11-08.wav,INSECT,0.0,2325.76,5.0,41036.27,G093_20211108_190000.WAV,5.0
G093_21-11-09.wav,LLUVIA,0.0,-1.0,5.0,55194.105,G093_20211109_003000.WAV,5.0
G093_21-11-09.wav,LLUVIA,0.0,-1.0,5.0,55194.105,G093_20211109_010000.WAV,5.0
G093_21-11-09.wav,INSECT,0.0,2830.4668,5.0,51891.89,G093_20211109_030000.WAV,5.0
G093_21-11-09.wav,LLUVIA,0.0,-1.0,5.0,55194.105,G093_20211109_050000.WAV,5.0
G093_21-11-09.wav,LLUVIA,0.0,-1.0,5.0,55194.105,G093_20211109_053000.WAV,5.0
G093_21-11-09.wav,LLUVIA,0.0,-1.0,5.0,55194.105,G093_20211109_060000.WAV,5.0
G093_21-11-09.wav,LLUVIA,0.0,-1.0,5.0,55194.105,G093_20211109_063000.WAV,5.0
G093_21-11-09.wav,LLUVIA,0.0,-1.0,5.0,55194.105,G093_20211109_070000.WAV,5.0
G093_21-11-09.wav,LLUVIA,0.0,-1.0,5.0,55194.105,G093_20211109_073000.WAV,5.0
G093_21-11-09.wav,INSECT,0.0,3302.2112,5.0,41985.258,G093_20211109_220000.WAV,5.0
G093_21-11-09.wav,TRAMOT,0.0,-1.0,5.0,2830.4668,G093_20211109_220000.WAV,5.0
G093_21-11-09.wav,INSECT,0.0,2830.4668,5.0,42692.875,G093_20211109_223000.WAV,5.0
G093_21-11-11.wav,INSECT,0.0,2400.0,5.0,57600.004,G093_20211111_000000.WAV,5.0
G093_21-11-11.wav,AVEVOC,0.0,4800.0,5.0,21163.637,G093_20211111_063000.WAV,5.0
G093_21-11-11.wav,INDETE,0.0,1592.175,5.0,28099.178,G093_20211111_100000.WAV,5.0
G093_21-11-11.wav,AVEVOC,0.0,3490.909,5.0,30981.816,G093_20211111_110000.WAV,5.0
G093_21-11-11.wav,INSECT,0.0,2400.0,5.0,52800.0,G093_20211111_220000.WAV,5.0
G094_21-11-07.wav,MURCIE,0.0,57116.707,5.0,66343.25,G094_20211107_000000.WAV,5.0
G094_21-11-07.wav,INSECT,0.0,3295.1946,5.0,35368.42,G094_20211107_013000.WAV,5.0
G094_21-11-07.wav,INSECT,0.0,6590.389,5.0,62828.37,G094_20211107_073000.WAV,5.0
G094_21-11-07.wav,SENSAT,0.0,6590.389,5.0,62828.37,G094_20211107_153000.WAV,5.0
G094_21-11-07.wav,MURCIE,0.0,30663.36,5.0,61821.03,G094_20211107_180000.WAV,5.0
G094_21-11-10.wav,MURCIE,0.0,46392.344,5.0,67062.2,G094_20211110_010000.WAV,5.0
G094_21-11-10.wav,MURCIE,0.0,36287.082,5.0,60172.25,G094_20211110_053000.WAV,5.0
G094_21-11-10.wav,MURCIE,0.0,36287.082,5.0,60172.25,G094_20211110_180000.WAV,5.0
G094_21-11-10.wav,HERPET,0.0,-1.0,5.0,6430.622,G094_20211110_190000.WAV,5.0
G094_21-11-10.wav,INSECT,0.0,2755.981,5.0,50526.316,G094_20211110_233000.WAV,5.0
G096_21-11-12.wav,INSECT,0.0,2456.693,5.0,44976.375,G096_20211112_023000.WAV,5.0
G096_21-11-12.wav,MURCIE?,0.0,13885.854,5.0,26456.691,G096_20211112_213000.WAV,5.0
G097_21-11-08.wav,LLUVIA,0.0,-1.0,5.0,19149.605,G097_20211108_023000.WAV,5.0
G097_21-11-08.wav,LLUVIA,0.0,-1.0,5.0,19149.605,G097_20211108_030000.WAV,5.0
G097_21-11-08.wav,LLUVIA,0.0,-1.0,5.0,19149.605,G097_20211108_033000.WAV,5.0
G097_21-11-08.wav,LLUVIA,0.0,-1.0,5.0,19149.605,G097_20211108_040000.WAV,5.0
G097_21-11-08.wav,LLUVIA,0.0,-1.0,5.0,19149.605,G097_20211108_050000.WAV,5.0
G097_21-11-08.wav,INSECT,0.0,3275.5906,5.0,28220.473,G097_20211108_183000.WAV,5.0
G098_21-11-11.wav,PULSOS,0.0,-1.0,5.0,21100.67,G098_20211111_110000.WAV,5.0
G098_21-11-11.wav,PULSOS,0.0,-1.0,5.0,21100.67,G098_20211111_113000.WAV,5.0
G098_21-11-11.wav,INSECT,0.0,2899.3289,5.0,56214.76,G098_20211111_183000.WAV,5.0
G099_21-11-10.wav,MURCIE,0.0,41803.062,5.0,51676.152,G099_20211110_043000.WAV,5.0
G099_21-11-10.wav,INSECT,0.0,3991.247,5.0,48105.035,G099_20211110_173000.WAV,5.0
G100_21-11-08.wav,LLUVIA,0.0,-1.0,5.0,31648.354,G100_20211108_020000.WAV,5.0
G100_21-11-08.wav,LLUVIA,0.0,-1.0,5.0,31648.354,G100_20211108_050000.WAV,5.0
G100_21-11-08.wav,LLUVIA,0.0,-1.0,5.0,31648.354,G100_20211108_060000.WAV,5.0
