sensor_name,ID_MUEST_PT,TASA_MUEST,RES_BITS,MICROFONO,REF_GRAB,FECHA_INI,FECHA_FIN,HORA_INI,HORA_FIN,NUM_GRAB,TASA_GRAB,ESTACIONAL,ALTURA,GEOFONIA,ANTROPOFONIA,BIOFONIA,ACI_Q25,ACI_Q50,ACI_Q75,ADI_Q25,ADI_Q50,ADI_Q75,NDSI_Q25,NDSI_Q50,NDSI_Q75,BIO_Q25,BIO_Q50,BIO_Q75,AEI_Q25,AEI_Q50,AEI_Q75,NP_Q25,NP_Q50,NP_Q75,SC_Q25,SC_Q50,SC_Q75,HF_Q25,HF_Q50,HF_Q75,HT_Q25,HT_Q50,HT_Q75,ASU
G001,ANH_274,192000.0,16.0,Audiomoth v1.20,Audiomoth v1.20,2022-03-28,2022-04-16,00:00:00,23:30:00,960.0,60 segundos cada 1800 segundos,Aguas bajas T2,1.5,0.0,16.667,100.0,305.11906169056437,307.77422494353124,313.72895693660735,3.019651223470069,3.034553012012923,3.0482955105107967,0.6344521723741311,0.8031916383768909,0.9158016692911572,30.52423273799507,43.84410030017574,84.11127584543742,0.6381103831029931,0.6998955351554272,0.7542894248456206,7.0,23.5,43.0,0.0062286017462111,0.0349736075456459,0.08930342975166874,0.6768483912088232,0.7314222403980053,0.797778559824288,0.9309035996715184,0.9764211929158106,0.9863464211568402,0.4013671875
G002,ANH_284,192000.0,16.0,Audiomoth v1.20,Audiomoth v1.20,2022-03-19,2022-04-07,00:00:00,23:30:00,960.0,60 segundos cada 1800 segundos,Aguas bajas T2,1.5,16.667,33.333,100.0,306.12156651316695,310.73761123952033,318.7250538287676,3.0053332292440964,3.0390401184605205,3.05555054027848,0.19585675784617168,0.6440332124304458,0.8595141319424856,20.52439552514015,36.15532477042001,63.056255036535596,0.624826994004382,0.7248299745539146,0.7813407513246852,6.0,16.0,40.0,0.0008487190984522749,0.009506790189821101,0.0585426068350294,0.6912660886948372,0.7805559807470912,0.8343546093130958,0.87977671068748,0.9445159681480628,0.9691466136088518,0.4104817708333333
G003,ANH_089,192000.0,16.0,Audiomoth v1.20,Audiomoth v1.20,2022-03-31,2022-04-19,00:00:00,23:30:00,960.0,60 segundos cada 1800 segundos,Aguas bajas T2,1.5,0.0,0.0,100.0,302.3326689812906,309.71847890870947,323.50067064443505,2.908647490946278,3.034808652997104,3.0444160128128495,0.017798676194551097,0.4912615223919663,0.7729638236022984,5.97811779700149,10.884996353312506,16.277168886851243,0.6514107099627905,0.7917454698171117,0.8640996855936743,1.0,2.0,7.0,0.0,3.539971522895749e-05,0.0014013479861931751,0.7461511209017454,0.8315843298234042,0.8867871740976416,0.9203703215004908,0.9679631603418768,0.9874831709657588,0.12141927083333333
G004,ANH_257,192000.0,16.0,Audiomoth v1.20,Audiomoth v1.20,2022-03-31,2022-04-19,00:00:00,23:30:00,960.0,60 segundos cada 1800 segundos,Aguas bajas T2,1.5,50.0,50.0,100.0,305.72153055725005,311.9676257205018,325.28910889870747,3.0315879485686104,3.045280873601939,3.0582154755200235,0.8732222942008421,0.9662725662550444,0.9940143830205634,25.383101420749306,47.07079208698458,60.11742251266109,0.7156936472497755,0.7744689816731551,0.8153518899459264,12.0,39.0,53.0,0.007723911939493525,0.0563240061639207,0.2617787089505339,0.7957857950431437,0.8278229784986575,0.8680538976284393,0.9013522066242601,0.9480474875547902,0.9783157816755419,0.626953125
G005,ANH_324,192000.0,16.0,Audiomoth v1.20,Audiomoth v1.20,2022-03-29,2022-04-17,00:00:00,23:30:00,960.0,60 segundos cada 1800 segundos,Aguas bajas T2,1.5,16.667,66.667,100.0,304.40648366346466,308.71202127660956,316.5558540276989,0.0,3.021732690942266,3.0337728430768163,-0.865676523904406,-0.3415136744511724,0.29608410031910054,8.544655020309134,22.22190729653319,42.972647097891,0.29360678671105417,0.4445844232508385,0.5480950144154485,3.0,8.0,12.0,0.00012433603682267502,0.0055756736653214,0.018266034541381322,0.32628259438932755,0.47150802383370854,0.5758663889159605,0.9123432881252973,0.9726044645152117,0.982932723579064,0.3245442708333333
G006,ANH_390,192000.0,16.0,Audiomoth v1.20,Audiomoth v1.20,2022-03-22,2022-04-10,00:00:00,23:30:00,960.0,60 segundos cada 1800 segundos,Aguas bajas T2,1.5,33.333,33.333,66.667,302.0047149691802,303.9354168220694,309.0397439771949,3.01476738574524,3.037001613168219,3.053719734960273,-0.1301769959598949,0.5636055262598134,0.8981160507348309,12.89108928843202,24.953308460580434,55.45170186861107,0.6324080694214985,0.6908616279018511,0.771144203832866,4.0,12.0,25.0,0.000329523275094225,0.0048580646232726996,0.05488398071108848,0.6578032601540502,0.7281957004901574,0.8272134545511656,0.9175320534557372,0.9643076434157087,0.9873174272276726,0.21907552083333334
G007,ANH_232,192000.0,16.0,Audiomoth v1.20,Audiomoth v1.20,2022-03-24,2022-04-12,00:00:00,23:30:00,960.0,60 segundos cada 1800 segundos,Aguas bajas T2,1.5,33.333,0.0,83.333,308.555680625493,316.3353533842188,323.3342408948912,3.025085519591906,3.042808768892076,3.057181658303691,0.20239513960332145,0.40159927378815485,0.5877185448960123,13.993547600798982,27.547780748835372,49.47751649313347,0.6111102754377064,0.7064475899797895,0.8054988359670281,6.0,29.0,42.0,0.0017236602081852751,0.02728749900574865,0.0513853088559598,0.6659926382243045,0.7789887856987019,0.9087210375304986,0.8955690128668077,0.954232259493303,0.9760442901047455,0.404296875
G008,ANH_291,192000.0,16.0,Audiomoth v1.20,Audiomoth v1.20,2022-03-25,2022-04-13,00:00:00,23:30:00,960.0,60 segundos cada 1800 segundos,Aguas bajas T2,1.5,0.0,16.667,100.0,302.12580218347694,306.58135915040475,313.431603278356,2.9674050945686354,3.025355537634172,3.0427019749399267,0.4347483966734755,0.7951162357362023,0.88971711439754,32.3136180467789,45.54985037898646,58.429019965132866,0.6213222925796945,0.6765953814788488,0.7193936740812831,8.0,12.0,20.0,0.0095579231118185,0.0289936778730802,0.060778033296709874,0.6438897320580224,0.6961268167526276,0.7368926225969753,0.9515741045353887,0.9854115901081164,0.9911932406095092,0.306640625
G010,ANH_062,192000.0,16.0,Audiomoth v1.20,Audiomoth v1.20,2022-03-22,2022-04-10,00:00:00,23:30:00,960.0,60 segundos cada 1800 segundos,Aguas bajas T2,1.5,20.0,20.0,80.0,300.95387800762546,305.4999394931831,311.5489739975218,3.0235102275630212,3.0453784085887703,3.075071403518688,0.06196838705965602,0.5752729571889826,0.958330860741302,9.784618001244587,16.202961831525478,33.203661289309885,0.6013721361838856,0.7622318389017736,0.844526057501342,0.0,4.0,16.0,0.0,0.000481173907001,0.031875476912830145,0.637164142450472,0.8010878859948998,0.865564103317906,0.9322056881460107,0.9810028225459457,0.9925177746222014,0.3860677083333333
G011,ANH_211,192000.0,16.0,Audiomoth v1.20,Audiomoth v1.20,2022-04-01,2022-04-20,00:00:00,23:30:00,960.0,60 segundos cada 1800 segundos,Aguas bajas T2,1.5,16.667,33.333,83.333,307.2436939712864,312.5750284027588,323.55720030079834,3.0313499071463497,3.0462054019471,3.060229266051649,0.8128054388233354,0.9522386486417425,0.9866666458180269,23.213134836101702,42.84347913948436,63.36848874836881,0.6425325615201407,0.7715517936405158,0.8295475835315251,10.0,27.0,50.0,0.025800929482893174,0.0635625923779605,0.3089665293507342,0.6804327957597993,0.8146998962937377,0.8685915022518148,0.9441822877084048,0.976759758491855,0.988998133221018,0.5846354166666666
G012,ANH_350,192000.0,16.0,Audiomoth v1.20,Audiomoth v1.20,2022-03-27,2022-04-15,00:00:00,23:30:00,960.0,60 segundos cada 1800 segundos,Aguas bajas T2,1.5,0.0,0.0,100.0,303.553451797283,306.5086387529144,309.90367206330325,3.0359644857261414,3.0506977148819976,3.062964752543986,0.8259780209160937,0.9038445847990035,0.958911201110476,45.16263686946412,60.57044256781677,74.1116867920436,0.6947904487637374,0.7585526370182587,0.8213601786823719,12.0,23.0,53.0,0.0405025186241835,0.09648869787610445,0.22778121577481228,0.7070391467967433,0.776706829759052,0.8407423881428633,0.9791112085096915,0.9885759036233239,0.9928377566379532,0.564453125
G013,ANH_214,192000.0,16.0,Audiomoth v1.20,Audiomoth v1.20,2022-03-26,2022-04-14,00:00:00,23:30:00,960.0,60 segundos cada 1800 segundos,Aguas bajas T2,1.5,16.667,0.0,83.333,304.84053636249246,308.47010340369957,314.6411687984702,3.03013639783589,3.0474010146627606,3.0674307389195774,0.3048397368493484,0.8160956904163303,0.9569404937212914,15.278231885202985,31.2311670657379,57.241240495683016,0.6722140092258373,0.7561030157656092,0.8030173740993393,7.0,17.0,46.0,0.002996083305581675,0.0223350351418654,0.11989796141343632,0.7161387102009988,0.8051748249730963,0.8518100196130716,0.9254457680846848,0.9551074406473385,0.9788020789902361,0.5921223958333334
G014,ANH_121,192000.0,16.0,Audiomoth v1.20,Audiomoth v1.20,2022-03-29,2022-04-17,00:00:00,23:30:00,960.0,60 segundos cada 1800 segundos,Aguas bajas T2,1.5,16.667,83.333,100.0,301.3387870343952,304.3979096061947,310.98763511782965,2.9861801215128567,3.017307327912974,3.0382056560692297,-0.8083127583776207,-0.4874146110056927,0.06511477583629255,27.06951396531721,42.339570492889315,67.19895561036263,0.33262844018920934,0.44887870128803514,0.6009552692874196,8.0,13.0,21.0,0.0068592411175121245,0.02343286334748445,0.06103151273909005,0.3384388418095754,0.4586265625432366,0.6198646085543797,0.9776948649471238,0.9839870414226228,0.9883397893822314,0.4860026041666667
G015,ANH_327,192000.0,16.0,Audiomoth v1.20,Audiomoth v1.20,2022-03-30,2022-04-18,00:00:00,23:30:00,960.0,60 segundos cada 1800 segundos,Aguas bajas T2,1.5,16.667,16.667,100.0,302.9924573942894,306.4392198958159,310.9789066929106,3.028025031083645,3.0472039254263175,3.065579428764541,0.6134105217971556,0.8339034664007919,0.9479882877740458,23.40448839459605,39.84279264997835,56.6401649044045,0.5993620397021279,0.684789875332237,0.776041251680749,5.0,11.0,23.0,0.005769279515277325,0.02860428100556165,0.0693880307007308,0.62432055944902,0.7017747156477696,0.8175051920866367,0.9556672502220287,0.9781859553776933,0.989483141920438,0.5152994791666666
G016,ANH_360,192000.0,16.0,Audiomoth v1.20,Audiomoth v1.20,2022-03-22,2022-04-10,00:00:00,23:30:00,960.0,60 segundos cada 1800 segundos,Aguas bajas T2,1.5,33.333,33.333,66.667,304.7061779406507,308.43791112503675,312.216808398278,3.0230573693604286,3.0400224175612447,3.053483194065747,0.6615476228346031,0.8432315804612073,0.9179365749871014,19.769205726076724,35.1839195650407,57.142105102750044,0.6884596478157741,0.7341901138760021,0.7723622655728591,3.0,18.0,50.0,0.0006769649245635751,0.01416687862792445,0.08717332836863248,0.7201059524728238,0.7729408128544545,0.8190673268555297,0.9387924565283519,0.9586983367319544,0.975627703980116,0.3196614583333333
G017,ANH_058,192000.0,16.0,Audiomoth v1.20,Audiomoth v1.20,2022-03-19,2022-04-07,00:00:00,23:30:00,960.0,60 segundos cada 1800 segundos,Aguas bajas T2,1.5,0.0,0.0,100.0,306.7873812151027,313.18258616911817,324.133329748431,3.0323475916003266,3.048512581876224,3.067020606136207,0.7026651772180086,0.8762404442625473,0.9570990038055123,17.405617650216826,33.141887174985,68.86082376625387,0.6446691929049189,0.7009218229979239,0.7790895556759148,5.0,31.0,46.0,0.000912963026089975,0.04023024674038545,0.0711774644538785,0.7014995715410766,0.7800685046830111,0.8838781859736888,0.8764680702685621,0.9422209230333388,0.9760663879673721,0.3932291666666667
G018,ANH_182,192000.0,16.0,Audiomoth v1.20,Audiomoth v1.20,2022-03-20,2022-04-08,00:00:00,23:30:00,960.0,60 segundos cada 1800 segundos,Aguas bajas T2,1.5,0.0,16.667,100.0,306.25907356141846,309.6353180471292,317.10687496794463,3.013438240176554,3.0333538843021195,3.0487908458788504,0.24118928480482826,0.5792053250306464,0.8577412105393416,8.01575853416322,20.574453604673046,46.29076354652226,0.5089115606737323,0.6094680450271964,0.7672861589115554,2.0,8.0,12.0,7.844751708145518e-05,0.0098087803530706,0.0256009866468777,0.53468013593231,0.6849731009666578,0.8452938373807278,0.9109800357074271,0.961044109579563,0.9757993169606656,0.3212890625
G019,ANH_222,192000.0,16.0,Audiomoth v1.20,Audiomoth v1.20,2022-03-27,2022-04-15,00:00:00,23:30:00,960.0,60 segundos cada 1800 segundos,Aguas bajas T2,1.5,33.333,0.0,83.333,306.886834769504,316.87256320719575,333.4885074121731,2.987659069664307,3.030918071034206,3.050651253504077,0.22727617669428735,0.6507682258109212,0.8475286515466196,14.51777078340643,31.521219473050493,49.13568158529252,0.5647418809730322,0.6585298714735772,0.7424237925369376,5.0,12.0,34.0,0.0006068210443877,0.00731725224788185,0.03719745261901078,0.6202738356289004,0.7240101919300643,0.8217251285589116,0.8575364651932132,0.9326704295458954,0.9707526096966481,0.4912109375
G020,ANH_077,192000.0,16.0,Audiomoth v1.20,Audiomoth v1.20,2022-03-26,2022-04-14,00:00:00,23:30:00,960.0,60 segundos cada 1800 segundos,Aguas bajas T2,1.5,33.333,16.667,100.0,305.8659095884455,312.7622849561873,319.80429266765816,2.9936657041891026,3.020462977532212,3.037023262912643,0.40289015462450867,0.6732125648071615,0.8521267477593515,21.027017638688523,39.71816278221218,58.02861253480813,0.6716939809898408,0.7141249253575284,0.763308528141859,6.0,18.0,28.0,0.00239669183105675,0.02439040379275165,0.0419934584822525,0.696676547015433,0.7463315679715837,0.806278327004105,0.9313395496182714,0.970911787891716,0.9839575816038566,0.3421223958333333
G021,ANH_217,192000.0,16.0,Audiomoth v1.20,Audiomoth v1.20,2022-03-19,2022-04-07,00:00:00,23:30:00,960.0,60 segundos cada 1800 segundos,Aguas bajas T2,1.5,0.0,0.0,100.0,304.127946676545,309.32580530395745,317.2872524445439,3.0144923555187235,3.0384039137249808,3.0575618964424116,0.49914620252853903,0.7702440188069434,0.9283734055815417,16.328208384243812,34.982782781351375,57.28954181570841,0.5872409971507989,0.6720816384309843,0.7447039684227511,5.0,14.0,28.0,0.000871226324801525,0.0186185020763462,0.0362064791093606,0.6392502802987869,0.7483886976459637,0.8235891821099087,0.8889300020475596,0.9460664484863457,0.9740594342122053,0.3509114583333333
G022,ANH_235,192000.0,16.0,Audiomoth v1.20,Audiomoth v1.20,2022-03-20,2022-04-08,00:00:00,23:30:00,960.0,60 segundos cada 1800 segundos,Aguas bajas T2,1.5,16.667,50.0,100.0,306.5200313007533,314.0078986194445,320.58970193606365,3.025299308946484,3.0395030855307206,3.0559881591503157,0.6079523450776105,0.8135716996050799,0.9824889049296215,36.381471887991935,61.36333194083805,72.23806249951704,0.7066451413101125,0.7632103022868924,0.7955254282248726,15.0,30.0,51.0,0.019803955502994974,0.038743895734290545,0.08887120359905845,0.7621640704080762,0.805250706436631,0.8523430973141937,0.9074446980175777,0.9488682839625227,0.9727295997472474,0.4853515625
G024,ANH_238,192000.0,16.0,Audiomoth v1.20,Audiomoth v1.20,2022-03-23,2022-04-11,00:00:00,23:30:00,960.0,60 segundos cada 1800 segundos,Aguas bajas T2,1.5,66.667,33.333,66.667,304.1612107600734,307.72940863636495,313.9162763963356,3.005099484361211,3.033783414020711,3.0510803806195783,0.23424890709869292,0.648763856767411,0.8229487894589749,23.41169350730278,39.31028478276043,50.81053222760758,0.6455006005800328,0.7263258726598456,0.7795600372364079,5.0,9.0,17.0,0.0005880286029698499,0.005424460066936,0.016919752778877625,0.690453724457533,0.765468573972712,0.813580940935581,0.9007675729782881,0.963430832399403,0.9869736058729244,0.3255208333333333
G025,ANH_192,192000.0,16.0,Audiomoth v1.20,Audiomoth v1.20,2022-03-29,2022-04-17,00:00:00,23:30:00,960.0,60 segundos cada 1800 segundos,Aguas bajas T2,1.5,16.667,0.0,100.0,299.2808443149328,305.38052969424643,311.98477306134464,3.0359946249454155,3.0470230668516316,3.061979743269927,0.7595823399463641,0.8881589405922377,0.9448956748564945,47.09266424519322,62.87881198099119,77.67819562204727,0.6683498224824204,0.7098199509876872,0.7510373902044031,23.0,31.0,43.0,0.08041220127666228,0.138852542267697,0.20522853793931697,0.6786638258738446,0.7245513054350059,0.7677827524033671,0.9818914833089287,0.9906866312432674,0.9932779994248826,0.7122395833333334
G026,ANH_081,192000.0,16.0,Audiomoth v1.20,Audiomoth v1.20,2022-03-25,2022-04-13,00:00:00,23:30:00,960.0,60 segundos cada 1800 segundos,Aguas bajas T2,1.5,33.333,0.0,66.667,306.52821195649994,316.15869209423147,328.0054948578646,0.0,0.0,3.0057422825036926,-0.7636512903746031,0.6019452375257162,0.8672694290482734,21.808472714686207,41.06556419989016,62.33030066156171,0.3999281139179747,0.5792621152361024,0.6411759122599158,12.0,16.0,22.0,0.0098817649511352,0.029460429673876798,0.0611007825522233,0.4629594207081149,0.6054534291690131,0.6615364061158561,0.8737655311256659,0.963310661605963,0.9859223969928271,0.3483072916666667
G027,ANH_282,192000.0,16.0,Audiomoth v1.20,Audiomoth v1.20,2022-03-28,2022-04-16,00:00:00,23:30:00,960.0,60 segundos cada 1800 segundos,Aguas bajas T2,1.5,0.0,0.0,83.333,299.7991146588463,300.93582760134177,303.8348029947941,3.0339141620856305,3.057160946247019,3.0766006846533953,0.07015678952392408,0.31717395281925903,0.7854006069649372,6.87814386467562,10.494687586357548,19.677409216162378,0.57089214712845,0.7198875584281312,0.8683321501574769,0.0,2.0,4.0,0.0,1.7481340853806167e-06,0.001252975105696475,0.6101225308295016,0.753397941566218,0.8776409869054799,0.9606007024819165,0.9868290085248892,0.994766516183462,0.2138671875
G031,ANH_069,192000.0,16.0,Audiomoth v1.20,Audiomoth v1.20,2022-03-27,2022-04-15,00:00:00,23:30:00,960.0,60 segundos cada 1800 segundos,Aguas bajas T2,1.5,16.667,16.667,83.333,301.3935200604824,304.54257236454356,308.5376866781237,3.0451119076792135,3.068234464111932,3.081196374560818,0.11482834420086516,0.6128242387127042,0.9524750076816486,5.8230543281374425,14.145847412642961,29.963680545513235,0.7324528741926735,0.8092751834200614,0.8668196820163074,1.0,3.0,20.25,1.7481340853806167e-06,0.0001145027825924,0.010064007929536175,0.8053154260460694,0.8552882162982279,0.8923438336651566,0.9157584874524021,0.9663561968581171,0.9878639616460452,0.3665364583333333
G032,ANH_230,192000.0,16.0,Audiomoth v1.20,Audiomoth v1.20,2022-03-24,2022-04-12,00:00:00,23:30:00,960.0,60 segundos cada 1800 segundos,Aguas bajas T2,1.5,33.333,33.333,83.333,308.31586649080054,312.8148578621958,321.20814676383276,3.01881389379088,3.035140549481464,3.053037804485883,0.2516228962714323,0.47105210557564275,0.6600883646533668,16.44460401108748,34.211078618137826,61.004817525219565,0.6359958984866338,0.7125375649792247,0.7780616993809165,9.0,25.0,40.0,0.002432310063046425,0.0249891397169945,0.04579062423245987,0.6998241439728958,0.7855534462943533,0.8823608354278598,0.8649519454602678,0.9494213879859539,0.9796184312769853,0.4384765625
G033,ANH_159,192000.0,16.0,Audiomoth v1.20,Audiomoth v1.20,2022-03-20,2022-04-08,00:00:00,23:30:00,960.0,60 segundos cada 1800 segundos,Aguas bajas T2,1.5,16.667,16.667,100.0,306.03015173209246,310.6344963432566,317.0929184741632,3.033238293143332,3.048607088523302,3.0684569390816083,0.44967376962480476,0.7081287699116205,0.8806956564020095,14.268546411607709,40.37591496782409,57.37762836702554,0.7142325238340396,0.7707103115767642,0.8190107205079548,7.0,18.0,33.0,0.001438714352268225,0.01075102462509075,0.030495106535661475,0.7838179572292958,0.8377282939703241,0.8861825012393019,0.8949753129197366,0.9457492648423698,0.9716661835295531,0.4300130208333333
G035,ANH_334,192000.0,16.0,Audiomoth v1.20,Audiomoth v1.20,2022-03-30,2022-04-18,00:00:00,23:30:00,960.0,60 segundos cada 1800 segundos,Aguas bajas T2,1.5,66.667,16.667,83.333,303.797180946088,309.8783687468449,325.81767327127574,3.0416200920825665,3.056302117857248,3.0697099279295936,0.5214927648198653,0.7836022015041416,0.9164411583549442,19.071321039741317,33.648021602385825,59.40963137775306,0.6037841809223181,0.7200448424332604,0.8083992362439663,8.0,19.0,47.0,0.01230751951136155,0.03943091242984515,0.13851930420767133,0.6314679381167709,0.7550325398330867,0.8436398417663558,0.9522413082355,0.9719574645471702,0.9849016370821119,0.7037760416666666
G036,ANH_289,192000.0,16.0,Audiomoth v1.20,Audiomoth v1.20,2022-03-22,2022-04-10,00:00:00,23:30:00,960.0,60 segundos cada 1800 segundos,Aguas bajas T2,1.5,33.333,50.0,83.333,307.94637244702113,316.14172201285544,338.1536641186863,3.0107858206908733,3.036731462632855,3.0588433571446636,-0.013208320909808176,0.6443451631967809,0.8476195003882845,15.039257388185197,26.745082896948837,56.93172676556852,0.5739297720930262,0.6780271270832061,0.7498027018245641,10.0,39.0,56.0,0.005446093226242575,0.05136673493130265,0.08945792110146428,0.6523406121866284,0.7593953495862608,0.8190481910246035,0.8699181424366298,0.9114720397691278,0.9410336937985031,0.5973307291666666
G047,ANH_375,192000.0,16.0,Audiomoth v1.20,Audiomoth v1.20,2022-03-22,2022-04-10,00:00:00,23:30:00,960.0,60 segundos cada 1800 segundos,Aguas bajas T2,1.5,33.333,0.0,83.333,304.1428678520384,308.5940622778718,315.85686204564485,2.987100390177191,3.0264394278334885,3.0429516977195177,0.2628054295288492,0.5524447286061585,0.7779352698853808,17.132629955983155,37.93943869700054,61.86350789478857,0.5645252442644605,0.6561544790955982,0.7318236736048019,4.0,15.0,28.0,0.000531214245194975,0.0188107968257381,0.055540842093670224,0.608622209528875,0.7032559387183204,0.7952376242544039,0.9016544147167421,0.9573978475004323,0.9815623886620739,0.3232421875
G037,ANH_228,192000.0,16.0,Audiomoth v1.20,Audiomoth v1.20,2022-03-29,2022-04-17,00:00:00,23:30:00,960.0,60 segundos cada 1800 segundos,Aguas bajas T2,1.5,16.667,16.667,83.333,306.16216189764566,310.48158734132573,317.13719193646,3.0314479388899285,3.047523177377911,3.0643465663390956,0.4839859152788222,0.7114839847800358,0.8674918785174962,15.709545052550892,34.41645467101562,57.89624343988497,0.6021966182563299,0.6722851458083874,0.7820402070743682,4.0,10.0,19.0,0.000606602527627025,0.01537134301275175,0.04212041672020325,0.6265233515302069,0.732610368580559,0.8532886423247339,0.9158189173579918,0.9671083589340156,0.9838929541526893,0.3444010416666667
G038,ANH_364,192000.0,16.0,Audiomoth v1.20,Audiomoth v1.20,2022-03-19,2022-04-07,00:00:00,23:30:00,960.0,60 segundos cada 1800 segundos,Aguas bajas T2,1.5,16.667,0.0,100.0,306.058421910631,317.15952171281015,328.74138035060895,3.0202228221026886,3.0409090071075573,3.05816207117013,0.6355396491032171,0.7528688035904727,0.86629113416753,15.6900365503006,31.60098982535183,68.62797630364177,0.6278891662027668,0.7048115795663952,0.8280176515177069,2.0,21.0,45.0,0.0001686949392392,0.0128081414100624,0.06133437696938225,0.69313561427876,0.8073223719845437,0.9155496517258311,0.8941960220477579,0.9538062927321662,0.9783563744679885,0.4069010416666667
G039,ANH_099,192000.0,16.0,Audiomoth v1.20,Audiomoth v1.20,2022-03-27,2022-04-15,00:00:00,23:30:00,960.0,60 segundos cada 1800 segundos,Aguas bajas T2,1.5,50.0,33.333,100.0,305.1889163012338,308.83568894443795,317.31401357219096,3.0347114567244406,3.044645516149312,3.0563794039116363,-0.40071621080159425,0.4819881332852008,0.843335743852105,12.471373233414791,21.513739608231113,40.23129245668197,0.5089054970364585,0.6086593240358693,0.7097722632171642,6.0,16.0,39.0,0.000483577591368375,0.0151427744810882,0.04469891449613965,0.5497498792327878,0.6448654590624807,0.7675294200194724,0.9307067339312429,0.9670117920598668,0.9799588239271149,0.4176432291666667
G040,ANH_250,192000.0,16.0,Audiomoth v1.20,Audiomoth v1.20,2022-03-31,2022-04-19,00:00:00,23:30:00,960.0,60 segundos cada 1800 segundos,Aguas bajas T2,1.5,33.333,50.0,100.0,303.26698153757667,308.4274918948795,318.60982499806596,3.0300624968442813,3.0431145606981636,3.0547280607287566,0.4467331644639815,0.6906434155019685,0.846996695717583,19.49221101179827,35.69359072003195,59.62888658431201,0.6920142365761204,0.7582021345608324,0.8251352761265868,13.0,27.0,44.0,0.0025240871025288747,0.04009957371750325,0.11105961399451252,0.7473133235884635,0.8112772889463348,0.8728266530670405,0.913696798070472,0.9673345424522775,0.9828792347467329,0.5524088541666666
G041,ANH_280,192000.0,16.0,Audiomoth v1.20,Audiomoth v1.20,2022-03-30,2022-04-18,00:00:00,23:30:00,960.0,60 segundos cada 1800 segundos,Aguas bajas T2,1.5,50.0,0.0,83.333,307.9073773648124,312.9796907979235,319.7780739642493,3.040539734475506,3.056735867899617,3.073042108606219,0.746022080237837,0.9051407666621661,0.9595444530246162,33.17735893964077,43.46621547478507,57.54689564100472,0.7278523812924085,0.7780569488076916,0.8314008757866517,11.0,16.0,23.0,0.01809646553509945,0.0321761559755156,0.05688100538687512,0.7424794340856932,0.7957356203625108,0.8497932272516067,0.9746308579050567,0.9907538945737164,0.9934320815424649,0.5511067708333334
G042,ANH_272,192000.0,16.0,Audiomoth v1.20,Audiomoth v1.20,2022-03-31,2022-04-19,00:00:00,23:30:00,960.0,60 segundos cada 1800 segundos,Aguas bajas T2,1.5,33.333,16.667,100.0,307.7490359887641,316.7134363232261,337.3394553939901,3.0243428637811465,3.0385388047984803,3.049462505310471,0.2969364132537469,0.5937431817728405,0.8480451640552854,13.443164426968039,33.72129324891563,61.027585862050415,0.5552433260393712,0.6338726170219271,0.7129385345738746,5.0,11.0,18.0,0.00090531493946645,0.019560746348366402,0.03785955840384868,0.6076839774247772,0.6921639453132988,0.8268524433728781,0.8872791236854258,0.9508602697701294,0.9741395781932097,0.3518880208333333
G044,ANH_395,192000.0,16.0,Audiomoth v1.20,Audiomoth v1.20,2022-03-31,2022-04-19,00:00:00,23:30:00,960.0,60 segundos cada 1800 segundos,Aguas bajas T2,1.5,50.0,0.0,83.333,302.41116801212206,305.9367994683186,312.7611124537382,3.026633445065679,3.0426771801625696,3.058437936341523,0.5881046392883854,0.8314128127423052,0.9240566220966102,23.417440816601584,42.67756532925348,80.75105392983176,0.6470195003889087,0.7178750151031332,0.7689579967248626,6.0,20.0,39.0,0.010506504369898102,0.03950957846368725,0.09117087398837662,0.6765207043213863,0.7353916540979377,0.7951065228200913,0.9600472655800865,0.9841403888097819,0.9897541601947772,0.4482421875
G045,ANH_254,192000.0,16.0,Audiomoth v1.20,Audiomoth v1.20,2022-03-20,2022-04-08,00:00:00,23:30:00,960.0,60 segundos cada 1800 segundos,Aguas bajas T2,1.5,0.0,16.667,100.0,305.4770240579373,309.0434861692114,319.09428541067666,3.023164890756921,3.0416969894350894,3.0551705477726245,0.36310141336980045,0.7515300641500631,0.9283318379531693,6.997883376022178,27.69164469670933,52.508326617948626,0.5282073351804218,0.6673000962830056,0.7926546643527393,3.0,10.0,20.0,0.00012149531893390002,0.01701983345526565,0.0292762200446298,0.5660638065775333,0.7260694008265227,0.8665013444217372,0.9111032964651156,0.9581825871924596,0.9747936359652553,0.5146484375
G046,ANH_038,192000.0,16.0,Audiomoth v1.20,Audiomoth v1.20,2022-03-30,2022-04-18,00:00:00,23:30:00,960.0,60 segundos cada 1800 segundos,Aguas bajas T2,1.5,33.333,16.667,83.333,306.8298874742795,312.56865732169086,321.5997937633754,3.050373701507477,3.067783281367975,3.0821411363805726,0.5732656550163348,0.7944130745022713,0.898091724325521,20.697750703680654,39.33882687799186,64.45484074086144,0.6574488159123163,0.7231511445476333,0.7988270594012011,14.0,20.0,30.0,0.012087473133364226,0.0425897907221279,0.07933622474711052,0.6761415278661691,0.7474640563781444,0.8306045644024521,0.9522069734071297,0.9790515406542518,0.9867710975338229,0.8740234375
G049,ANH_194,192000.0,16.0,Audiomoth v1.20,Audiomoth v1.20,2022-03-29,2022-04-17,00:00:00,23:30:00,960.0,60 segundos cada 1800 segundos,Aguas bajas T2,1.5,0.0,33.333,100.0,320.49522532118834,330.7344011507885,340.215905879279,2.988191793171632,3.030032444678445,3.0436499265179697,0.12915536643595626,0.6048707023894079,0.8500050253127991,27.026848835571514,49.546676678133466,66.8768008322077,0.6308696539247608,0.7068175784883127,0.7501896254151654,20.0,31.0,44.0,0.018837892904061473,0.065340881776314,0.10014207959778926,0.6514534952536922,0.7235977208374088,0.7759797712234788,0.9299586882593844,0.976094651448246,0.9887546064793565,0.7239583333333334
G048,ANH_064,192000.0,16.0,Audiomoth v1.20,Audiomoth v1.20,2022-03-29,2022-04-17,00:00:00,23:30:00,960.0,60 segundos cada 1800 segundos,Aguas bajas T2,1.5,16.667,66.667,83.333,308.92049406130155,314.0584913137858,322.24869533799574,3.0246529584386286,3.0388771445074845,3.053195000705621,0.18991991145332424,0.6906821558748801,0.9291269935981777,12.188585150539392,27.373799847505456,53.9430587355992,0.6756988398592574,0.7669866766860431,0.8154710667969913,6.0,15.0,36.0,0.000366452607647875,0.00525663919473945,0.10506089188052897,0.7258779876816777,0.8208534600938933,0.8505649648210082,0.9102351492374731,0.9571364377107282,0.9824029158323322,0.4983723958333333
G050,ANH_241,192000.0,16.0,Audiomoth v1.20,Audiomoth v1.20,2022-03-23,2022-04-11,00:00:00,23:30:00,960.0,60 segundos cada 1800 segundos,Aguas bajas T2,1.5,16.667,16.667,83.333,306.1972166636625,309.75462343895276,315.5231480739061,3.0138242434962947,3.0352224905398515,3.0512071736613864,0.4745018601578628,0.7173985160730412,0.8875928138664623,18.815522956614235,37.049505202400525,65.29342182978212,0.6553348740125835,0.7140871965854549,0.7679196962042205,7.0,17.0,36.0,0.00124947883752575,0.0166789473086164,0.056313298842647824,0.7024463458420638,0.7680409834897592,0.8382347001098056,0.8965485034940056,0.9570521843229818,0.981078202195686,0.3821614583333333
G051,ANH_370,192000.0,16.0,Audiomoth v1.20,Audiomoth v1.20,2022-03-24,2022-04-12,00:00:00,23:30:00,960.0,60 segundos cada 1800 segundos,Aguas bajas T2,1.5,16.667,16.667,83.333,302.75164396511724,306.30716586249616,312.414845919105,3.0399325630409226,3.0544798965225555,3.073129732196347,0.44766503335046387,0.635005366670576,0.9142580407857739,19.3432143403314,33.66285929738848,48.24328411910412,0.6827535902637308,0.7406601978183274,0.7927569368045342,4.0,8.0,17.0,0.0011432796918389,0.006083943650645849,0.020239459407015374,0.7264316463467381,0.7784276700754968,0.8549741088976877,0.9247204024785398,0.9640361133782537,0.9826023471798676,0.2659505208333333
G053,ANH_145,192000.0,16.0,Audiomoth v1.20,Audiomoth v1.20,2022-03-30,2022-04-18,00:00:00,23:30:00,960.0,60 segundos cada 1800 segundos,Aguas bajas T2,1.5,33.333,16.667,66.667,301.12880954454755,305.34843444827794,314.35463765267895,3.0143515097109637,3.0300482214559716,3.039139634331604,0.6748148728917047,0.8827450120966562,0.9485016182774276,31.182323435825687,42.44804378215365,56.12011108425476,0.6182427230152636,0.686156658396244,0.7595306334166935,9.0,17.0,29.0,0.0063702006071269255,0.02022460026728965,0.0469009078934372,0.6375085803958789,0.7152516240144982,0.8014920530850981,0.9465919215106938,0.9773046479374495,0.9870800490564087,0.4264322916666667
G054,ANH_388,192000.0,16.0,Audiomoth v1.20,Audiomoth v1.20,2022-03-28,2022-04-16,00:00:00,23:30:00,960.0,60 segundos cada 1800 segundos,Aguas bajas T2,1.5,0.0,0.0,100.0,302.4061988810156,307.18394483193134,313.9046114378589,3.0105381964480356,3.0359690817905696,3.047680419220037,0.43204875591739994,0.9258492460598817,0.9732457242438134,19.843923117093993,39.30302785803534,54.71460858233569,0.5531223368342768,0.6534053626244313,0.7621472173951656,4.0,9.0,26.0,0.004905701277099325,0.035486247866183804,0.06302657076403072,0.5673706373192536,0.6774218287231387,0.78586047587792,0.9553977891502,0.9865044089788799,0.9919549000101322,0.4622395833333333
G055,ANH_239,192000.0,16.0,Audiomoth v1.20,Audiomoth v1.20,2022-03-23,2022-04-11,00:00:00,23:30:00,960.0,60 segundos cada 1800 segundos,Aguas bajas T2,1.5,33.333,16.667,83.333,304.6981247007312,307.8256989589735,313.715290401716,3.022027136009487,3.038414441050695,3.0556890928478664,0.6929596217228673,0.856875638144615,0.949053679695412,25.620732380536875,48.71448070384388,82.62183510547351,0.6381773732327782,0.6820011891174527,0.7639180101453839,11.0,23.0,36.0,0.0107020768707001,0.0518077017543399,0.10816317433179755,0.6567947036356965,0.7229196357450647,0.8127569872065462,0.9299154932123493,0.9746754324415607,0.9876189149982968,0.4658203125
G056,ANH_389,192000.0,16.0,Audiomoth v1.20,Audiomoth v1.20,2022-03-27,2022-04-15,00:00:00,23:30:00,960.0,60 segundos cada 1800 segundos,Aguas bajas T2,1.5,33.333,16.667,66.667,305.1059204083316,308.5068113472257,315.20752256287517,3.00634760992118,3.0208202343634785,3.038156478442342,0.44585015464886385,0.6046911573388514,0.7246785915632974,14.826962377996852,30.656123012039746,66.73555128320243,0.6489487197293833,0.6943463952367039,0.7995723938542754,6.0,13.0,28.0,0.0007453606706541249,0.01973861899155385,0.0471071877155121,0.6784541853207332,0.7480336851027043,0.8748144720287875,0.9120870198336442,0.9652464888638282,0.9840205805790639,0.2587890625
G057,ANH_012,192000.0,16.0,Audiomoth v1.20,Audiomoth v1.20,2022-03-25,2022-04-13,00:00:00,23:30:00,960.0,60 segundos cada 1800 segundos,Aguas bajas T2,1.5,33.333,33.333,66.667,306.2108177981829,311.72246770445724,320.2379454783194,3.016775059725603,3.0319714279403334,3.0433969765350737,0.5019929332384198,0.682239021952083,0.8221284210582173,16.6923214519907,28.147588533370417,62.08495702417094,0.6019887845210181,0.6512587931727857,0.7237982643476172,4.0,13.0,22.0,0.001026591741639725,0.01573189566786145,0.06741242066749002,0.6301219873936755,0.6877410789754927,0.8148612055799391,0.9137939804456858,0.9623983284671118,0.979939424221783,0.4436848958333333
G058,ANH_181,192000.0,16.0,Audiomoth v1.20,Audiomoth v1.20,2022-03-20,2022-04-08,00:00:00,23:30:00,960.0,60 segundos cada 1800 segundos,Aguas bajas T2,1.5,0.0,0.0,100.0,304.6896940197546,308.40939914161896,314.1192396642254,3.0448406940263046,3.0579739610389534,3.072702601937553,0.39122466625631436,0.5470896172855282,0.7496416650348505,17.755765020994783,41.1766513961914,59.35540475901553,0.6534916536914352,0.7239149988404041,0.7954500724460675,5.0,13.0,29.0,0.002814932910984075,0.022872586373119952,0.045205654864139355,0.66973768644221,0.7692441711702988,0.854578582881339,0.9323098834131806,0.9728805754490621,0.9862258691187766,0.4088541666666667
G059,ANH_236,192000.0,16.0,Audiomoth v1.20,Audiomoth v1.20,2022-03-20,2022-04-08,00:00:00,23:30:00,960.0,60 segundos cada 1800 segundos,Aguas bajas T2,1.5,0.0,50.0,100.0,304.6003918960651,307.7320469166497,313.1253266327243,3.0269667817765966,3.0416717706288496,3.052931282187813,0.40237576690591836,0.721959305658555,0.891575724756551,12.835503730373148,30.477761915403832,54.29222875154222,0.6051783806520246,0.7150929180001935,0.7877267833459551,6.0,12.0,25.0,0.000714768324159925,0.017083640349382,0.04268113072808907,0.6688316411666428,0.7766513364296193,0.8644984081670555,0.8897114659106389,0.9524334864772236,0.9758381413018656,0.4140625
G060,ANH_351,192000.0,16.0,Audiomoth v1.20,Audiomoth v1.20,2022-03-24,2022-04-12,00:00:00,23:30:00,960.0,60 segundos cada 1800 segundos,Aguas bajas T2,1.5,16.667,16.667,83.333,301.1292015447073,303.91128722304006,310.875626422465,2.989224527293647,3.0217132462185905,3.039136122456875,-0.43322223122028825,0.12947810765887754,0.5865075236638432,3.4149874073528066,9.619843089332697,32.4547883850367,0.4147827434237933,0.5358711415394055,0.6595258437816831,1.0,5.0,9.0,6.555502820177312e-07,0.00494547132754175,0.017070966377263026,0.43571357694228485,0.5576969965244359,0.6995151107760127,0.9518989552338528,0.9741973290487203,0.9843668431048296,0.12565104166666666
G061,ANH_353,192000.0,16.0,Audiomoth v1.20,Audiomoth v1.20,2022-04-01,2022-04-20,00:00:00,23:30:00,960.0,60 segundos cada 1800 segundos,Aguas bajas T2,1.5,16.667,33.333,100.0,303.6323221861102,307.60059519452034,315.7281024012625,3.0173384494237467,3.0342631643196087,3.046925513669734,0.36385874815622654,0.7496912029915593,0.8976978649766433,26.66456836215029,46.40070851493364,70.20126443847921,0.6782979177796267,0.7325665130349273,0.7807044288927769,9.0,18.0,37.0,0.004671451309658275,0.0246347055311836,0.08139203043151808,0.7074220966024268,0.7589803108150024,0.8104895817170725,0.9522836667336093,0.9797012370313102,0.9900936777925321,0.5250651041666666
G062,ANH_209,192000.0,16.0,Audiomoth v1.20,Audiomoth v1.20,2022-03-23,2022-04-11,00:00:00,23:30:00,960.0,60 segundos cada 1800 segundos,Aguas bajas T2,1.5,16.667,16.667,83.333,310.51528049046965,318.9461006588135,328.7779173199242,3.0468751916376906,3.0609457309469175,3.0727215717100353,0.7690204842979009,0.9654108077624584,0.9916056924708879,25.379457696774246,41.5246680910559,56.69501408825099,0.6180029936726867,0.7478751141902475,0.812715470134676,9.0,31.0,61.0,0.03213551185803047,0.06243723106049675,0.4559000399448638,0.6444608444136559,0.8080345824779889,0.8404794722985293,0.9388121547934228,0.9749888934180453,0.9895178448067289,0.6949869791666666
G063,ANH_338,192000.0,16.0,Audiomoth v1.20,Audiomoth v1.20,2022-03-27,2022-04-15,00:00:00,23:30:00,960.0,60 segundos cada 1800 segundos,Aguas bajas T2,1.5,33.333,33.333,83.333,304.01192987847526,307.5903829244984,313.4839894834562,3.0337350792347184,3.044392584750556,3.056024977910178,0.5427645902558011,0.9060645758496454,0.9779710080205273,21.879387406102673,46.04814545233393,60.97207629661038,0.7037425514302227,0.7708751131458063,0.8071624992207471,11.0,27.0,45.0,0.00823633374327075,0.049185937659790346,0.18272043752299885,0.7556137791682879,0.8046293170566954,0.8392935210735418,0.932295277220451,0.9684312560009578,0.9835500012093962,0.6223958333333334
G064,ANH_215,192000.0,16.0,Audiomoth v1.20,Audiomoth v1.20,2022-03-26,2022-04-14,00:00:00,23:30:00,960.0,60 segundos cada 1800 segundos,Aguas bajas T2,1.5,16.667,16.667,83.333,305.360011630526,310.0969023286792,319.0307551154868,3.0135109781191325,3.03114471858869,3.0453020744270223,0.5058418755338201,0.7293878249680266,0.8824896565683406,13.688517676627686,25.960599703327006,60.26620081054418,0.681346932321724,0.7335224576777382,0.79860654079666,3.0,22.0,34.0,0.00033607877791435,0.02960858403761285,0.07020528338564617,0.709185060780871,0.7659995100781019,0.8484248877817407,0.9334985537953923,0.972289557534624,0.9836699075871809,0.2965494791666667
G065,ANH_210,192000.0,16.0,Audiomoth v1.20,Audiomoth v1.20,2022-04-01,2022-04-20,00:00:00,23:30:00,960.0,60 segundos cada 1800 segundos,Aguas bajas T2,1.5,0.0,16.667,100.0,307.3189665936832,315.2985276058512,331.5213068735606,3.0308141515294813,3.043573275026135,3.0566047079228493,0.9038753474624537,0.9800726457378082,0.9943157646304254,37.30284297582654,55.15529593500273,72.92255728752019,0.7087826031493665,0.7634464340462674,0.7923869075043932,21.0,44.0,59.0,0.04382156970203925,0.12580709165554416,0.3747038005309083,0.7693079193761192,0.8065440905575462,0.8329708766092789,0.9199884372309675,0.9576337860590334,0.9848561525410436,0.7161458333333334
G066,ANH_275,192000.0,16.0,Audiomoth v1.20,Audiomoth v1.20,2022-03-23,2022-04-11,00:00:00,23:30:00,960.0,60 segundos cada 1800 segundos,Aguas bajas T2,1.5,16.667,16.667,83.333,304.873399253295,309.49624283262676,315.67364305918113,3.0322616283822934,3.0449780577443386,3.0564488697909353,0.6644261886929149,0.8171536272702857,0.931827171845097,16.88767736632418,27.981423356625854,70.65046184136703,0.7282250663572329,0.7919733073892257,0.8350463975239397,9.0,29.0,53.0,0.0017428896831244252,0.023866400600658852,0.1414094068843268,0.8060275900951116,0.8602866414292256,0.9067098116925101,0.8763310532465505,0.9387446851710959,0.9738213405971357,0.4602864583333333
G068,ANH_106,192000.0,16.0,Audiomoth v1.20,Audiomoth v1.20,2022-03-25,2022-04-13,00:00:00,23:30:00,960.0,60 segundos cada 1800 segundos,Aguas bajas T2,1.5,50.0,25.0,50.0,299.778979815076,300.1391499544385,300.5278006970689,3.048980551090901,3.052352886233896,3.0646998589029404,-0.676310720073089,-0.5736812063296954,-0.06452261016369712,6.890006584020293,12.94837232476658,16.234109723403936,0.6241135358382077,0.6477629270256983,0.751631100113075,0.0,1.0,1.0,0.0,0.0,0.0,0.628522297958285,0.6525344940868372,0.7613183958027532,0.9924597425687339,0.993084959286926,0.9939013744801635,0.014322916666666666
G069,ANH_225,192000.0,16.0,Audiomoth v1.20,Audiomoth v1.20,2022-03-24,2022-04-12,00:00:00,23:30:00,960.0,60 segundos cada 1800 segundos,Aguas bajas T2,1.5,0.0,33.333,100.0,303.9151717446924,308.5127772117181,317.417867537373,3.030949475477117,3.0439646132786633,3.0548251678556917,0.674144691937619,0.9365434290162318,0.9755800387367995,23.32183361720991,44.66779382846033,71.69311014796142,0.5560463534401302,0.6760015620815949,0.7948116336719504,6.0,18.0,39.0,0.020877309831418625,0.06181882862779335,0.13732030274186086,0.5679094245473977,0.713587691936278,0.8245853400957353,0.9569137820680501,0.9861163731420443,0.9912979935387662,0.7151692708333334
G070,ANH_160,192000.0,16.0,Audiomoth v1.20,Audiomoth v1.20,2022-03-20,2022-04-08,00:00:00,23:30:00,960.0,60 segundos cada 1800 segundos,Aguas bajas T2,1.5,0.0,16.667,100.0,305.871486156727,312.8249614364142,318.1151663513732,3.0038185451385617,3.0365309468314137,3.0619136831268463,0.12545669826609698,0.44063111800412075,0.8963563597283369,20.026017238864547,44.2871899060336,56.99959471407833,0.6107929755243853,0.7320578519062968,0.7792337287552513,12.0,22.0,34.0,0.00743699943273045,0.0192967781014739,0.05575433296884735,0.6750307079808351,0.7843078242618473,0.819547318119118,0.8915496601858675,0.9572031239939036,0.9767236815889876,0.5305989583333334
G071,ANH_183,192000.0,16.0,Audiomoth v1.20,Audiomoth v1.20,2022-03-20,2022-04-08,00:00:00,23:30:00,960.0,60 segundos cada 1800 segundos,Aguas bajas T2,1.5,0.0,33.333,100.0,304.2407833830997,308.5669466683589,314.56547332822424,3.0156050764325633,3.0370411253694445,3.056967590507839,0.5219189257010314,0.7276413169227869,0.8858751166564496,14.55369085114336,37.25326072142143,49.76054135521481,0.6186517055653062,0.6973811588200515,0.7725704391617737,6.0,16.0,30.0,0.0017789449486354,0.0146026010487056,0.02837177917220605,0.670130837653835,0.7529581806975463,0.8407448998234439,0.911426593442245,0.9566419279852492,0.9760980621093013,0.2890625
G072,ANH_189,192000.0,16.0,Audiomoth v1.20,Audiomoth v1.20,2022-03-22,2022-04-10,00:00:00,23:30:00,960.0,60 segundos cada 1800 segundos,Aguas bajas T2,1.5,33.333,0.0,83.333,304.07172850620185,308.6637783854036,317.9110227932689,3.0274853356163733,3.0431891861150615,3.0578926394591983,0.293744751677866,0.469663011813481,0.7386375303850178,10.31641941221623,20.015833408367385,48.112666675396056,0.615741585904227,0.6879248547041815,0.8023874879886927,2.0,13.0,24.0,0.00012914340555745,0.011234383699698501,0.03303448981143745,0.6588702165633264,0.7596528298131353,0.8924355456939274,0.9004783851596841,0.9536229024740472,0.9802650155983736,0.22200520833333334
G074,ANH_213,192000.0,16.0,Audiomoth v1.20,Audiomoth v1.20,2022-04-01,2022-04-20,00:00:00,23:30:00,960.0,60 segundos cada 1800 segundos,Aguas bajas T2,1.5,0.0,16.667,100.0,310.3633994162639,318.8386706501711,332.03514734605073,3.041600337619464,3.061594278920187,3.0733335664962245,0.8625154889385338,0.9641777253461727,0.9901106836826458,27.00570151421272,39.589203755798714,49.59480499940081,0.7241119516331067,0.7771952453834235,0.810931167301176,13.0,35.0,56.25,0.027243358620092823,0.1017164928584352,0.43069216495043594,0.7632896089345464,0.8066543405945085,0.8416312242571204,0.9448640386541811,0.9727900482152361,0.9886131473179418,0.7822265625
G075,ANH_088,192000.0,16.0,Audiomoth v1.20,Audiomoth v1.20,2022-04-01,2022-04-20,00:00:00,23:30:00,960.0,60 segundos cada 1800 segundos,Aguas bajas T2,1.5,16.667,0.0,83.333,302.15716753545325,305.4073598314303,310.74786426036945,3.0263421816379155,3.0367031319422964,3.0524710980727487,0.8852504315041166,0.9596611573309213,0.9851900566817244,46.64878749834435,80.42221841281979,93.05236246534412,0.7193747214641988,0.7531182352579446,0.7890909664903507,15.75,31.0,46.0,0.03844693145653653,0.0982875278499611,0.21333223200885953,0.743225710469176,0.7731018114155015,0.8180637628806804,0.9623514920041585,0.980280562774497,0.9884258771784842,0.4856770833333333
G076,ANH_240,192000.0,16.0,Audiomoth v1.20,Audiomoth v1.20,2022-03-23,2022-04-11,00:00:00,23:30:00,960.0,60 segundos cada 1800 segundos,Aguas bajas T2,1.5,33.333,0.0,83.333,306.3441477074104,308.95405668004906,313.7892827646649,3.0278782575216256,3.045531516207195,3.063878246815281,0.46002124466151234,0.6506865753640881,0.7901318572004531,18.052354707215365,33.52165275582523,79.37845744949381,0.6845539557368392,0.7412092391969435,0.8048887660358806,6.0,19.0,36.0,0.0010497545182709999,0.0291295952982185,0.07972955491632117,0.7192582914102729,0.7892147149761148,0.8838494908522785,0.9127767694719463,0.96558641674403,0.9836003519173085,0.4108072916666667
G077,ANH_166,192000.0,16.0,Audiomoth v1.20,Audiomoth v1.20,2022-03-25,2022-04-13,00:00:00,23:30:00,960.0,60 segundos cada 1800 segundos,Aguas bajas T2,1.5,0.0,0.0,100.0,305.21382480680154,312.9873961164387,320.74340665725504,2.942722337980097,3.0322119722474428,3.043038194792487,0.5188721279715595,0.8878549315444138,0.9590678254098347,37.00364100943327,52.30246899786399,61.01700391755334,0.6129290510943453,0.6720264582323621,0.7624610133354168,13.0,20.0,35.0,0.027164255552729374,0.0782788221422159,0.12155409994257373,0.6251680524425645,0.6880462740222768,0.7779138940940447,0.9629704015947367,0.9904155639682792,0.9934701349632211,0.5641276041666666
G078,ANH_279,192000.0,16.0,Audiomoth v1.20,Audiomoth v1.20,2022-03-27,2022-04-15,00:00:00,23:30:00,960.0,60 segundos cada 1800 segundos,Aguas bajas T2,1.5,33.333,16.667,83.333,302.1010397233223,312.3185023001033,338.3975048596398,3.0473418436393254,3.06386717853713,3.0755048981047235,0.4691365535767281,0.7924339168093559,0.9444524458691517,7.290780355011508,19.72943407722245,41.879092732825,0.6568280484763536,0.7668252312763729,0.8254102972545205,1.0,4.0,26.0,8.740670426903084e-07,0.0013679149218102501,0.0348298235171234,0.744994966275274,0.816122069202544,0.8805101861234553,0.9187825860381615,0.9700746883593263,0.9873769069920636,0.404296875
G079,ANH_227,192000.0,16.0,Audiomoth v1.20,Audiomoth v1.20,2022-03-27,2022-04-15,00:00:00,23:30:00,960.0,60 segundos cada 1800 segundos,Aguas bajas T2,1.5,33.333,0.0,83.333,303.3472438012475,306.16341001882324,313.142297866262,3.046652116661879,3.0573597146752114,3.0712413523631477,0.8640523548954215,0.9743851425980273,0.9964488218621437,14.889090666943005,31.34087025415291,68.46739750084458,0.7750441645624002,0.8002073844789347,0.8314731216285804,5.0,18.0,45.0,0.002343592258213375,0.0337520988534862,0.4166161892949513,0.7976732117246155,0.8217941399731579,0.8539298725169024,0.9573894075329804,0.9785627724948962,0.9893375541071391,0.5823567708333334
G080,ANH_253,192000.0,16.0,Audiomoth v1.20,Audiomoth v1.20,2022-03-23,2022-04-11,00:00:00,23:30:00,960.0,60 segundos cada 1800 segundos,Aguas bajas T2,1.5,16.667,0.0,100.0,310.1123970120086,316.6285233785919,324.0203966696663,3.009386630643101,3.0335481322888356,3.0548240464699687,0.8700385150754731,0.9470678674049229,0.9740291155561486,26.9183730359657,42.387871326683275,67.05190656555351,0.6659742474683066,0.7343680155877955,0.7755751133765278,13.0,33.0,50.0,0.01002380084557245,0.0593976629195412,0.10349259708918188,0.7272191353493953,0.782213761855401,0.8270367450201339,0.9083958129631771,0.9406413803443043,0.9677596563987722,0.6009114583333334
G081,ANH_212,192000.0,16.0,Audiomoth v1.20,Audiomoth v1.20,2022-03-28,2022-04-16,00:00:00,23:30:00,960.0,60 segundos cada 1800 segundos,Aguas bajas T2,1.5,0.0,0.0,100.0,307.03417665950565,314.5686238853416,327.6500105476205,3.050299032093522,3.0648878410750378,3.075717058183308,0.9282799821177472,0.984328939712142,0.994142233863942,27.415858733236607,47.34711406394619,60.39862741963584,0.6816005758222405,0.7821623196228691,0.820960006482443,9.0,32.0,58.0,0.027072697030007548,0.0950220133784701,0.4230189488994185,0.7157266962347215,0.832460753020118,0.8568875502949953,0.9384950404748228,0.9678216152381679,0.9888788800711719,0.7718098958333334
G028,ANH_031,192000.0,16.0,Audiomoth v1.20,Audiomoth v1.20,2022-03-28,2022-04-16,00:00:00,23:30:00,960.0,60 segundos cada 1800 segundos,Aguas bajas T2,1.5,0.0,50.0,100.0,301.20457766987704,304.7206555156671,311.95092241736734,3.03385954095792,3.044856796828176,3.0576608306538398,0.7149441751245633,0.8966096274446118,0.9592388112825958,35.13243524572964,53.366846996772985,79.59025577656513,0.6507745368169191,0.6972832869237082,0.7348368330743607,11.0,17.0,25.0,0.022103625892313176,0.0547021747662089,0.0827750230098149,0.6687289955705442,0.7181383711736073,0.7590332512898067,0.9691434427690541,0.9878788812659596,0.9927037910251733,0.4501953125
G082,ANH_283,192000.0,16.0,Audiomoth v1.20,Audiomoth v1.20,2022-03-25,2022-04-13,00:00:00,23:30:00,960.0,60 segundos cada 1800 segundos,Aguas bajas T2,1.5,33.333,16.667,83.333,310.86914163308836,318.6649778084918,329.35108087253803,3.0224813109346833,3.0346960026688343,3.0447165312310167,0.5023971828322085,0.7846682290369468,0.901928499794828,14.828166935022702,34.937577337306905,50.507749194608714,0.5871042910307946,0.6562196394743312,0.7229545705045719,5.0,10.0,16.0,0.0007838196205324751,0.01209927303844055,0.028873930688231627,0.6196436799783296,0.6933139602630525,0.788186400713394,0.9147005306582204,0.9668882590292593,0.9847364873061231,0.2955729166666667
G083,ANH_336,192000.0,16.0,Audiomoth v1.20,Audiomoth v1.20,2022-03-27,2022-04-15,00:00:00,23:30:00,960.0,60 segundos cada 1800 segundos,Aguas bajas T2,1.5,33.333,33.333,66.667,304.4451440316946,310.543254697185,315.53736468639636,3.0299397161163415,3.042829708442027,3.061612096910787,0.4830087807327069,0.687893490666676,0.8460284925902177,28.90344071237262,46.97533048739713,65.51601172617393,0.7195398265325632,0.7669877000830084,0.8141102630760008,10.0,33.0,49.0,0.00725737865545755,0.0413582302589773,0.09218894357635017,0.7668414892665111,0.8133207038408685,0.8631956463297784,0.9236220088029627,0.9613643425200299,0.9797142361292017,0.474609375
G084,ANH_101,192000.0,16.0,Audiomoth v1.20,Audiomoth v1.20,2022-03-31,2022-04-19,00:00:00,23:30:00,960.0,60 segundos cada 1800 segundos,Aguas bajas T2,1.5,33.333,0.0,100.0,308.56046076462,313.1498047078974,321.42998516936234,3.031746367122602,3.048819671375049,3.0682770336785223,0.2584449042526415,0.4755511947564429,0.6568090010439874,11.26503058193407,31.618748456900207,62.180219003466796,0.6066787379220612,0.7027506270988422,0.770890750877292,7.0,26.0,51.0,0.001633412786027475,0.028201773132402748,0.05506163483751528,0.6639912220168159,0.777678259701851,0.8622883561839748,0.8901436890687574,0.9424932414571097,0.970824378027763,0.5227864583333334
G086,ANH_363,192000.0,16.0,Audiomoth v1.20,Audiomoth v1.20,2022-03-26,2022-04-14,00:00:00,23:30:00,960.0,60 segundos cada 1800 segundos,Aguas bajas T2,1.5,16.667,16.667,83.333,307.9602585579821,311.9244170404005,316.9177984540179,3.0190839680421635,3.035655074914054,3.0457776283790237,0.3746679872901013,0.6192175745387993,0.8546765367636896,11.805411342084355,23.235849791042202,60.699229533803376,0.6712284934362349,0.7402723346135622,0.8127733462653144,2.0,9.0,28.0,6.905129637253437e-05,0.00559796237491,0.030855659190771226,0.7031407774048127,0.7862737931194335,0.8777994635669215,0.9150086393725835,0.9558649510403515,0.9764134271201083,0.2770182291666667
G087,ANH_233,192000.0,16.0,Audiomoth v1.20,Audiomoth v1.20,2022-04-01,2022-04-20,00:00:00,23:30:00,960.0,60 segundos cada 1800 segundos,Aguas bajas T2,1.5,16.667,0.0,100.0,306.16782169412403,311.22398548587336,319.0235043761726,3.012101797256653,3.0306262026986666,3.0442018508023763,0.493204530145955,0.8483188571658257,0.9440083392004882,14.361979810717234,37.97289023984571,56.05696856299344,0.6055318675651434,0.6856116734401114,0.770463793316854,6.0,18.0,36.0,0.001151364811983775,0.022763327992783647,0.0432829258869813,0.6357359203970809,0.7584914388811743,0.8341249692299504,0.908407408996704,0.9557156957015329,0.9752486721414126,0.22037760416666666
G088,ANH_095,192000.0,16.0,Audiomoth v1.20,Audiomoth v1.20,2022-03-19,2022-04-07,00:00:00,23:30:00,960.0,60 segundos cada 1800 segundos,Aguas bajas T2,1.5,0.0,16.667,100.0,307.1576068102923,310.99791442402267,317.6488762932751,3.010251691017836,3.0296506256395164,3.041344718816209,0.3051959032640177,0.5688072187662434,0.7571119086749184,12.815835159699652,29.615369881314784,50.585939731985974,0.5882274790293879,0.679660523353568,0.7552846220056193,4.0,10.0,15.0,0.00022157599532195,0.0101085853487134,0.0239173150058955,0.6275868880741577,0.7159160049413766,0.799667491111316,0.922882994766861,0.9643015035445518,0.9813018794877462,0.2649739583333333
G089,ANH_197,192000.0,16.0,Audiomoth v1.20,Audiomoth v1.20,2022-03-25,2022-04-13,00:00:00,23:30:00,960.0,60 segundos cada 1800 segundos,Aguas bajas T2,1.5,33.333,16.667,83.333,300.29477924150234,302.9910416034097,309.22410952914527,2.990232870140769,3.0203902996939807,3.0323684285953956,0.7192136800641219,0.8793522429936278,0.9776475617998925,31.749150340390337,42.07522945793521,56.43071269030364,0.5251808079824528,0.618828195409848,0.6981763733426828,8.0,13.0,21.0,0.028666776799114026,0.0418957814902318,0.06275692108136076,0.5376103294257654,0.6433291090862588,0.715622294649895,0.9691784620899183,0.9828475558335338,0.9889106647493665,0.4908854166666667
G090,ANH_231,192000.0,16.0,Audiomoth v1.20,Audiomoth v1.20,2022-03-24,2022-04-12,00:00:00,23:30:00,960.0,60 segundos cada 1800 segundos,Aguas bajas T2,1.5,33.333,16.667,66.667,305.4244914401189,311.1415407777202,319.34256926428213,3.029422782470958,3.042589336146433,3.061718532843839,0.21122214757920366,0.37223345347961606,0.6537640472634554,16.484207117774066,36.156209789237586,49.82085745570102,0.6048646221475805,0.7019492121969833,0.7926335979148453,9.0,19.0,34.0,0.00256757193790275,0.018055602900853653,0.03622199379936832,0.6765400702707827,0.7789547893653029,0.8865707647177209,0.8802764832457425,0.9483521881683319,0.9774272092937142,0.3733723958333333
G091,ANH_317,192000.0,16.0,Audiomoth v1.20,Audiomoth v1.20,2022-03-27,2022-04-15,00:00:00,23:30:00,960.0,60 segundos cada 1800 segundos,Aguas bajas T2,1.5,16.667,50.0,83.333,303.75163028615776,307.3355889413265,312.88768809837387,3.0338583175212226,3.045567709482712,3.059029368957943,0.3996097202972209,0.6230119902599158,0.9733795748216845,34.295160581151016,59.201924921122334,76.80887043388829,0.6912580061196607,0.754294811503651,0.7896261582284073,9.0,19.0,32.0,0.01017392186015445,0.0461690952619447,0.10932612053209705,0.7265848960406844,0.7855485731732712,0.8166094202753467,0.9470856075802428,0.9791668894674117,0.9901301269012915,0.478515625
G092,ANH_135,192000.0,16.0,Audiomoth v1.20,Audiomoth v1.20,2022-03-30,2022-04-18,00:00:00,23:30:00,960.0,60 segundos cada 1800 segundos,Aguas bajas T2,1.5,33.333,16.667,83.333,306.5519252186301,313.03835025654064,323.93167767311695,3.0317388298055565,3.0474974138824793,3.0599030992373084,0.4518345684577203,0.8019817254033925,0.9589309377226731,14.722953782667577,29.17260350382906,63.509398195710254,0.6309805938318784,0.7417711733988483,0.7930140205823892,6.0,20.0,50.0,0.000970432934146825,0.0125017809115994,0.17599339904569355,0.7674423829688156,0.8131089212664364,0.8553668637711569,0.8460274293211308,0.937438106460273,0.9713073570818429,0.580078125
G098,ANH_208,192000.0,16.0,Audiomoth v1.20,Audiomoth v1.20,2022-03-23,2022-04-11,00:00:00,23:30:00,960.0,60 segundos cada 1800 segundos,Aguas bajas T2,1.5,25.0,25.0,75.0,299.7569561197945,300.0633801281242,300.44458386631703,3.066954937366929,3.0859696015321756,3.0871087502782046,-0.0363642054699431,-0.0157651610542775,0.05305664044056602,4.22770331449678,5.320430738773139,8.19367848693171,0.7920623559563797,0.8723965207739552,0.8773195025588549,0.0,0.0,1.0,0.0,0.0,0.0,0.8115671791592993,0.876890276618658,0.8822741223804271,0.9898344792714535,0.996244789419755,0.9965471011152297,0.06608072916666667
G094,ANH_226,192000.0,16.0,Audiomoth v1.20,Audiomoth v1.20,2022-03-30,2022-04-18,00:00:00,23:30:00,960.0,60 segundos cada 1800 segundos,Aguas bajas T2,1.5,50.0,16.667,66.667,304.7461359173642,308.0882040460897,313.29331386987235,3.0437716504924257,3.0665047825819522,3.0814521407632953,0.6712693038653297,0.9481959826791924,0.9890054765717283,13.697512335397715,30.628442474018073,65.0513599030811,0.7059416048561138,0.7782055092017546,0.8080262947123746,11.0,28.0,56.0,0.00789260687873275,0.06242849039006985,0.2115961163453159,0.7677478737966759,0.8140255238501726,0.8353750807754023,0.9301973534707751,0.9625081080393942,0.9816985943596849,0.8707682291666666
G095,ANH_109,192000.0,16.0,Audiomoth v1.20,Audiomoth v1.20,2022-03-29,2022-04-17,00:00:00,23:30:00,960.0,60 segundos cada 1800 segundos,Aguas bajas T2,1.5,16.667,0.0,100.0,305.0044045208932,308.8651863099531,315.3733401839519,3.0368664064735578,3.0487843936028,3.0642068391812645,0.5693445355900523,0.7239595197304465,0.8360785509826065,36.54033260441669,47.55937746722967,58.001602801315435,0.7199725974677719,0.7615092901329691,0.7927469065307187,8.0,14.0,21.0,0.0052339134516295,0.0163738979107175,0.03518928358842975,0.7342127994249662,0.7764697334934078,0.809910634064109,0.9742538010925978,0.9877133721519036,0.9924522644518468,0.4684244791666667
G096,ANH_256,192000.0,16.0,Audiomoth v1.20,Audiomoth v1.20,2022-03-31,2022-04-19,00:00:00,23:30:00,960.0,60 segundos cada 1800 segundos,Aguas bajas T2,1.5,16.667,0.0,100.0,303.799462321993,309.14207214196045,318.6288619788881,3.0472799287079715,3.0594784144918785,3.0703276949189973,0.8191532876400294,0.9443002978245025,0.9892141872806932,31.891675246403814,64.47002647815816,77.20475521338726,0.734076734417143,0.7855302578925764,0.8262553212982974,18.0,40.5,52.0,0.014276355525021425,0.0844431799607893,0.2979736066715789,0.79135495374525,0.8298545140382052,0.8677154694156107,0.9172310860457781,0.9616886353581159,0.9821010077355613,0.6770833333333334
G097,ANH_290,192000.0,16.0,Audiomoth v1.20,Audiomoth v1.20,2022-03-22,2022-04-10,00:00:00,23:30:00,960.0,60 segundos cada 1800 segundos,Aguas bajas T2,1.5,0.0,50.0,100.0,298.27789410568397,302.59694728703306,310.6861361996555,2.989556374381856,3.0210058625065175,3.0393760160173326,0.4294694456220796,0.8324699364137705,0.9291605176905232,31.28564257978915,46.865149045755004,65.8079941257547,0.5943082938760551,0.6401673486379409,0.6964496586301252,12.0,20.0,33.0,0.03904326369641198,0.067214881515842,0.09321772048559665,0.6105667684511522,0.6584373555435497,0.7296414789934822,0.9525256363342431,0.9806454280622836,0.9896514756268362,0.4654947916666667
G099,ANH_229,192000.0,16.0,Audiomoth v1.20,Audiomoth v1.20,2022-03-23,2022-04-11,00:00:00,23:30:00,960.0,60 segundos cada 1800 segundos,Aguas bajas T2,1.5,16.667,16.667,83.333,304.03792792707327,307.07092932601057,311.7899141393875,3.027582426981926,3.0446822965103237,3.0576916295119476,0.5966814781922718,0.8553936282476519,0.9339940396636445,30.001518220751258,44.27728859473288,82.72044603005345,0.639734106884561,0.7096608104819273,0.7775629931763169,6.0,20.5,47.0,0.0029606835903527,0.0269090279762638,0.12114678470068008,0.6821003583937248,0.752682112384144,0.8115208759437451,0.9470271742446472,0.977421351356371,0.9860306511000645,0.48828125
G100,ANH_066,192000.0,16.0,Audiomoth v1.20,Audiomoth v1.20,2022-04-01,2022-04-20,00:00:00,23:30:00,960.0,60 segundos cada 1800 segundos,Aguas bajas T2,1.5,0.0,0.0,100.0,301.7559821137742,304.80988134750004,311.5120429804476,3.065519783569601,3.0828073196664323,3.0880698985692523,0.45096073552353605,0.7409799043180716,0.8963958183821111,13.533233281632842,20.588619552681468,28.12217867162418,0.7700622886301663,0.8427462341551609,0.8808450837262426,0.0,1.0,6.0,0.0,2.4473877195328637e-05,0.001498150911171125,0.8038109656694412,0.8688185831433544,0.8998058316343829,0.9681907051286115,0.9860559854342017,0.9933213772851017,0.4423828125
